submission_number,authorization_pathway,final_decision_date,decision_year,decision_quarter,device_name,company_name,fda_panel,primary_product_code,authorization_detail_matched,detail_device_name,detail_applicant,date_received,review_days,decision_code,decision_description,clearance_type,third_party_flag,expedited_review_flag,denovo_request_type,predetermined_change_control_plan_authorized,statement_or_summary_available,classification_name,device_class,regulation_number,medical_specialty,medical_specialty_description,review_panel,implant_flag,life_sustain_support_flag,gmp_exempt_flag,classification_third_party_flag,summary_malfunction_reporting,linked_recall_records,linked_recall_events,open_recall_records,closed_recall_records,first_recall_initiated_date,latest_recall_initiated_date,days_to_first_recall,has_linked_recall,recall_linkage_method,source_snapshot_date,fda_ai_list_url
K254207,510(k),2026-03-30,2026,Q1,AiORTA - Plan v2.0,"ViTAA Medical Solutions, Inc.",Radiology,QIH,1,AiORTA - Plan v2.0,"ViTAA Medical Solutions, Inc.",2025-12-29,91,SESE,Substantially Equivalent,Traditional,N,,,,1,Automated Radiological Image Processing Software,2,892.2050,RA,Radiology,RA,N,N,N,N,Ineligible,0,0,0,0,,,,0,exact_submission_number_only,2026-07-31,https://www.fda.gov/medical-devices/software-medical-device-samd/artificial-intelligence-enabled-medical-devices
K252360,510(k),2026-03-28,2026,Q1,ECG-AI Pulmonary Hypertension (PH) 12-Lead algorithm (1020),"Anumana, Inc.",Cardiovascular,SAT,1,ECG-AI Pulmonary Hypertension (PH) 12-Lead algorithm (1020),"Anumana, Inc.",2025-07-29,242,SESE,Substantially Equivalent,Traditional,N,,,,1,Pulmonary Hypertension Machine Learning-Based Notification Software,2,870.2380,CV,Cardiovascular,CV,N,N,N,N,Ineligible,0,0,0,0,,,,0,exact_submission_number_only,2026-07-31,https://www.fda.gov/medical-devices/software-medical-device-samd/artificial-intelligence-enabled-medical-devices
K252148,510(k),2026-03-27,2026,Q1,Butterfly Gestational Age Tool,"Butterfly Network, Inc.",Radiology,IYN,1,Butterfly Gestational Age Tool,"Butterfly Network, Inc.",2025-07-09,261,SESE,Substantially Equivalent,Traditional,N,,,,1,"System, Imaging, Pulsed Doppler, Ultrasonic",2,892.1550,RA,Radiology,RA,N,N,N,Y,Eligible,0,0,0,0,,,,0,exact_submission_number_only,2026-07-31,https://www.fda.gov/medical-devices/software-medical-device-samd/artificial-intelligence-enabled-medical-devices
K253270,510(k),2026-03-27,2026,Q1,Contour ProtégéAI+,"Mim Software, Inc.",Radiology,QKB,1,Contour ProtégéAI+,"Mim Software, Inc.",2025-09-29,179,SESE,Substantially Equivalent,Traditional,N,,,,1,Radiological Image Processing Software For Radiation Therapy,2,892.2050,RA,Radiology,RA,N,N,N,N,Ineligible,0,0,0,0,,,,0,exact_submission_number_only,2026-07-31,https://www.fda.gov/medical-devices/software-medical-device-samd/artificial-intelligence-enabled-medical-devices
K253595,510(k),2026-03-27,2026,Q1,"EPIQ Series Diagnostic Ultrasound System, Affiniti Series Diagnostic Ultrasound System","Philips Ultrasound, LLC",Radiology,IYN,1,"EPIQ Series Diagnostic Ultrasound System, Affiniti Series Diagnostic Ultrasound System","Philips Ultrasound, LLC",2025-11-18,129,SESE,Substantially Equivalent,Traditional,N,,,,1,"System, Imaging, Pulsed Doppler, Ultrasonic",2,892.1550,RA,Radiology,RA,N,N,N,Y,Eligible,0,0,0,0,,,,0,exact_submission_number_only,2026-07-31,https://www.fda.gov/medical-devices/software-medical-device-samd/artificial-intelligence-enabled-medical-devices
K253625,510(k),2026-03-27,2026,Q1,"Vantage Fortian/Orian 1.5T, MRT-1550, V10.0 with AiCE Reconstruction Processing Unit for MR",Canon Medical Systems Corporation,Radiology,LNH,1,"Vantage Fortian/Orian 1.5T, MRT-1550, V10.0 with AiCE Reconstruction Processing Unit for MR",Canon Medical Systems Corporation,2025-11-18,129,SESE,Substantially Equivalent,Traditional,N,,,,1,"System, Nuclear Magnetic Resonance Imaging",2,892.1000,RA,Radiology,RA,N,N,N,Y,Eligible,0,0,0,0,,,,0,exact_submission_number_only,2026-07-31,https://www.fda.gov/medical-devices/software-medical-device-samd/artificial-intelligence-enabled-medical-devices
K253649,510(k),2026-03-27,2026,Q1,Spectral CT Verida Family,"Philips Medical Systems Technologies , Ltd.",Radiology,JAK,1,Spectral CT Verida Family,"Philips Medical Systems Technologies , Ltd.",2025-11-20,127,SESE,Substantially Equivalent,Traditional,N,,,,1,"System, X-Ray, Tomography, Computed",2,892.1750,RA,Radiology,RA,N,N,N,Y,Eligible,0,0,0,0,,,,0,exact_submission_number_only,2026-07-31,https://www.fda.gov/medical-devices/software-medical-device-samd/artificial-intelligence-enabled-medical-devices
K254161,510(k),2026-03-27,2026,Q1,Automated Aortic Stenosis Software (AutoAS),"GE Medical Systems Ultrasound & Primary Care Diagnostics, LLC",Radiology,POK,1,Automated Aortic Stenosis Software (AutoAS),"GE Medical Systems Ultrasound & Primary Care Diagnostics, LLC",2025-12-22,95,SESE,Substantially Equivalent,Traditional,N,,,,1,Computer-Assisted Diagnostic Software For Lesions Suspicious For Cancer,2,892.2060,RA,Radiology,RA,N,N,N,N,Eligible,0,0,0,0,,,,0,exact_submission_number_only,2026-07-31,https://www.fda.gov/medical-devices/software-medical-device-samd/artificial-intelligence-enabled-medical-devices
K260746,510(k),2026-03-27,2026,Q1,S-scan Open (100001800),"Esaote, S.p.A.",Radiology,LNH,1,S-scan Open (100001800),"Esaote, S.p.A.",2026-03-06,21,SESE,Substantially Equivalent,Special,N,,,,1,"System, Nuclear Magnetic Resonance Imaging",2,892.1000,RA,Radiology,RA,N,N,N,Y,Eligible,0,0,0,0,,,,0,exact_submission_number_only,2026-07-31,https://www.fda.gov/medical-devices/software-medical-device-samd/artificial-intelligence-enabled-medical-devices
K253379,510(k),2026-03-26,2026,Q1,Stealth AXiS Cranial clinical application,"Medtronic Navigation, Inc.",Neurology,HAW,1,Stealth AXiS Cranial clinical application,"Medtronic Navigation, Inc.",2025-09-30,177,SESE,Substantially Equivalent,Traditional,N,,,,1,Neurological Stereotaxic Instrument,2,882.4560,NE,Neurology,NE,N,N,N,N,Ineligible,0,0,0,0,,,,0,exact_submission_number_only,2026-07-31,https://www.fda.gov/medical-devices/software-medical-device-samd/artificial-intelligence-enabled-medical-devices
K253775,510(k),2026-03-26,2026,Q1,SwiftMR,"Airs Medical, Inc.",Radiology,QIH,1,SwiftMR,"Airs Medical, Inc.",2025-11-26,120,SESE,Substantially Equivalent,Traditional,N,,,,1,Automated Radiological Image Processing Software,2,892.2050,RA,Radiology,RA,N,N,N,N,Ineligible,0,0,0,0,,,,0,exact_submission_number_only,2026-07-31,https://www.fda.gov/medical-devices/software-medical-device-samd/artificial-intelligence-enabled-medical-devices
K253796,510(k),2026-03-26,2026,Q1,Lunit INSIGHT DBT (V1.2),"Lunit, Inc.",Radiology,QDQ,1,Lunit INSIGHT DBT (V1.2),"Lunit, Inc.",2025-11-28,118,SESE,Substantially Equivalent,Traditional,N,,,,1,Radiological Computer Assisted Detection/Diagnosis Software For Lesions Suspicious For Cancer,2,892.2090,RA,Radiology,RA,N,N,N,N,Ineligible,0,0,0,0,,,,0,exact_submission_number_only,2026-07-31,https://www.fda.gov/medical-devices/software-medical-device-samd/artificial-intelligence-enabled-medical-devices
K252099,510(k),2026-03-24,2026,Q1,Trinias,Shimadzu Corporation,Radiology,OWB,1,Trinias,Shimadzu Corporation,2025-07-03,264,SESE,Substantially Equivalent,Abbreviated,N,,,,1,Interventional Fluoroscopic X-Ray System,2,892.1650,RA,Radiology,RA,N,N,N,Y,Eligible,0,0,0,0,,,,0,exact_submission_number_only,2026-07-31,https://www.fda.gov/medical-devices/software-medical-device-samd/artificial-intelligence-enabled-medical-devices
K252421,510(k),2026-03-24,2026,Q1,JLK-NCCT,"JLK, Inc.",Radiology,QAS,1,JLK-NCCT,"JLK, Inc.",2025-08-01,235,SESE,Substantially Equivalent,Traditional,N,,,,1,Radiological Computer-Assisted Triage And Notification Software,2,892.2080,RA,Radiology,RA,N,N,N,N,Ineligible,0,0,0,0,,,,0,exact_submission_number_only,2026-07-31,https://www.fda.gov/medical-devices/software-medical-device-samd/artificial-intelligence-enabled-medical-devices
K260673,510(k),2026-03-24,2026,Q1,LOGIQ Vita; LOGIQ Vita Pro; LOGIQ Vita Express; LOGIQ Vita Plus; LOGIQ Vita Power; LOGIQ S20; LOGIQ S20 Pro; LOGIQ S20 Express; LOGIQ S20 Plus; LOGIQ S20 Power,GE Medical Systems Ultrasound and Primary Care Diagnostics,Radiology,IYN,1,LOGIQ Vita; LOGIQ Vita Pro; LOGIQ Vita Express; LOGIQ Vita Plus; LOGIQ Vita Power; LOGIQ S20; LOGIQ S20 Pro; LOGIQ S20 Express; LOGIQ S20 Plus; LOGIQ S20 Power,GE Medical Systems Ultrasound and Primary Care Diagnostics,2026-03-02,22,SESE,Substantially Equivalent,Traditional,N,,,,1,"System, Imaging, Pulsed Doppler, Ultrasonic",2,892.1550,RA,Radiology,RA,N,N,N,Y,Eligible,0,0,0,0,,,,0,exact_submission_number_only,2026-07-31,https://www.fda.gov/medical-devices/software-medical-device-samd/artificial-intelligence-enabled-medical-devices
K252992,510(k),2026-03-23,2026,Q1,CT Rembra RT; CT Areta RT; CT Rembra,"Philips Healthcare (Suzhou) Co., Ltd.",Radiology,JAK,1,CT Rembra RT; CT Areta RT; CT Rembra,"Philips Healthcare (Suzhou) Co., Ltd.",2025-09-18,186,SESE,Substantially Equivalent,Traditional,N,,,,1,"System, X-Ray, Tomography, Computed",2,892.1750,RA,Radiology,RA,N,N,N,Y,Eligible,0,0,0,0,,,,0,exact_submission_number_only,2026-07-31,https://www.fda.gov/medical-devices/software-medical-device-samd/artificial-intelligence-enabled-medical-devices
K253686,510(k),2026-03-23,2026,Q1,True Definition DL,Ge Healthcare Japan Corporation,Radiology,JAK,1,True Definition DL,Ge Healthcare Japan Corporation,2025-11-21,122,SESE,Substantially Equivalent,Traditional,N,,,,1,"System, X-Ray, Tomography, Computed",2,892.1750,RA,Radiology,RA,N,N,N,Y,Eligible,0,0,0,0,,,,0,exact_submission_number_only,2026-07-31,https://www.fda.gov/medical-devices/software-medical-device-samd/artificial-intelligence-enabled-medical-devices
K253520,510(k),2026-03-20,2026,Q1,"Photonova Spectra, Photonova Spectra Select","Ge Medical Systems, LLC",Radiology,JAK,1,"Photonova Spectra, Photonova Spectra Select","Ge Medical Systems, LLC",2025-11-12,128,SESE,Substantially Equivalent,Traditional,N,,,,1,"System, X-Ray, Tomography, Computed",2,892.1750,RA,Radiology,RA,N,N,N,Y,Eligible,0,0,0,0,,,,0,exact_submission_number_only,2026-07-31,https://www.fda.gov/medical-devices/software-medical-device-samd/artificial-intelligence-enabled-medical-devices
K253574,510(k),2026-03-20,2026,Q1,SOMATOM X.cite; SOMATOM X.ceed,"Siemens Medical Solutions USA, Inc.",Radiology,JAK,1,SOMATOM X.cite; SOMATOM X.ceed,"Siemens Medical Solutions USA, Inc.",2025-11-17,123,SESE,Substantially Equivalent,Traditional,N,,,,1,"System, X-Ray, Tomography, Computed",2,892.1750,RA,Radiology,RA,N,N,N,Y,Eligible,0,0,0,0,,,,0,exact_submission_number_only,2026-07-31,https://www.fda.gov/medical-devices/software-medical-device-samd/artificial-intelligence-enabled-medical-devices
K260509,510(k),2026-03-19,2026,Q1,AutoContour (RADAC V5),"Radformation, Inc.",Radiology,QKB,1,AutoContour (RADAC V5),"Radformation, Inc.",2026-02-17,30,SESE,Substantially Equivalent,Special,N,,,,1,Radiological Image Processing Software For Radiation Therapy,2,892.2050,RA,Radiology,RA,N,N,N,N,Ineligible,0,0,0,0,,,,0,exact_submission_number_only,2026-07-31,https://www.fda.gov/medical-devices/software-medical-device-samd/artificial-intelligence-enabled-medical-devices
K252304,510(k),2026-03-18,2026,Q1,syngo.via RT Image Suite VC10,"Varian Medical Systems, Inc.",Radiology,MUJ,1,syngo.via RT Image Suite VC10,"Varian Medical Systems, Inc.",2025-07-24,237,SESE,Substantially Equivalent,Traditional,N,,,,1,"System, Planning, Radiation Therapy Treatment",2,892.5050,RA,Radiology,RA,N,N,N,N,Eligible,0,0,0,0,,,,0,exact_submission_number_only,2026-07-31,https://www.fda.gov/medical-devices/software-medical-device-samd/artificial-intelligence-enabled-medical-devices
DEN250014,De Novo,2026-03-17,2026,Q1,Tyto Insights for Eardrum Bulging Detection,"Tyto Care , Ltd.",Ear Nose & Throat,SHL,1,Tyto Insights for Eardrum Bulging Detection,"tyto care , ltd.",2025-04-21,330,DENG,Granted,,,,Direct,Y,1,"Ear, Nose, And Throat Image Analyzer",2,874.4775,EN,"Ear, Nose, Throat",EN,N,N,N,N,Ineligible,0,0,0,0,,,,0,exact_submission_number_only,2026-07-31,https://www.fda.gov/medical-devices/software-medical-device-samd/artificial-intelligence-enabled-medical-devices
K253614,510(k),2026-03-17,2026,Q1,EchoNavigator R5.0,Philips Medical Systems Nederland B.V.,Radiology,QIH,1,EchoNavigator R5.0,Philips Medical Systems Nederland B.V.,2025-11-18,119,SESE,Substantially Equivalent,Traditional,N,,,,1,Automated Radiological Image Processing Software,2,892.2050,RA,Radiology,RA,N,N,N,N,Ineligible,0,0,0,0,,,,0,exact_submission_number_only,2026-07-31,https://www.fda.gov/medical-devices/software-medical-device-samd/artificial-intelligence-enabled-medical-devices
K252282,510(k),2026-03-16,2026,Q1,SurgiCount+ System,Stryker Instruments,General Hospital,PBZ,1,SurgiCount+ System,Stryker Instruments,2025-07-22,237,SESE,Substantially Equivalent,Traditional,N,,,,1,Image Processing Device For Estimation Of External Blood Loss,2,880.2750,HO,General Hospital,SU,N,N,N,N,Eligible,0,0,0,0,,,,0,exact_submission_number_only,2026-07-31,https://www.fda.gov/medical-devices/software-medical-device-samd/artificial-intelligence-enabled-medical-devices
K252433,510(k),2026-03-16,2026,Q1,Sonio Detect  (v3),Sonio,Radiology,IYN,1,Sonio Detect  (v3),Sonio,2025-08-01,227,SESE,Substantially Equivalent,Traditional,N,,,,1,"System, Imaging, Pulsed Doppler, Ultrasonic",2,892.1550,RA,Radiology,RA,N,N,N,Y,Eligible,0,0,0,0,,,,0,exact_submission_number_only,2026-07-31,https://www.fda.gov/medical-devices/software-medical-device-samd/artificial-intelligence-enabled-medical-devices
K253944,510(k),2026-03-16,2026,Q1,Data Analysis Facilitation Suite (DAFS),Voronoi Health Analytics Incorporated,Radiology,QIH,1,Data Analysis Facilitation Suite (DAFS),Voronoi Health Analytics Incorporated,2025-12-10,96,SESE,Substantially Equivalent,Traditional,N,,,,1,Automated Radiological Image Processing Software,2,892.2050,RA,Radiology,RA,N,N,N,N,Ineligible,0,0,0,0,,,,0,exact_submission_number_only,2026-07-31,https://www.fda.gov/medical-devices/software-medical-device-samd/artificial-intelligence-enabled-medical-devices
K252261,510(k),2026-03-13,2026,Q1,InferCare RECIST,"Beijing Infervision Healthcare Medical Technology Co., Ltd.",Radiology,QIH,1,InferCare RECIST,"Beijing Infervision Healthcare Medical Technology Co., Ltd.",2025-07-21,235,SESE,Substantially Equivalent,Traditional,N,,,,1,Automated Radiological Image Processing Software,2,892.2050,RA,Radiology,RA,N,N,N,N,Ineligible,0,0,0,0,,,,0,exact_submission_number_only,2026-07-31,https://www.fda.gov/medical-devices/software-medical-device-samd/artificial-intelligence-enabled-medical-devices
K260078,510(k),2026-03-13,2026,Q1,Aquilion ServeSP (TSX-307B) V2.0,Canon Medical Systems Corporation,Radiology,JAK,1,Aquilion ServeSP (TSX-307B) V2.0,Canon Medical Systems Corporation,2026-01-12,60,SESE,Substantially Equivalent,Traditional,N,,,,1,"System, X-Ray, Tomography, Computed",2,892.1750,RA,Radiology,RA,N,N,N,Y,Eligible,0,0,0,0,,,,0,exact_submission_number_only,2026-07-31,https://www.fda.gov/medical-devices/software-medical-device-samd/artificial-intelligence-enabled-medical-devices
K250655,510(k),2026-03-12,2026,Q1,Deep Capsule® (Deep Capsule US),Digestaid - Artificial Intelligence Development SA,Gastroenterology-Urology,QZF,1,Deep Capsule® (Deep Capsule US),Digestaid - Artificial Intelligence Development SA,2025-03-05,372,SESE,Substantially Equivalent,Traditional,N,,,,1,Gastrointestinal Capsule Endoscopy Analysis Software Device,2,876.1540,GU,"Gastroenterology, Urology",GU,N,N,N,N,Ineligible,0,0,0,0,,,,0,exact_submission_number_only,2026-07-31,https://www.fda.gov/medical-devices/software-medical-device-samd/artificial-intelligence-enabled-medical-devices
K252089,510(k),2026-03-12,2026,Q1,Tyto Stethoscope (G3),"Tyto Care , Ltd.",Cardiovascular,DQD,1,Tyto Stethoscope (G3),"Tyto Care , Ltd.",2025-07-02,253,SESE,Substantially Equivalent,Traditional,N,,,,1,"Stethoscope, Electronic",2,870.1875,CV,Cardiovascular,CV,N,N,N,Y,Eligible,0,0,0,0,,,,0,exact_submission_number_only,2026-07-31,https://www.fda.gov/medical-devices/software-medical-device-samd/artificial-intelligence-enabled-medical-devices
K253584,510(k),2026-03-10,2026,Q1,"Alphenix, INFX-8000V/B, INFX-8000V/S, V9.6 with aEvolve Imaging (FOV Extension)",Canon Medical Systems Corporation,Radiology,OWB,1,"Alphenix, INFX-8000V/B, INFX-8000V/S, V9.6 with aEvolve Imaging (FOV Extension)",Canon Medical Systems Corporation,2025-11-17,113,SESE,Substantially Equivalent,Traditional,N,,,,1,Interventional Fluoroscopic X-Ray System,2,892.1650,RA,Radiology,RA,N,N,N,Y,Eligible,0,0,0,0,,,,0,exact_submission_number_only,2026-07-31,https://www.fda.gov/medical-devices/software-medical-device-samd/artificial-intelligence-enabled-medical-devices
K253413,510(k),2026-03-09,2026,Q1,LiverMultiScan (v6.0),"Perspectum, Ltd.",Radiology,LNH,1,LiverMultiScan (v6.0),"Perspectum, Ltd.",2025-10-01,159,SESE,Substantially Equivalent,Traditional,N,,,,1,"System, Nuclear Magnetic Resonance Imaging",2,892.1000,RA,Radiology,RA,N,N,N,Y,Eligible,0,0,0,0,,,,0,exact_submission_number_only,2026-07-31,https://www.fda.gov/medical-devices/software-medical-device-samd/artificial-intelligence-enabled-medical-devices
K253668,510(k),2026-03-08,2026,Q1,Onera SleepMap (SLEEPMAP),Onera B.V.,Neurology,OLZ,1,Onera SleepMap (SLEEPMAP),Onera B.V.,2025-11-21,107,SESE,Substantially Equivalent,Traditional,N,,,,1,Automatic Event Detection Software For Polysomnograph With Electroencephalograph,2,882.1400,NE,Neurology,NE,N,N,N,N,Eligible,0,0,0,0,,,,0,exact_submission_number_only,2026-07-31,https://www.fda.gov/medical-devices/software-medical-device-samd/artificial-intelligence-enabled-medical-devices
K253551,510(k),2026-03-06,2026,Q1,VELYS™ Hip Navigation,Depuy Ireland UC,Radiology,QIH,1,VELYS™ Hip Navigation,Depuy Ireland UC,2025-11-14,112,SESE,Substantially Equivalent,Traditional,N,,,,1,Automated Radiological Image Processing Software,2,892.2050,RA,Radiology,RA,N,N,N,N,Ineligible,0,0,0,0,,,,0,exact_submission_number_only,2026-07-31,https://www.fda.gov/medical-devices/software-medical-device-samd/artificial-intelligence-enabled-medical-devices
K260166,510(k),2026-03-06,2026,Q1,Bunkerhill Contrast CAC,BunkerHill Health,Radiology,JAK,1,Bunkerhill Contrast CAC,BunkerHill Health,2026-01-20,45,SESE,Substantially Equivalent,Traditional,N,,,,1,"System, X-Ray, Tomography, Computed",2,892.1750,RA,Radiology,RA,N,N,N,Y,Eligible,0,0,0,0,,,,0,exact_submission_number_only,2026-07-31,https://www.fda.gov/medical-devices/software-medical-device-samd/artificial-intelligence-enabled-medical-devices
K260167,510(k),2026-03-06,2026,Q1,Bunkerhill Contrast AVC,BunkerHill Health,Radiology,JAK,1,Bunkerhill Contrast AVC,BunkerHill Health,2026-01-20,45,SESE,Substantially Equivalent,Traditional,N,,,,1,"System, X-Ray, Tomography, Computed",2,892.1750,RA,Radiology,RA,N,N,N,Y,Eligible,0,0,0,0,,,,0,exact_submission_number_only,2026-07-31,https://www.fda.gov/medical-devices/software-medical-device-samd/artificial-intelligence-enabled-medical-devices
K251901,510(k),2026-03-05,2026,Q1,Magnifico Open (100009900),"Esaote, S.p.A.",Radiology,LNH,1,Magnifico Open (100009900),"Esaote, S.p.A.",2025-06-20,258,SESE,Substantially Equivalent,Traditional,N,,,,1,"System, Nuclear Magnetic Resonance Imaging",2,892.1000,RA,Radiology,RA,N,N,N,Y,Eligible,0,0,0,0,,,,0,exact_submission_number_only,2026-07-31,https://www.fda.gov/medical-devices/software-medical-device-samd/artificial-intelligence-enabled-medical-devices
K252538,510(k),2026-03-05,2026,Q1,CEPHX3D,"Orca Dental AI , Ltd.",Radiology,QIH,1,CEPHX3D,"Orca Dental AI , Ltd.",2025-08-12,205,SESE,Substantially Equivalent,Traditional,N,,,,1,Automated Radiological Image Processing Software,2,892.2050,RA,Radiology,RA,N,N,N,N,Ineligible,0,0,0,0,,,,0,exact_submission_number_only,2026-07-31,https://www.fda.gov/medical-devices/software-medical-device-samd/artificial-intelligence-enabled-medical-devices
K253442,510(k),2026-03-05,2026,Q1,EarliPoint Assessment,Earlitec Diagnostics,Neurology,QPF,1,EarliPoint Assessment,Earlitec Diagnostics,2025-10-01,155,SESE,Substantially Equivalent,Traditional,N,,,,1,Pediatric Autism Spectrum Disorder Diagnosis Aid,2,882.1491,NE,Neurology,NE,N,N,N,N,Ineligible,0,0,0,0,,,,0,exact_submission_number_only,2026-07-31,https://www.fda.gov/medical-devices/software-medical-device-samd/artificial-intelligence-enabled-medical-devices
K260169,510(k),2026-03-05,2026,Q1,AV Cardiac CT,Philips Medical Systems Nederland B.V.,Radiology,JAK,1,AV Cardiac CT,Philips Medical Systems Nederland B.V.,2026-01-20,44,SESE,Substantially Equivalent,Traditional,N,,,,1,"System, X-Ray, Tomography, Computed",2,892.1750,RA,Radiology,RA,N,N,N,Y,Eligible,0,0,0,0,,,,0,exact_submission_number_only,2026-07-31,https://www.fda.gov/medical-devices/software-medical-device-samd/artificial-intelligence-enabled-medical-devices
K253898,510(k),2026-03-04,2026,Q1,QT Scanner 2000 Model A,"QT Imaging Holdings, Inc.",Radiology,IYO,1,QT Scanner 2000 Model A,"QT Imaging Holdings, Inc.",2025-12-05,89,SESE,Substantially Equivalent,Special,N,,,,1,"System, Imaging, Pulsed Echo, Ultrasonic",2,892.1560,RA,Radiology,RA,N,N,N,Y,Eligible,0,0,0,0,,,,0,exact_submission_number_only,2026-07-31,https://www.fda.gov/medical-devices/software-medical-device-samd/artificial-intelligence-enabled-medical-devices
K253818,510(k),2026-03-03,2026,Q1,Annalise Enterprise,"Harrison-AI Medical Pty, Ltd.",Radiology,QAS,1,Annalise Enterprise,"Harrison-AI Medical Pty, Ltd.",2025-11-28,95,SESE,Substantially Equivalent,Traditional,N,,,,1,Radiological Computer-Assisted Triage And Notification Software,2,892.2080,RA,Radiology,RA,N,N,N,N,Ineligible,0,0,0,0,,,,0,exact_submission_number_only,2026-07-31,https://www.fda.gov/medical-devices/software-medical-device-samd/artificial-intelligence-enabled-medical-devices
P250008,PMA,2026-03-03,2026,Q1,Claire™ OCT System,"Perimeter Medical Imaging Ai, Inc.",General and Plastic Surgery,SHH,1,Claire™ OCT System,"Perimeter Medical Imaging Ai, Inc.",2025-03-13,355,APPR,Approved,,,N,,,1,Oct Imaging System With Ai/Ml Software For Adjunctive Detection Of Breast Cancer,3,,,Unknown,SU,N,N,N,N,Ineligible,0,0,0,0,,,,0,exact_submission_number_only,2026-07-31,https://www.fda.gov/medical-devices/software-medical-device-samd/artificial-intelligence-enabled-medical-devices
K253593,510(k),2026-03-02,2026,Q1,Clarius Ejection Fraction AI,Clarius Mobile Health Corp.,Radiology,QIH,1,Clarius Ejection Fraction AI,Clarius Mobile Health Corp.,2025-11-17,105,SESE,Substantially Equivalent,Traditional,N,,,,1,Automated Radiological Image Processing Software,2,892.2050,RA,Radiology,RA,N,N,N,N,Ineligible,0,0,0,0,,,,0,exact_submission_number_only,2026-07-31,https://www.fda.gov/medical-devices/software-medical-device-samd/artificial-intelligence-enabled-medical-devices
K253535,510(k),2026-02-27,2026,Q1,Ligence Heart,Ligence Uab,Radiology,QIH,1,Ligence Heart,Ligence Uab,2025-11-13,106,SESE,Substantially Equivalent,Traditional,N,,,,1,Automated Radiological Image Processing Software,2,892.2050,RA,Radiology,RA,N,N,N,N,Ineligible,0,0,0,0,,,,0,exact_submission_number_only,2026-07-31,https://www.fda.gov/medical-devices/software-medical-device-samd/artificial-intelligence-enabled-medical-devices
K253578,510(k),2026-02-26,2026,Q1,BriefCase-Triage: CARE Multi-Triage CT for Pneumothorax; Pericardial effusion; Large aortic aneurysm; Shoulder fracture or dislocation device,"Aidoc Medical , Ltd.",Radiology,QAS,1,BriefCase-Triage: CARE Multi-Triage CT for Pneumothorax; Pericardial effusion; Large aortic aneurysm; Shoulder fracture or dislocation device,"Aidoc Medical , Ltd.",2025-11-17,101,SESE,Substantially Equivalent,Traditional,N,,,,1,Radiological Computer-Assisted Triage And Notification Software,2,892.2080,RA,Radiology,RA,N,N,N,N,Ineligible,0,0,0,0,,,,0,exact_submission_number_only,2026-07-31,https://www.fda.gov/medical-devices/software-medical-device-samd/artificial-intelligence-enabled-medical-devices
K260217,510(k),2026-02-24,2026,Q1,AI Platform 2.2 (AIP002),Exo Imaging,Radiology,QIH,1,AI Platform 2.2 (AIP002),Exo Imaging,2026-01-23,32,SESE,Substantially Equivalent,Special,N,,,,1,Automated Radiological Image Processing Software,2,892.2050,RA,Radiology,RA,N,N,N,N,Ineligible,0,0,0,0,,,,0,exact_submission_number_only,2026-07-31,https://www.fda.gov/medical-devices/software-medical-device-samd/artificial-intelligence-enabled-medical-devices
K253648,510(k),2026-02-23,2026,Q1,"Ingenia, Ingenia CX, Ingenia Elition S/X, Ingenia Ambition S/X, BlueSeal SE/XE/QE, MR 5300 and MR 7700 MR Systems including Upgrades",Philips Medical Systems Nederland B.V.,Radiology,LNH,1,"Ingenia, Ingenia CX, Ingenia Elition S/X, Ingenia Ambition S/X, BlueSeal SE/XE/QE, MR 5300 and MR 7700 MR Systems including Upgrades",Philips Medical Systems Nederland B.V.,2025-11-20,95,SESE,Substantially Equivalent,Abbreviated,N,,,,1,"System, Nuclear Magnetic Resonance Imaging",2,892.1000,RA,Radiology,RA,N,N,N,Y,Eligible,0,0,0,0,,,,0,exact_submission_number_only,2026-07-31,https://www.fda.gov/medical-devices/software-medical-device-samd/artificial-intelligence-enabled-medical-devices
K260265,510(k),2026-02-23,2026,Q1,MAGNETOM Flow.Ace; MAGNETOM Flow.Plus,"Siemens Shenzhen Magnetic Resonance , Ltd.",Radiology,LNH,1,MAGNETOM Flow.Ace; MAGNETOM Flow.Plus,"Siemens Shenzhen Magnetic Resonance , Ltd.",2026-01-28,26,SESE,Substantially Equivalent,Special,N,,,,1,"System, Nuclear Magnetic Resonance Imaging",2,892.1000,RA,Radiology,RA,N,N,N,Y,Eligible,0,0,0,0,,,,0,exact_submission_number_only,2026-07-31,https://www.fda.gov/medical-devices/software-medical-device-samd/artificial-intelligence-enabled-medical-devices
K252500,510(k),2026-02-20,2026,Q1,CARA System,"Cara Medical, Ltd.",Radiology,OWB,1,CARA System,"Cara Medical, Ltd.",2025-08-08,196,SESE,Substantially Equivalent,Traditional,N,,,,1,Interventional Fluoroscopic X-Ray System,2,892.1650,RA,Radiology,RA,N,N,N,Y,Eligible,0,0,0,0,,,,0,exact_submission_number_only,2026-07-31,https://www.fda.gov/medical-devices/software-medical-device-samd/artificial-intelligence-enabled-medical-devices
K252972,510(k),2026-02-20,2026,Q1,CARTO™ 3 EP Navigation System V8.4,"Biosense Webster, Inc.",Cardiovascular,DQK,1,CARTO™ 3 EP Navigation System V8.4,"Biosense Webster, Inc.",2025-09-17,156,SESE,Substantially Equivalent,Traditional,N,,,,1,"Computer, Diagnostic, Programmable",2,870.1425,CV,Cardiovascular,CV,N,N,N,Y,Eligible,0,0,0,0,,,,0,exact_submission_number_only,2026-07-31,https://www.fda.gov/medical-devices/software-medical-device-samd/artificial-intelligence-enabled-medical-devices
K252002,510(k),2026-02-19,2026,Q1,Monaco RTP System (6.3),Elekta Solutions AB,Radiology,MUJ,1,Monaco RTP System (6.3),Elekta Solutions AB,2025-06-27,237,SESE,Substantially Equivalent,Traditional,N,,,,1,"System, Planning, Radiation Therapy Treatment",2,892.5050,RA,Radiology,RA,N,N,N,N,Eligible,0,0,0,0,,,,0,exact_submission_number_only,2026-07-31,https://www.fda.gov/medical-devices/software-medical-device-samd/artificial-intelligence-enabled-medical-devices
K250233,510(k),2026-02-13,2026,Q1,PreemptiveAI Clinical SDK,"Measure Labs, Inc. (Dba Preemptiveai, Inc.)",Cardiovascular,DXH,1,PreemptiveAI Clinical SDK,"Measure Labs, Inc. (Dba Preemptiveai, Inc.)",2025-01-27,382,SESE,Substantially Equivalent,Traditional,N,,,,1,"Transmitters And Receivers, Electrocardiograph, Telephone",2,870.2920,CV,Cardiovascular,CV,N,N,N,Y,Eligible,0,0,0,0,,,,0,exact_submission_number_only,2026-07-31,https://www.fda.gov/medical-devices/software-medical-device-samd/artificial-intelligence-enabled-medical-devices
K253564,510(k),2026-02-13,2026,Q1,uMI Panvivo (uMI Panvivo); uMI Panvivo (uMI Panvivo S); uMI Panvivo (uMI Panvivo EX); uMI Panvivo (uMI Panvivo ES),"Shanghai United Imaging Healthcare Co., Ltd.",Radiology,KPS,1,uMI Panvivo (uMI Panvivo); uMI Panvivo (uMI Panvivo S); uMI Panvivo (uMI Panvivo EX); uMI Panvivo (uMI Panvivo ES),"Shanghai United Imaging Healthcare Co., Ltd.",2025-11-17,88,SESE,Substantially Equivalent,Traditional,N,,,,1,"System, Tomography, Computed, Emission",2,892.1200,RA,Radiology,RA,N,N,N,Y,Eligible,0,0,0,0,,,,0,exact_submission_number_only,2026-07-31,https://www.fda.gov/medical-devices/software-medical-device-samd/artificial-intelligence-enabled-medical-devices
K253381,510(k),2026-02-12,2026,Q1,Stealth AXiS™ Surgical System with Stealth AXiS™ Spine clinical application,"Medtronic Navigation, Inc.",Neurology,OLO,1,Stealth AXiS™ Surgical System with Stealth AXiS™ Spine clinical application,"Medtronic Navigation, Inc.",2025-09-30,135,SESE,Substantially Equivalent,Traditional,N,,,,1,Orthopedic Stereotaxic Instrument,2,882.4560,NE,Neurology,OR,N,N,N,N,Eligible,0,0,0,0,,,,0,exact_submission_number_only,2026-07-31,https://www.fda.gov/medical-devices/software-medical-device-samd/artificial-intelligence-enabled-medical-devices
DEN250007,De Novo,2026-02-11,2026,Q1,Delivery Date AI,Ultrasound AI,Radiology,SHE,1,Delivery Date AI,ultrasound ai,2025-03-17,331,DENG,Granted,,,,Direct,N,0,Radiological Software System For Delivery Date Prediction,2,892.8200,RA,Radiology,RA,N,N,N,N,Ineligible,0,0,0,0,,,,0,exact_submission_number_only,2026-07-31,https://www.fda.gov/medical-devices/software-medical-device-samd/artificial-intelligence-enabled-medical-devices
K252084,510(k),2026-02-11,2026,Q1,AI4CMR v2.0,Ai4medimaging Medical Solutions S.A.,Radiology,QIH,1,AI4CMR v2.0,Ai4medimaging Medical Solutions S.A.,2025-07-02,224,SESE,Substantially Equivalent,Special,N,,,,1,Automated Radiological Image Processing Software,2,892.2050,RA,Radiology,RA,N,N,N,N,Ineligible,0,0,0,0,,,,0,exact_submission_number_only,2026-07-31,https://www.fda.gov/medical-devices/software-medical-device-samd/artificial-intelligence-enabled-medical-devices
K254016,510(k),2026-02-10,2026,Q1,MI View&GO,"Siemens Medical Solutions USA, Inc.",Radiology,QIH,1,MI View&GO,"Siemens Medical Solutions USA, Inc.",2025-12-15,57,SESE,Substantially Equivalent,Special,N,,,,1,Automated Radiological Image Processing Software,2,892.2050,RA,Radiology,RA,N,N,N,N,Ineligible,0,0,0,0,,,,0,exact_submission_number_only,2026-07-31,https://www.fda.gov/medical-devices/software-medical-device-samd/artificial-intelligence-enabled-medical-devices
K243348,510(k),2026-02-06,2026,Q1,Athelas Home,"Athelas, Inc.",Hematology,GKZ,1,Athelas Home,"Athelas, Inc.",2024-10-28,466,SESE,Substantially Equivalent,Traditional,N,,,,1,"Counter, Differential Cell",2,864.5220,HE,Hematology,HE,N,N,N,N,Ineligible,0,0,0,0,,,,0,exact_submission_number_only,2026-07-31,https://www.fda.gov/medical-devices/software-medical-device-samd/artificial-intelligence-enabled-medical-devices
K251218,510(k),2026-02-06,2026,Q1,SafeBeat Rx App,"SafeBeat Rx, Inc.",Cardiovascular,DQK,1,SafeBeat Rx App,"SafeBeat Rx, Inc.",2025-04-21,291,SESE,Substantially Equivalent,Traditional,N,,,,1,"Computer, Diagnostic, Programmable",2,870.1425,CV,Cardiovascular,CV,N,N,N,Y,Eligible,0,0,0,0,,,,0,exact_submission_number_only,2026-07-31,https://www.fda.gov/medical-devices/software-medical-device-samd/artificial-intelligence-enabled-medical-devices
K251474,510(k),2026-02-06,2026,Q1,Median LCS (internal name) / eyonis LCS (trade name) (1.0),Median Technologies,Radiology,QDQ,1,Median LCS (internal name) / eyonis LCS (trade name) (1.0),Median Technologies,2025-05-13,269,SESE,Substantially Equivalent,Traditional,N,,,,1,Radiological Computer Assisted Detection/Diagnosis Software For Lesions Suspicious For Cancer,2,892.2090,RA,Radiology,RA,N,N,N,N,Ineligible,0,0,0,0,,,,0,exact_submission_number_only,2026-07-31,https://www.fda.gov/medical-devices/software-medical-device-samd/artificial-intelligence-enabled-medical-devices
K252076,510(k),2026-02-06,2026,Q1,Kneevoice Cartilage Evaluation System (750-3600-001),"Kneevoice, Inc.",Cardiovascular,DQD,1,Kneevoice Cartilage Evaluation System (750-3600-001),"Kneevoice, Inc.",2025-07-02,219,SESE,Substantially Equivalent,Traditional,N,,,,1,"Stethoscope, Electronic",2,870.1875,CV,Cardiovascular,CV,N,N,N,Y,Eligible,0,0,0,0,,,,0,exact_submission_number_only,2026-07-31,https://www.fda.gov/medical-devices/software-medical-device-samd/artificial-intelligence-enabled-medical-devices
K253780,510(k),2026-02-06,2026,Q1,SIGNA™ Bolt,"Ge Medical Systems, LLC",Radiology,LNH,1,SIGNA™ Bolt,"Ge Medical Systems, LLC",2025-11-26,72,SESE,Substantially Equivalent,Traditional,N,,,,1,"System, Nuclear Magnetic Resonance Imaging",2,892.1000,RA,Radiology,RA,N,N,N,Y,Eligible,0,0,0,0,,,,0,exact_submission_number_only,2026-07-31,https://www.fda.gov/medical-devices/software-medical-device-samd/artificial-intelligence-enabled-medical-devices
K253779,510(k),2026-02-05,2026,Q1,SIGNA™ Sprint Select,"Ge Medical Systems, LLC",Radiology,LNH,1,SIGNA™ Sprint Select,"Ge Medical Systems, LLC",2025-11-26,71,SESE,Substantially Equivalent,Traditional,N,,,,1,"System, Nuclear Magnetic Resonance Imaging",2,892.1000,RA,Radiology,RA,N,N,N,Y,Eligible,0,0,0,0,,,,0,exact_submission_number_only,2026-07-31,https://www.fda.gov/medical-devices/software-medical-device-samd/artificial-intelligence-enabled-medical-devices
K260104,510(k),2026-02-04,2026,Q1,Signature™ ONE System,Orthosoft Inc. (d/b/a) Zimmer CAS,Orthopedic,QHE,1,Signature™ ONE System,Orthosoft Inc. (d/b/a) Zimmer CAS,2026-01-13,22,SESE,Substantially Equivalent,Special,N,,,,1,Shoulder Arthroplasty Implantation System,2,888.3660,OR,Orthopedic,OR,N,N,N,N,Ineligible,0,0,0,0,,,,0,exact_submission_number_only,2026-07-31,https://www.fda.gov/medical-devices/software-medical-device-samd/artificial-intelligence-enabled-medical-devices
K251200,510(k),2026-02-02,2026,Q1,Vital Signs,Oxehealth Limited,Cardiovascular,QME,1,Vital Signs,Oxehealth Limited,2025-04-18,290,SESE,Substantially Equivalent,Traditional,N,,,,1,"Software For Optical Camera-Based Measurement Of Pulse Rate, Heart Rate, Breathing Rate, And/Or Respiratory Rate",2,870.2785,CV,Cardiovascular,CV,N,N,N,N,Ineligible,0,0,0,0,,,,0,exact_submission_number_only,2026-07-31,https://www.fda.gov/medical-devices/software-medical-device-samd/artificial-intelligence-enabled-medical-devices
K251769,510(k),2026-01-30,2026,Q1,RevealAI-Lung,"Precision Medical Ventures, Inc. Dba Revealdx",Radiology,POK,1,RevealAI-Lung,"Precision Medical Ventures, Inc. Dba Revealdx",2025-06-10,234,SESE,Substantially Equivalent,Traditional,N,,,,1,Computer-Assisted Diagnostic Software For Lesions Suspicious For Cancer,2,892.2060,RA,Radiology,RA,N,N,N,N,Eligible,0,0,0,0,,,,0,exact_submission_number_only,2026-07-31,https://www.fda.gov/medical-devices/software-medical-device-samd/artificial-intelligence-enabled-medical-devices
K252091,510(k),2026-01-29,2026,Q1,Surgical Reality Viewer,Medicalvr B.V.,Radiology,QIH,1,Surgical Reality Viewer,Medicalvr B.V.,2025-07-03,210,SESE,Substantially Equivalent,Traditional,N,,,,1,Automated Radiological Image Processing Software,2,892.2050,RA,Radiology,RA,N,N,N,N,Ineligible,0,0,0,0,,,,0,exact_submission_number_only,2026-07-31,https://www.fda.gov/medical-devices/software-medical-device-samd/artificial-intelligence-enabled-medical-devices
K252496,510(k),2026-01-29,2026,Q1,Neurophet AQUA AD Plus,"Neurophet., Inc.",Radiology,QIH,1,Neurophet AQUA AD Plus,"Neurophet., Inc.",2025-08-08,174,SESE,Substantially Equivalent,Traditional,N,,,,1,Automated Radiological Image Processing Software,2,892.2050,RA,Radiology,RA,N,N,N,N,Ineligible,0,0,0,0,,,,0,exact_submission_number_only,2026-07-31,https://www.fda.gov/medical-devices/software-medical-device-samd/artificial-intelligence-enabled-medical-devices
K251306,510(k),2026-01-28,2026,Q1,Seg Pro V3 (RT-300),"Ever Fortune.Ai, Co., Ltd.",Radiology,QKB,1,Seg Pro V3 (RT-300),"Ever Fortune.Ai, Co., Ltd.",2025-04-28,275,SESE,Substantially Equivalent,Traditional,N,,,,1,Radiological Image Processing Software For Radiation Therapy,2,892.2050,RA,Radiology,RA,N,N,N,N,Ineligible,0,0,0,0,,,,0,exact_submission_number_only,2026-07-31,https://www.fda.gov/medical-devices/software-medical-device-samd/artificial-intelligence-enabled-medical-devices
K251195,510(k),2026-01-27,2026,Q1,BriefCase-Triage,"Aidoc Medical , Ltd.",Radiology,QAS,1,BriefCase-Triage,"Aidoc Medical , Ltd.",2025-04-17,285,SESE,Substantially Equivalent,Traditional,N,,,,1,Radiological Computer-Assisted Triage And Notification Software,2,892.2080,RA,Radiology,RA,N,N,N,N,Ineligible,0,0,0,0,,,,0,exact_submission_number_only,2026-07-31,https://www.fda.gov/medical-devices/software-medical-device-samd/artificial-intelligence-enabled-medical-devices
K243349,510(k),2026-01-23,2026,Q1,BodyGuardian Remote Monitoring System (BGRMS v3.0),"Boston Scientific Cardiac Diagnostic Technologies, Inc.",Cardiovascular,DSI,1,BodyGuardian Remote Monitoring System (BGRMS v3.0),"Boston Scientific Cardiac Diagnostic Technologies, Inc.",2024-10-28,452,SESE,Substantially Equivalent,Traditional,N,,,,1,"Detector And Alarm, Arrhythmia",2,870.1025,CV,Cardiovascular,CV,N,N,N,N,Ineligible,0,0,0,0,,,,0,exact_submission_number_only,2026-07-31,https://www.fda.gov/medical-devices/software-medical-device-samd/artificial-intelligence-enabled-medical-devices
K251351,510(k),2026-01-23,2026,Q1,AccuContour 4.0,"Manteia Technologies Co., Ltd.",Radiology,QKB,1,AccuContour 4.0,"Manteia Technologies Co., Ltd.",2025-04-30,268,SESE,Substantially Equivalent,Traditional,N,,,,1,Radiological Image Processing Software For Radiation Therapy,2,892.2050,RA,Radiology,RA,N,N,N,N,Ineligible,0,0,0,0,,,,0,exact_submission_number_only,2026-07-31,https://www.fda.gov/medical-devices/software-medical-device-samd/artificial-intelligence-enabled-medical-devices
K251511,510(k),2026-01-22,2026,Q1,PhenoMATRIX,Copan Wasp Srl,Microbiology,PPU,1,PhenoMATRIX,Copan Wasp Srl,2025-05-16,251,SESE,Substantially Equivalent,Traditional,N,,,,1,Microbial Colony Image Assessment System,2,866.2190,MI,Microbiology,MI,N,N,N,Y,Eligible,0,0,0,0,,,,0,exact_submission_number_only,2026-07-31,https://www.fda.gov/medical-devices/software-medical-device-samd/artificial-intelligence-enabled-medical-devices
K252984,510(k),2026-01-22,2026,Q1,Perin Health System (PHD80060-2),"Perin Health Devices, LLC",Cardiovascular,DRG,1,Perin Health System (PHD80060-2),"Perin Health Devices, LLC",2025-09-18,126,SESE,Substantially Equivalent,Traditional,N,,,,1,"Transmitters And Receivers, Physiological Signal, Radiofrequency",2,870.2910,CV,Cardiovascular,CV,N,N,N,Y,Eligible,0,0,0,0,,,,0,exact_submission_number_only,2026-07-31,https://www.fda.gov/medical-devices/software-medical-device-samd/artificial-intelligence-enabled-medical-devices
K253057,510(k),2026-01-22,2026,Q1,AI-Rad Companion Brain MR,Siemens Healthcare GmbH,Radiology,QIH,1,AI-Rad Companion Brain MR,Siemens Healthcare GmbH,2025-09-22,122,SESE,Substantially Equivalent,Traditional,N,,,,1,Automated Radiological Image Processing Software,2,892.2050,RA,Radiology,RA,N,N,N,N,Ineligible,0,0,0,0,,,,0,exact_submission_number_only,2026-07-31,https://www.fda.gov/medical-devices/software-medical-device-samd/artificial-intelligence-enabled-medical-devices
K253735,510(k),2026-01-22,2026,Q1,AV Vascular,Philips Medical Systems Nederland B.V.,Radiology,QIH,1,AV Vascular,Philips Medical Systems Nederland B.V.,2025-11-24,59,SESE,Substantially Equivalent,Traditional,N,,,,1,Automated Radiological Image Processing Software,2,892.2050,RA,Radiology,RA,N,N,N,N,Ineligible,0,0,0,0,,,,0,exact_submission_number_only,2026-07-31,https://www.fda.gov/medical-devices/software-medical-device-samd/artificial-intelligence-enabled-medical-devices
K253173,510(k),2026-01-20,2026,Q1,uCT 780 with uWS-CT-Dual Energy Analysis,"Shanghai United Imaging Healthcare Co., Ltd.",Radiology,JAK,1,uCT 780 with uWS-CT-Dual Energy Analysis,"Shanghai United Imaging Healthcare Co., Ltd.",2025-09-26,116,SESE,Substantially Equivalent,Traditional,N,,,,1,"System, X-Ray, Tomography, Computed",2,892.1750,RA,Radiology,RA,N,N,N,Y,Eligible,0,0,0,0,,,,0,exact_submission_number_only,2026-07-31,https://www.fda.gov/medical-devices/software-medical-device-samd/artificial-intelligence-enabled-medical-devices
K251934,510(k),2026-01-16,2026,Q1,qXR-Detect,Qure.Ai Technologies,Radiology,MYN,1,qXR-Detect,Qure.Ai Technologies,2025-06-24,206,SESE,Substantially Equivalent,Traditional,N,,,,1,"Analyzer, Medical Image",2,892.2070,RA,Radiology,RA,N,N,N,N,Eligible,0,0,0,0,,,,0,exact_submission_number_only,2026-07-31,https://www.fda.gov/medical-devices/software-medical-device-samd/artificial-intelligence-enabled-medical-devices
K252634,510(k),2026-01-16,2026,Q1,Imagine® Enterprise Suite,Softlink International Private Limited,Radiology,QIH,1,Imagine® Enterprise Suite,Softlink International Private Limited,2025-08-20,149,SESE,Substantially Equivalent,Traditional,N,,,,1,Automated Radiological Image Processing Software,2,892.2050,RA,Radiology,RA,N,N,N,N,Ineligible,0,0,0,0,,,,0,exact_submission_number_only,2026-07-31,https://www.fda.gov/medical-devices/software-medical-device-samd/artificial-intelligence-enabled-medical-devices
K252188,510(k),2026-01-15,2026,Q1,EMLA (Elekta Evo); EMLA (VersaHD); EMLA (Elekta Harmony Pro); EMLA (Elekta Infintiy); EMLA (Elekta Harmony); EMLA (Elekta Synergy),Elekta Solutions AB,Radiology,IYE,1,EMLA (Elekta Evo); EMLA (VersaHD); EMLA (Elekta Harmony Pro); EMLA (Elekta Infintiy); EMLA (Elekta Harmony); EMLA (Elekta Synergy),Elekta Solutions AB,2025-07-14,185,SESE,Substantially Equivalent,Traditional,N,,,,1,"Accelerator, Linear, Medical",2,892.5050,RA,Radiology,RA,N,N,N,N,Eligible,0,0,0,0,,,,0,exact_submission_number_only,2026-07-31,https://www.fda.gov/medical-devices/software-medical-device-samd/artificial-intelligence-enabled-medical-devices
K252934,510(k),2026-01-15,2026,Q1,Diagnocat,"DGNCT, LLC",Radiology,MYN,1,Diagnocat,"DGNCT, LLC",2025-09-15,122,SESE,Substantially Equivalent,Traditional,N,,,,1,"Analyzer, Medical Image",2,892.2070,RA,Radiology,RA,N,N,N,N,Eligible,0,0,0,0,,,,0,exact_submission_number_only,2026-07-31,https://www.fda.gov/medical-devices/software-medical-device-samd/artificial-intelligence-enabled-medical-devices
K253023,510(k),2026-01-15,2026,Q1,BIOGRAPH One,Siemens Healthineers AG,Radiology,OUO,1,BIOGRAPH One,Siemens Healthineers AG,2025-09-19,118,SESE,Substantially Equivalent,Traditional,N,,,,1,Tomographic Imager Combining Emission Computed Tomography With Nuclear Magnetic Resonance,2,892.1200,RA,Radiology,RA,N,N,N,N,Eligible,0,0,0,0,,,,0,exact_submission_number_only,2026-07-31,https://www.fda.gov/medical-devices/software-medical-device-samd/artificial-intelligence-enabled-medical-devices
K254001,510(k),2026-01-13,2026,Q1,VERITON CT 300 Series Digital SPECT/CT System (VERITON CT 316/364); VERITON CT 400 Series Digital SPECT/CT System (VERITON CT 416/464),"Spectrum Dynamics Medical, Ltd.",Radiology,KPS,1,VERITON CT 300 Series Digital SPECT/CT System (VERITON CT 316/364); VERITON CT 400 Series Digital SPECT/CT System (VERITON CT 416/464),"Spectrum Dynamics Medical, Ltd.",2025-12-15,29,SESE,Substantially Equivalent,Special,N,,,,1,"System, Tomography, Computed, Emission",2,892.1200,RA,Radiology,RA,N,N,N,Y,Eligible,0,0,0,0,,,,0,exact_submission_number_only,2026-07-31,https://www.fda.gov/medical-devices/software-medical-device-samd/artificial-intelligence-enabled-medical-devices
K251558,510(k),2026-01-12,2026,Q1,Precision AI Surgical Planning System (PAI-SPS),"Precision AI Pty, Ltd.",Orthopedic,QHE,1,Precision AI Surgical Planning System (PAI-SPS),"Precision AI Pty, Ltd.",2025-05-21,236,SESE,Substantially Equivalent,Traditional,N,,,,1,Shoulder Arthroplasty Implantation System,2,888.3660,OR,Orthopedic,OR,N,N,N,N,Ineligible,0,0,0,0,,,,0,exact_submission_number_only,2026-07-31,https://www.fda.gov/medical-devices/software-medical-device-samd/artificial-intelligence-enabled-medical-devices
K252842,510(k),2026-01-11,2026,Q1,SafeOp 3: Neural Informatix System,"Alphatec Spine, Inc.",Neurology,GWF,1,SafeOp 3: Neural Informatix System,"Alphatec Spine, Inc.",2025-09-08,125,SESE,Substantially Equivalent,Traditional,N,,,,1,"Stimulator, Electrical, Evoked Response",2,882.1870,NE,Neurology,NE,N,N,N,Y,Eligible,1,1,1,0,2026-05-13,2026-05-13,122.0,1,exact_submission_number_only,2026-07-31,https://www.fda.gov/medical-devices/software-medical-device-samd/artificial-intelligence-enabled-medical-devices
K252589,510(k),2026-01-09,2026,Q1,Corvair Monza,"AliveCor, Inc.",Cardiovascular,MHX,1,Corvair Monza,"AliveCor, Inc.",2025-08-15,147,SESE,Substantially Equivalent,Traditional,N,,,,1,"Monitor, Physiological, Patient(With Arrhythmia Detection Or Alarms)",2,870.1025,CV,Cardiovascular,CV,N,N,N,N,Eligible,0,0,0,0,,,,0,exact_submission_number_only,2026-07-31,https://www.fda.gov/medical-devices/software-medical-device-samd/artificial-intelligence-enabled-medical-devices
K253370,510(k),2026-01-08,2026,Q1,LOGIQ Totus,GE Medical Systems Ultrasound and Primary Care Diagnostics,Radiology,IYN,1,LOGIQ Totus,GE Medical Systems Ultrasound and Primary Care Diagnostics,2025-09-30,100,SESE,Substantially Equivalent,Traditional,N,,,,1,"System, Imaging, Pulsed Doppler, Ultrasonic",2,892.1550,RA,Radiology,RA,N,N,N,Y,Eligible,0,0,0,0,,,,0,exact_submission_number_only,2026-07-31,https://www.fda.gov/medical-devices/software-medical-device-samd/artificial-intelligence-enabled-medical-devices
K252970,510(k),2026-01-07,2026,Q1,BriefCase-Triage: CARE Multi-triage CT Body,"Aidoc Medical , Ltd.",Radiology,QAS,1,BriefCase-Triage: CARE Multi-triage CT Body,"Aidoc Medical , Ltd.",2025-09-17,112,SESE,Substantially Equivalent,Traditional,N,,,,1,Radiological Computer-Assisted Triage And Notification Software,2,892.2080,RA,Radiology,RA,N,N,N,N,Ineligible,0,0,0,0,,,,0,exact_submission_number_only,2026-07-31,https://www.fda.gov/medical-devices/software-medical-device-samd/artificial-intelligence-enabled-medical-devices
K253009,510(k),2026-01-07,2026,Q1,DS Core Detect,"Dentsply Sirona, Inc.",Radiology,MYN,1,DS Core Detect,"Dentsply Sirona, Inc.",2025-09-19,110,SESE,Substantially Equivalent,Traditional,N,,,,1,"Analyzer, Medical Image",2,892.2070,RA,Radiology,RA,N,N,N,N,Eligible,0,0,0,0,,,,0,exact_submission_number_only,2026-07-31,https://www.fda.gov/medical-devices/software-medical-device-samd/artificial-intelligence-enabled-medical-devices
K253366,510(k),2026-01-07,2026,Q1,LOGIQ Fortis,GE Medical Systems Ultrasound and Primary Care Diagnostics,Radiology,IYN,1,LOGIQ Fortis,GE Medical Systems Ultrasound and Primary Care Diagnostics,2025-09-30,99,SESE,Substantially Equivalent,Traditional,N,,,,1,"System, Imaging, Pulsed Doppler, Ultrasonic",2,892.1550,RA,Radiology,RA,N,N,N,Y,Eligible,0,0,0,0,,,,0,exact_submission_number_only,2026-07-31,https://www.fda.gov/medical-devices/software-medical-device-samd/artificial-intelligence-enabled-medical-devices
K252018,510(k),2026-01-05,2026,Q1,HERA Z20 Diagnostic Ultrasound System; HERA Z20e Diagnostic Ultrasound System; HERA Z20s Diagnostic Ultrasound System; R20 Diagnostic Ultrasound System; HERA Z30 Diagnostic Ultrasound System; R30 Diagnostic Ultrasound System,"Samsung Medison Co., Ltd.",Radiology,IYN,1,HERA Z20 Diagnostic Ultrasound System; HERA Z20e Diagnostic Ultrasound System; HERA Z20s Diagnostic Ultrasound System; R20 Diagnostic Ultrasound System; HERA Z30 Diagnostic Ultrasound System; R30 Diagnostic Ultrasound System,"Samsung Medison Co., Ltd.",2025-06-30,189,SESE,Substantially Equivalent,Traditional,N,,,,1,"System, Imaging, Pulsed Doppler, Ultrasonic",2,892.1550,RA,Radiology,RA,N,N,N,Y,Eligible,0,0,0,0,,,,0,exact_submission_number_only,2026-07-31,https://www.fda.gov/medical-devices/software-medical-device-samd/artificial-intelligence-enabled-medical-devices
K253532,510(k),2025-12-30,2025,Q4,TruSPECT Processing Station,"Spectrum Dynamics Medical, Ltd.",Radiology,QIH,1,TruSPECT Processing Station,"Spectrum Dynamics Medical, Ltd.",2025-11-13,47,SESE,Substantially Equivalent,Special,N,,,,1,Automated Radiological Image Processing Software,2,892.2050,RA,Radiology,RA,N,N,N,N,Ineligible,0,0,0,0,,,,0,exact_submission_number_only,2026-07-31,https://www.fda.gov/medical-devices/software-medical-device-samd/artificial-intelligence-enabled-medical-devices
K252379,510(k),2025-12-23,2025,Q4,AIR Recon DL,"Ge Medical Systems, LLC",Radiology,LNH,1,AIR Recon DL,"Ge Medical Systems, LLC",2025-07-30,146,SESE,Substantially Equivalent,Traditional,N,,,,1,"System, Nuclear Magnetic Resonance Imaging",2,892.1000,RA,Radiology,RA,N,N,N,Y,Eligible,0,0,0,0,,,,0,exact_submission_number_only,2026-07-31,https://www.fda.gov/medical-devices/software-medical-device-samd/artificial-intelligence-enabled-medical-devices
K253091,510(k),2025-12-23,2025,Q4,ART-Plan+ (v3.1.0),Therapanacea Sas,Radiology,MUJ,1,ART-Plan+ (v3.1.0),Therapanacea Sas,2025-09-23,91,SESE,Substantially Equivalent,Traditional,N,,,,1,"System, Planning, Radiation Therapy Treatment",2,892.5050,RA,Radiology,RA,N,N,N,N,Eligible,0,0,0,0,,,,0,exact_submission_number_only,2026-07-31,https://www.fda.gov/medical-devices/software-medical-device-samd/artificial-intelligence-enabled-medical-devices
K250959,510(k),2025-12-22,2025,Q4,BioticsAI,"Bioticsai, Inc.",Radiology,IYN,1,BioticsAI,"Bioticsai, Inc.",2025-03-31,266,SESE,Substantially Equivalent,Traditional,N,,,,1,"System, Imaging, Pulsed Doppler, Ultrasonic",2,892.1550,RA,Radiology,RA,N,N,N,Y,Eligible,0,0,0,0,,,,0,exact_submission_number_only,2026-07-31,https://www.fda.gov/medical-devices/software-medical-device-samd/artificial-intelligence-enabled-medical-devices
K252557,510(k),2025-12-22,2025,Q4,Lumify Diagnostic Ultrasound System,"Philips Ultrasound, LLC",Radiology,IYN,1,Lumify Diagnostic Ultrasound System,"Philips Ultrasound, LLC",2025-08-13,131,SESE,Substantially Equivalent,Traditional,N,,,,1,"System, Imaging, Pulsed Doppler, Ultrasonic",2,892.1550,RA,Radiology,RA,N,N,N,Y,Eligible,0,0,0,0,,,,0,exact_submission_number_only,2026-07-31,https://www.fda.gov/medical-devices/software-medical-device-samd/artificial-intelligence-enabled-medical-devices
K252856,510(k),2025-12-22,2025,Q4,PeekMed web,"Peek Health, S.A.",Radiology,QIH,1,PeekMed web,"Peek Health, S.A.",2025-09-09,104,SESE,Substantially Equivalent,Traditional,N,,,,1,Automated Radiological Image Processing Software,2,892.2050,RA,Radiology,RA,N,N,N,N,Ineligible,0,0,0,0,,,,0,exact_submission_number_only,2026-07-31,https://www.fda.gov/medical-devices/software-medical-device-samd/artificial-intelligence-enabled-medical-devices
K253664,510(k),2025-12-22,2025,Q4,SKOUT system,Iterative Health,Gastroenterology-Urology,QNP,1,SKOUT system,Iterative Health,2025-11-20,32,SESE,Substantially Equivalent,Special,N,,,,1,Gastrointesinal Lesion Software Detection System,2,876.1520,GU,"Gastroenterology, Urology",GU,N,N,N,N,Ineligible,0,0,0,0,,,,0,exact_submission_number_only,2026-07-31,https://www.fda.gov/medical-devices/software-medical-device-samd/artificial-intelligence-enabled-medical-devices
K252029,510(k),2025-12-19,2025,Q4,AI-CVD,HeartLung Corporation,Radiology,QIH,1,AI-CVD,HeartLung Corporation,2025-06-30,172,SESE,Substantially Equivalent,Traditional,N,,,,1,Automated Radiological Image Processing Software,2,892.2050,RA,Radiology,RA,N,N,N,N,Ineligible,0,0,0,0,,,,0,exact_submission_number_only,2026-07-31,https://www.fda.gov/medical-devices/software-medical-device-samd/artificial-intelligence-enabled-medical-devices
K252284,510(k),2025-12-19,2025,Q4,eMurmur Heart AI,Csd Labs,Cardiovascular,DQD,1,eMurmur Heart AI,Csd Labs,2025-07-22,150,SESE,Substantially Equivalent,Traditional,N,,,,1,"Stethoscope, Electronic",2,870.1875,CV,Cardiovascular,CV,N,N,N,Y,Eligible,0,0,0,0,,,,0,exact_submission_number_only,2026-07-31,https://www.fda.gov/medical-devices/software-medical-device-samd/artificial-intelligence-enabled-medical-devices
K252670,510(k),2025-12-19,2025,Q4,Alzevita,TOPIA MEDTECH LIMITED,Radiology,QIH,1,Alzevita,TOPIA MEDTECH LIMITED,2025-08-25,116,SESE,Substantially Equivalent,Traditional,N,,,,1,Automated Radiological Image Processing Software,2,892.2050,RA,Radiology,RA,N,N,N,N,Ineligible,0,0,0,0,,,,0,exact_submission_number_only,2026-07-31,https://www.fda.gov/medical-devices/software-medical-device-samd/artificial-intelligence-enabled-medical-devices
K252838,510(k),2025-12-19,2025,Q4,MAGNETOM Sola; MAGNETOM Altea; MAGNETOM Sola Fit; MAGNETOM Viato.Mobile; MAGNETOM Vida; MAGNETOM Lumina; MAGNETOM Vida Fit; MAGNETOM Flow.Elite; MAGNETOM Flow.Neo; MAGNETOM Flow.Rise,Siemens Healthcare GmbH,Radiology,LNH,1,MAGNETOM Sola; MAGNETOM Altea; MAGNETOM Sola Fit; MAGNETOM Viato.Mobile; MAGNETOM Vida; MAGNETOM Lumina; MAGNETOM Vida Fit; MAGNETOM Flow.Elite; MAGNETOM Flow.Neo; MAGNETOM Flow.Rise,Siemens Healthcare GmbH,2025-09-05,105,SESE,Substantially Equivalent,Traditional,N,,,,1,"System, Nuclear Magnetic Resonance Imaging",2,892.1000,RA,Radiology,RA,N,N,N,Y,Eligible,0,0,0,0,,,,0,exact_submission_number_only,2026-07-31,https://www.fda.gov/medical-devices/software-medical-device-samd/artificial-intelligence-enabled-medical-devices
K250914,510(k),2025-12-18,2025,Q4,MediAI-BA,"Crescom Co., Ltd.",Radiology,QIH,1,MediAI-BA,"Crescom Co., Ltd.",2025-03-27,266,SESE,Substantially Equivalent,Traditional,N,,,,1,Automated Radiological Image Processing Software,2,892.2050,RA,Radiology,RA,N,N,N,N,Ineligible,0,0,0,0,,,,0,exact_submission_number_only,2026-07-31,https://www.fda.gov/medical-devices/software-medical-device-samd/artificial-intelligence-enabled-medical-devices
K252235,510(k),2025-12-18,2025,Q4,PVAD IQ Software,"Ultrasight , Ltd.",Radiology,QIH,1,PVAD IQ Software,"Ultrasight , Ltd.",2025-07-17,154,SESE,Substantially Equivalent,Traditional,N,,,,1,Automated Radiological Image Processing Software,2,892.2050,RA,Radiology,RA,N,N,N,N,Ineligible,0,0,0,0,,,,0,exact_submission_number_only,2026-07-31,https://www.fda.gov/medical-devices/software-medical-device-samd/artificial-intelligence-enabled-medical-devices
K253516,510(k),2025-12-18,2025,Q4,Assert-IQ (DM5100),Abbott Medical,Cardiovascular,MXD,1,Assert-IQ (DM5100),ABBOTT MEDICAL,2025-11-12,36,SESE,Substantially Equivalent,Special,N,,,,1,"Recorder, Event, Implantable Cardiac, (With Arrhythmia Detection)",2,870.1025,CV,Cardiovascular,CV,Y,N,N,N,Eligible,0,0,0,0,,,,0,exact_submission_number_only,2026-07-31,https://www.fda.gov/medical-devices/software-medical-device-samd/artificial-intelligence-enabled-medical-devices
K251416,510(k),2025-12-17,2025,Q4,UltraSight Guidance,"Ultrasight , Ltd.",Radiology,QJU,1,UltraSight Guidance,"Ultrasight , Ltd.",2025-05-07,224,SESE,Substantially Equivalent,Traditional,N,,,,1,Image Acquisition And/Or Optimization Guided By Artificial Intelligence,2,892.2100,RA,Radiology,RA,N,N,N,N,Ineligible,0,0,0,0,,,,0,exact_submission_number_only,2026-07-31,https://www.fda.gov/medical-devices/software-medical-device-samd/artificial-intelligence-enabled-medical-devices
K252922,510(k),2025-12-17,2025,Q4,Neosoma Brain Mets,"Neosoma, Inc.",Radiology,QIH,1,Neosoma Brain Mets,"Neosoma, Inc.",2025-09-15,93,SESE,Substantially Equivalent,Traditional,N,,,,1,Automated Radiological Image Processing Software,2,892.2050,RA,Radiology,RA,N,N,N,N,Ineligible,0,0,0,0,,,,0,exact_submission_number_only,2026-07-31,https://www.fda.gov/medical-devices/software-medical-device-samd/artificial-intelligence-enabled-medical-devices
K251763,510(k),2025-12-16,2025,Q4,IRISeg,"Intuitive Surgical, Inc.",Radiology,QIH,1,IRISeg,"Intuitive Surgical, Inc.",2025-06-09,190,SESE,Substantially Equivalent,Traditional,N,,,,1,Automated Radiological Image Processing Software,2,892.2050,RA,Radiology,RA,N,N,N,N,Ineligible,0,0,0,0,,,,0,exact_submission_number_only,2026-07-31,https://www.fda.gov/medical-devices/software-medical-device-samd/artificial-intelligence-enabled-medical-devices
K252204,510(k),2025-12-16,2025,Q4,prolaio eVO2peak Module (Version 1.0),"Prolaio, Inc.",Cardiovascular,PPW,1,prolaio eVO2peak Module (Version 1.0),"Prolaio, Inc.",2025-07-14,155,SESE,Substantially Equivalent,Traditional,N,,,,1,Adjunctive Cardiovascular Status Indicator,2,870.2200,CV,Cardiovascular,CV,N,N,N,N,Ineligible,0,0,0,0,,,,0,exact_submission_number_only,2026-07-31,https://www.fda.gov/medical-devices/software-medical-device-samd/artificial-intelligence-enabled-medical-devices
K253489,510(k),2025-12-12,2025,Q4,Swoop® Portable MR Imaging® System,"Hyperfine, Inc.",Radiology,LNH,1,Swoop® Portable MR Imaging® System,"Hyperfine, Inc.",2025-10-24,49,SESE,Substantially Equivalent,Special,N,,,,1,"System, Nuclear Magnetic Resonance Imaging",2,892.1000,RA,Radiology,RA,N,N,N,Y,Eligible,0,0,0,0,,,,0,exact_submission_number_only,2026-07-31,https://www.fda.gov/medical-devices/software-medical-device-samd/artificial-intelligence-enabled-medical-devices
K252482,510(k),2025-12-11,2025,Q4,CogNet AI-MT+,"Medcognetics, Inc.",Radiology,QFM,1,CogNet AI-MT+,"Medcognetics, Inc.",2025-08-07,126,SESE,Substantially Equivalent,Traditional,N,,,,1,Radiological Computer-Assisted Prioritization Software For Lesions,2,892.2080,RA,Radiology,RA,N,N,N,N,Ineligible,0,0,0,0,,,,0,exact_submission_number_only,2026-07-31,https://www.fda.gov/medical-devices/software-medical-device-samd/artificial-intelligence-enabled-medical-devices
K253141,510(k),2025-12-11,2025,Q4,DeepRhythmAI,Medicalgorithmics S.A.,Cardiovascular,DQK,1,DeepRhythmAI,Medicalgorithmics S.A.,2025-09-25,77,SESE,Substantially Equivalent,Traditional,N,,,,1,"Computer, Diagnostic, Programmable",2,870.1425,CV,Cardiovascular,CV,N,N,N,Y,Eligible,0,0,0,0,,,,0,exact_submission_number_only,2026-07-31,https://www.fda.gov/medical-devices/software-medical-device-samd/artificial-intelligence-enabled-medical-devices
K252497,510(k),2025-12-10,2025,Q4,SANSA HSAT,Huxley Medical,Anesthesiology,MNR,1,SANSA HSAT,Huxley Medical,2025-08-08,124,SESE,Substantially Equivalent,Traditional,N,,,,1,Ventilatory Effort Recorder,2,868.2375,AN,Anesthesiology,AN,N,N,N,Y,Eligible,0,0,0,0,,,,0,exact_submission_number_only,2026-07-31,https://www.fda.gov/medical-devices/software-medical-device-samd/artificial-intelligence-enabled-medical-devices
K243449,510(k),2025-12-09,2025,Q4,INFINITT DPS,"Infinitt Healthcare Co., Ltd.",Pathology,QKQ,1,INFINITT DPS,"Infinitt Healthcare Co., Ltd.",2024-11-07,397,SESE,Substantially Equivalent,Traditional,N,,,,1,Digital Pathology Image Viewing And Management Software,2,864.3700,PA,Pathology,PA,N,N,N,N,Ineligible,0,0,0,0,,,,0,exact_submission_number_only,2026-07-31,https://www.fda.gov/medical-devices/software-medical-device-samd/artificial-intelligence-enabled-medical-devices
K251936,510(k),2025-12-08,2025,Q4,Ceribell Delirium Monitor System,"Ceribell, Inc.",Neurology,NCG,1,Ceribell Delirium Monitor System,"Ceribell, Inc.",2025-06-24,167,SESE,Substantially Equivalent,Traditional,N,,,,1,Neuropsychiatric Interpretative Electroencephalograph Assessment Aid,2,882.1440,NE,Neurology,NE,N,N,N,N,Eligible,0,0,0,0,,,,0,exact_submission_number_only,2026-07-31,https://www.fda.gov/medical-devices/software-medical-device-samd/artificial-intelligence-enabled-medical-devices
K252294,510(k),2025-12-08,2025,Q4,Fetal EchoScan (v1.2),Brightheart,Radiology,POK,1,Fetal EchoScan (v1.2),Brightheart,2025-07-23,138,SESE,Substantially Equivalent,Traditional,N,,,,1,Computer-Assisted Diagnostic Software For Lesions Suspicious For Cancer,2,892.2060,RA,Radiology,RA,N,N,N,N,Eligible,0,0,0,0,,,,0,exact_submission_number_only,2026-07-31,https://www.fda.gov/medical-devices/software-medical-device-samd/artificial-intelligence-enabled-medical-devices
K250780,510(k),2025-12-05,2025,Q4,ARTAssistant,"Manteia Technologies Co., Ltd.",Radiology,QKB,1,ARTAssistant,"Manteia Technologies Co., Ltd.",2025-03-14,266,SESE,Substantially Equivalent,Traditional,N,,,,1,Radiological Image Processing Software For Radiation Therapy,2,892.2050,RA,Radiology,RA,N,N,N,N,Ineligible,0,0,0,0,,,,0,exact_submission_number_only,2026-07-31,https://www.fda.gov/medical-devices/software-medical-device-samd/artificial-intelligence-enabled-medical-devices
K251514,510(k),2025-12-05,2025,Q4,Overjet CBCT Assist,"Overjet, Inc.",Radiology,QIH,1,Overjet CBCT Assist,"Overjet, Inc.",2025-05-16,203,SESE,Substantially Equivalent,Traditional,N,,,,1,Automated Radiological Image Processing Software,2,892.2050,RA,Radiology,RA,N,N,N,N,Ineligible,0,0,0,0,,,,0,exact_submission_number_only,2026-07-31,https://www.fda.gov/medical-devices/software-medical-device-samd/artificial-intelligence-enabled-medical-devices
K251657,510(k),2025-12-05,2025,Q4,Personalized Therapy Comfort Settings (PTCS),ResMed Corp,Anesthesiology,BZD,1,Personalized Therapy Comfort Settings (PTCS),Resmed Corp,2025-05-30,189,SESE,Substantially Equivalent,Traditional,N,,,,1,"Ventilator, Non-Continuous (Respirator)",2,868.5905,AN,Anesthesiology,AN,N,N,N,N,Eligible,0,0,0,0,,,,0,exact_submission_number_only,2026-07-31,https://www.fda.gov/medical-devices/software-medical-device-samd/artificial-intelligence-enabled-medical-devices
K252504,510(k),2025-12-05,2025,Q4,Gastric Alimetry,"Alimetry , Ltd.",Gastroenterology-Urology,MYE,1,Gastric Alimetry,"Alimetry , Ltd.",2025-08-08,119,SESE,Substantially Equivalent,Traditional,N,,,,1,"System, Electrogastrography (Egg)",2,876.1735,GU,"Gastroenterology, Urology",GU,N,N,N,N,Eligible,0,0,0,0,,,,0,exact_submission_number_only,2026-07-31,https://www.fda.gov/medical-devices/software-medical-device-samd/artificial-intelligence-enabled-medical-devices
K251203,510(k),2025-12-03,2025,Q4,AVIEW Lung Nodule CAD,"Coreline Soft Co.,Ltd",Radiology,OEB,1,AVIEW Lung Nodule CAD,"Coreline Soft Co., Ltd.",2025-04-18,229,SESE,Substantially Equivalent,Traditional,N,,,,1,"Lung Computed Tomography System, Computer-Aided Detection",2,892.2050,RA,Radiology,RA,N,N,N,N,Eligible,0,0,0,0,,,,0,exact_submission_number_only,2026-07-31,https://www.fda.gov/medical-devices/software-medical-device-samd/artificial-intelligence-enabled-medical-devices
K252103,510(k),2025-12-02,2025,Q4,Acorn 3D Software (AC-SEG-4009); Acorn 3DP Model (AC-101-XX),Mighty Oak Medical,Radiology,QIH,1,Acorn 3D Software (AC-SEG-4009); Acorn 3DP Model (AC-101-XX),Mighty Oak Medical,2025-07-03,152,SESE,Substantially Equivalent,Traditional,N,,,,1,Automated Radiological Image Processing Software,2,892.2050,RA,Radiology,RA,N,N,N,N,Ineligible,0,0,0,0,,,,0,exact_submission_number_only,2026-07-31,https://www.fda.gov/medical-devices/software-medical-device-samd/artificial-intelligence-enabled-medical-devices
K251370,510(k),2025-12-01,2025,Q4,Cartesion Prime (PCD-1000A/3) V10.21,Canon Medical Systems Corporation,Radiology,KPS,1,Cartesion Prime (PCD-1000A/3) V10.21,Canon Medical Systems Corporation,2025-05-02,213,SESE,Substantially Equivalent,Traditional,N,,,,1,"System, Tomography, Computed, Emission",2,892.1200,RA,Radiology,RA,N,N,N,Y,Eligible,0,0,0,0,,,,0,exact_submission_number_only,2026-07-31,https://www.fda.gov/medical-devices/software-medical-device-samd/artificial-intelligence-enabled-medical-devices
K252217,510(k),2025-11-28,2025,Q4,CT VScore+,"Canon Medical Informatics, Inc.",Radiology,JAK,1,CT VScore+,"Canon Medical Informatics, Inc.",2025-07-15,136,SESE,Substantially Equivalent,Traditional,N,,,,1,"System, X-Ray, Tomography, Computed",2,892.1750,RA,Radiology,RA,N,N,N,Y,Eligible,0,0,0,0,,,,0,exact_submission_number_only,2026-07-31,https://www.fda.gov/medical-devices/software-medical-device-samd/artificial-intelligence-enabled-medical-devices
K253269,510(k),2025-11-26,2025,Q4,OEC One CFD,"Ge Hualun Medical Systems Co. , Ltd.",Radiology,OXO,1,OEC One CFD,"Ge Hualun Medical Systems Co. , Ltd.",2025-09-29,58,SESE,Substantially Equivalent,Traditional,N,,,,1,"Image-Intensified Fluoroscopic X-Ray System, Mobile",2,892.1650,RA,Radiology,RA,N,N,N,Y,Eligible,0,0,0,0,,,,0,exact_submission_number_only,2026-07-31,https://www.fda.gov/medical-devices/software-medical-device-samd/artificial-intelligence-enabled-medical-devices
K250694,510(k),2025-11-25,2025,Q4,Scaida BrainCT-ICH (v1.0),Mlhealth 360,Radiology,QAS,1,Scaida BrainCT-ICH (v1.0),Mlhealth 360,2025-03-07,263,SESE,Substantially Equivalent,Traditional,N,,,,1,Radiological Computer-Assisted Triage And Notification Software,2,892.2080,RA,Radiology,RA,N,N,N,N,Ineligible,0,0,0,0,,,,0,exact_submission_number_only,2026-07-31,https://www.fda.gov/medical-devices/software-medical-device-samd/artificial-intelligence-enabled-medical-devices
K253310,510(k),2025-11-25,2025,Q4,7600 Ultrasound System (MyLabC25); 7600 Ultrasound System (MyLabC30),"Esaote, S.P.A.",Radiology,IYN,1,7600 Ultrasound System (MyLabC25); 7600 Ultrasound System (MyLabC30),"Esaote, S.p.A.",2025-09-29,57,SESE,Substantially Equivalent,Special,N,,,,1,"System, Imaging, Pulsed Doppler, Ultrasonic",2,892.1550,RA,Radiology,RA,N,N,N,Y,Eligible,0,0,0,0,,,,0,exact_submission_number_only,2026-07-31,https://www.fda.gov/medical-devices/software-medical-device-samd/artificial-intelligence-enabled-medical-devices
K252328,510(k),2025-11-24,2025,Q4,Voluson Expert 18; Voluson Expert 20; Voluson Expert 22,Ge Medical Systems Ultrasound and Primary Care Diagnostics,Radiology,IYN,1,Voluson Expert 18; Voluson Expert 20; Voluson Expert 22,GE Medical Systems Ultrasound and Primary Care Diagnostics,2025-07-25,122,SESE,Substantially Equivalent,Traditional,N,,,,1,"System, Imaging, Pulsed Doppler, Ultrasonic",2,892.1550,RA,Radiology,RA,N,N,N,Y,Eligible,0,0,0,0,,,,0,exact_submission_number_only,2026-07-31,https://www.fda.gov/medical-devices/software-medical-device-samd/artificial-intelligence-enabled-medical-devices
K252366,510(k),2025-11-24,2025,Q4,a2z-Unified-Triage,"A2z Radiology Ai, Inc.",Radiology,QAS,1,a2z-Unified-Triage,"A2z Radiology Ai, Inc.",2025-07-30,117,SESE,Substantially Equivalent,Traditional,N,,,,1,Radiological Computer-Assisted Triage And Notification Software,2,892.2080,RA,Radiology,RA,N,N,N,N,Ineligible,0,0,0,0,,,,0,exact_submission_number_only,2026-07-31,https://www.fda.gov/medical-devices/software-medical-device-samd/artificial-intelligence-enabled-medical-devices
K251293,510(k),2025-11-21,2025,Q4,CardioVision,Icardio.Ai,Cardiovascular,QUO,1,CardioVision,Icardio.Ai,2025-04-25,210,SESE,Substantially Equivalent,Traditional,N,,,,1,Adjunctive Heart Failure Status Indicator,2,870.2200,CV,Cardiovascular,CV,N,N,N,N,Ineligible,0,0,0,0,,,,0,exact_submission_number_only,2026-07-31,https://www.fda.gov/medical-devices/software-medical-device-samd/artificial-intelligence-enabled-medical-devices
K251506,510(k),2025-11-21,2025,Q4,Nelli (Version 7.11),Neuro Event Labs OY,Neurology,POS,1,Nelli (Version 7.11),Neuro Event Labs OY,2025-05-16,189,SESE,Substantially Equivalent,Traditional,N,,,,1,Physiological Signal Based Seizure Monitoring System,2,882.1580,NE,Neurology,NE,N,N,N,N,Eligible,0,0,0,0,,,,0,exact_submission_number_only,2026-07-31,https://www.fda.gov/medical-devices/software-medical-device-samd/artificial-intelligence-enabled-medical-devices
P130020/S005,PMA,2025-11-21,2025,Q4,Senographe Pristina 3D,GE Healthcare,Radiology,OTE,1,Senographe Pristina 3D,GE Healthcare,2025-04-21,214,APPR,Approved,,,N,,,1,Digital Breast Tomosynthesis,3,,,Unknown,RA,N,N,N,N,Eligible,0,0,0,0,,,,0,exact_submission_number_only,2026-07-31,https://www.fda.gov/medical-devices/software-medical-device-samd/artificial-intelligence-enabled-medical-devices
K251822,510(k),2025-11-20,2025,Q4,MAGNETOM Free.Max; MAGNETOM Free.Star,"Siemens Shenzhen Magnetic Resonance , Ltd.",Radiology,LNH,1,MAGNETOM Free.Max; MAGNETOM Free.Star,"Siemens Shenzhen Magnetic Resonance , Ltd.",2025-06-13,160,SESE,Substantially Equivalent,Traditional,N,,,,1,"System, Nuclear Magnetic Resonance Imaging",2,892.1000,RA,Radiology,RA,N,N,N,Y,Eligible,0,0,0,0,,,,0,exact_submission_number_only,2026-07-31,https://www.fda.gov/medical-devices/software-medical-device-samd/artificial-intelligence-enabled-medical-devices
K252086,510(k),2025-11-17,2025,Q4,DTX Studio Assist,Nobel Biocare C/O Medicim NV,Radiology,MYN,1,DTX Studio Assist,Nobel Biocare C/O Medicim NV,2025-07-02,138,SESE,Substantially Equivalent,Traditional,N,,,,1,"Analyzer, Medical Image",2,892.2070,RA,Radiology,RA,N,N,N,N,Eligible,0,0,0,0,,,,0,exact_submission_number_only,2026-07-31,https://www.fda.gov/medical-devices/software-medical-device-samd/artificial-intelligence-enabled-medical-devices
K252330,510(k),2025-11-17,2025,Q4,DeepRESP,Nox Medical Ehf,Neurology,OLZ,1,DeepRESP,Nox Medical Ehf,2025-07-25,115,SESE,Substantially Equivalent,Traditional,N,,,,1,Automatic Event Detection Software For Polysomnograph With Electroencephalograph,2,882.1400,NE,Neurology,NE,N,N,N,N,Eligible,0,0,0,0,,,,0,exact_submission_number_only,2026-07-31,https://www.fda.gov/medical-devices/software-medical-device-samd/artificial-intelligence-enabled-medical-devices
K250525,510(k),2025-11-14,2025,Q4,Second Opinion® Panoramic,"Pearl, Inc.",Radiology,MYN,1,Second Opinion® Panoramic,"Pearl, Inc.",2025-02-21,266,SESE,Substantially Equivalent,Traditional,N,,,,1,"Analyzer, Medical Image",2,892.2070,RA,Radiology,RA,N,N,N,N,Eligible,0,0,0,0,,,,0,exact_submission_number_only,2026-07-31,https://www.fda.gov/medical-devices/software-medical-device-samd/artificial-intelligence-enabled-medical-devices
K251078,510(k),2025-11-14,2025,Q4,AutoDensity,Eos Imaging,Radiology,QIH,1,AutoDensity,Eos Imaging,2025-04-08,220,SESE,Substantially Equivalent,Traditional,N,,,,1,Automated Radiological Image Processing Software,2,892.2050,RA,Radiology,RA,N,N,N,N,Ineligible,0,0,0,0,,,,0,exact_submission_number_only,2026-07-31,https://www.fda.gov/medical-devices/software-medical-device-samd/artificial-intelligence-enabled-medical-devices
K252452,510(k),2025-11-12,2025,Q4,PeekMed web,"Peek Health, S.A.",Radiology,QIH,1,PeekMed web,"Peek Health, S.A.",2025-08-04,100,SESE,Substantially Equivalent,Traditional,N,,,,1,Automated Radiological Image Processing Software,2,892.2050,RA,Radiology,RA,N,N,N,N,Ineligible,0,0,0,0,,,,0,exact_submission_number_only,2026-07-31,https://www.fda.gov/medical-devices/software-medical-device-samd/artificial-intelligence-enabled-medical-devices
K250264,510(k),2025-11-07,2025,Q4,SugarBug (1.x),"Bench7, Inc.",Radiology,MYN,1,SugarBug (1.x),"Bench7, Inc.",2025-01-29,282,SESE,Substantially Equivalent,Traditional,N,,,,1,"Analyzer, Medical Image",2,892.2070,RA,Radiology,RA,N,N,N,N,Eligible,0,0,0,0,,,,0,exact_submission_number_only,2026-07-31,https://www.fda.gov/medical-devices/software-medical-device-samd/artificial-intelligence-enabled-medical-devices
K252041,510(k),2025-11-07,2025,Q4,Fibresolve (with PCCP),"Imvaria, Inc.",Radiology,QWO,1,Fibresolve (with PCCP),"Imvaria, Inc.",2025-06-30,130,SESE,Substantially Equivalent,Traditional,N,,,,1,Radiology Software For Referral Of Findings Related To Fibrotic Lung Disease.,2,892.2085,RA,Radiology,RA,N,N,N,N,Ineligible,0,0,0,0,,,,0,exact_submission_number_only,2026-07-31,https://www.fda.gov/medical-devices/software-medical-device-samd/artificial-intelligence-enabled-medical-devices
K253265,510(k),2025-11-06,2025,Q4,BriefCase-Triage,"Aidoc Medical , Ltd.",Radiology,QAS,1,BriefCase-Triage,"Aidoc Medical , Ltd.",2025-09-29,38,SESE,Substantially Equivalent,Special,N,,,,1,Radiological Computer-Assisted Triage And Notification Software,2,892.2080,RA,Radiology,RA,N,N,N,N,Ineligible,0,0,0,0,,,,0,exact_submission_number_only,2026-07-31,https://www.fda.gov/medical-devices/software-medical-device-samd/artificial-intelligence-enabled-medical-devices
K250330,510(k),2025-11-03,2025,Q4,3mensio Workstation,Pie Medical Imaging BV,Radiology,QIH,1,3mensio Workstation,Pie Medical Imaging BV,2025-02-05,271,SESE,Substantially Equivalent,Traditional,N,,,,1,Automated Radiological Image Processing Software,2,892.2050,RA,Radiology,RA,N,N,N,N,Ineligible,1,1,1,0,2026-05-07,2026-05-07,185.0,1,exact_submission_number_only,2026-07-31,https://www.fda.gov/medical-devices/software-medical-device-samd/artificial-intelligence-enabled-medical-devices
K251532,510(k),2025-11-03,2025,Q4,Acorn 3D Software (AC-SEG-4009); Acorn 3DP Model (AC-101-XX),Mighty Oak Medical,Radiology,LLZ,1,Acorn 3D Software (AC-SEG-4009); Acorn 3DP Model (AC-101-XX),Mighty Oak Medical,2025-05-19,168,SESE,Substantially Equivalent,Traditional,N,,,,1,"System, Image Processing, Radiological",2,892.2050,RA,Radiology,RA,N,N,N,Y,Eligible,0,0,0,0,,,,0,exact_submission_number_only,2026-07-31,https://www.fda.gov/medical-devices/software-medical-device-samd/artificial-intelligence-enabled-medical-devices
K252074,510(k),2025-10-31,2025,Q4,"Aplio i900, Aplio i800 and Aplio i700 Software V9.0 Diagnostic Ultrasound System",Canon Medical Systems Corporation,Radiology,IYN,1,"Aplio i900, Aplio i800 and Aplio i700 Software V9.0 Diagnostic Ultrasound System",Canon Medical Systems Corporation,2025-07-02,121,SESE,Substantially Equivalent,Traditional,N,,,,1,"System, Imaging, Pulsed Doppler, Ultrasonic",2,892.1550,RA,Radiology,RA,N,N,N,Y,Eligible,0,0,0,0,,,,0,exact_submission_number_only,2026-07-31,https://www.fda.gov/medical-devices/software-medical-device-samd/artificial-intelligence-enabled-medical-devices
K250337,510(k),2025-10-30,2025,Q4,AiORTA - Plan,"ViTAA Medical Solutions, Inc.",Radiology,QIH,1,AiORTA - Plan,"ViTAA Medical Solutions, Inc.",2025-02-06,266,SESE,Substantially Equivalent,Traditional,N,,,,1,Automated Radiological Image Processing Software,2,892.2050,RA,Radiology,RA,N,N,N,N,Ineligible,0,0,0,0,,,,0,exact_submission_number_only,2026-07-31,https://www.fda.gov/medical-devices/software-medical-device-samd/artificial-intelligence-enabled-medical-devices
K250882,510(k),2025-10-29,2025,Q4,SANSA HSAT,Huxley Medical,Anesthesiology,MNR,1,SANSA HSAT,Huxley Medical,2025-03-24,219,SESE,Substantially Equivalent,Traditional,N,,,,1,Ventilatory Effort Recorder,2,868.2375,AN,Anesthesiology,AN,N,N,N,Y,Eligible,0,0,0,0,,,,0,exact_submission_number_only,2026-07-31,https://www.fda.gov/medical-devices/software-medical-device-samd/artificial-intelligence-enabled-medical-devices
K251963,510(k),2025-10-29,2025,Q4,LOGIQ E10s,Ge Medical Systems Ultrasound and Primary Care Diagnostics,Radiology,IYN,1,LOGIQ E10s,GE Medical Systems Ultrasound and Primary Care Diagnostics,2025-06-26,125,SESE,Substantially Equivalent,Traditional,N,,,,1,"System, Imaging, Pulsed Doppler, Ultrasonic",2,892.1550,RA,Radiology,RA,N,N,N,Y,Eligible,0,0,0,0,,,,0,exact_submission_number_only,2026-07-31,https://www.fda.gov/medical-devices/software-medical-device-samd/artificial-intelligence-enabled-medical-devices
K251985,510(k),2025-10-29,2025,Q4,LOGIQ E10,Ge Medical Systems Ultrasound and Primary Care Diagnostics,Radiology,IYN,1,LOGIQ E10,GE Medical Systems Ultrasound and Primary Care Diagnostics,2025-06-27,124,SESE,Substantially Equivalent,Traditional,N,,,,1,"System, Imaging, Pulsed Doppler, Ultrasonic",2,892.1550,RA,Radiology,RA,N,N,N,Y,Eligible,0,0,0,0,,,,0,exact_submission_number_only,2026-07-31,https://www.fda.gov/medical-devices/software-medical-device-samd/artificial-intelligence-enabled-medical-devices
K251027,510(k),2025-10-27,2025,Q4,cvi42 Coronary Plaque Software Application,"Circle Cardiovascular Imaging, Inc.",Radiology,QIH,1,cvi42 Coronary Plaque Software Application,"Circle Cardiovascular Imaging, Inc.",2025-04-02,208,SESE,Substantially Equivalent,Traditional,N,,,,1,Automated Radiological Image Processing Software,2,892.2050,RA,Radiology,RA,N,N,N,N,Ineligible,0,0,0,0,,,,0,exact_submission_number_only,2026-07-31,https://www.fda.gov/medical-devices/software-medical-device-samd/artificial-intelligence-enabled-medical-devices
K251059,510(k),2025-10-24,2025,Q4,Syngo Carbon Clinicals (VA41),Siemens Healthineers AG,Radiology,QIH,1,Syngo Carbon Clinicals (VA41),Siemens Healthineers AG,2025-04-04,203,SESE,Substantially Equivalent,Traditional,N,,,,1,Automated Radiological Image Processing Software,2,892.2050,RA,Radiology,RA,N,N,N,N,Ineligible,0,0,0,0,,,,0,exact_submission_number_only,2026-07-31,https://www.fda.gov/medical-devices/software-medical-device-samd/artificial-intelligence-enabled-medical-devices
K250288,510(k),2025-10-23,2025,Q4,TeraRecon Cardiovascular.Calcification.CT,"Terarecon,Inc.",Radiology,QIH,1,TeraRecon Cardiovascular.Calcification.CT,"Terarecon,Inc.",2025-01-31,265,SESE,Substantially Equivalent,Traditional,N,,,,1,Automated Radiological Image Processing Software,2,892.2050,RA,Radiology,RA,N,N,N,N,Ineligible,0,0,0,0,,,,0,exact_submission_number_only,2026-07-31,https://www.fda.gov/medical-devices/software-medical-device-samd/artificial-intelligence-enabled-medical-devices
K252298,510(k),2025-10-22,2025,Q4,ANDI 2.0,"Imeka Solutions, Inc.",Radiology,QIH,1,ANDI 2.0,"Imeka Solutions, Inc.",2025-07-23,91,SESE,Substantially Equivalent,Traditional,N,,,,1,Automated Radiological Image Processing Software,2,892.2050,RA,Radiology,RA,N,N,N,N,Ineligible,0,0,0,0,,,,0,exact_submission_number_only,2026-07-31,https://www.fda.gov/medical-devices/software-medical-device-samd/artificial-intelligence-enabled-medical-devices
K252665,510(k),2025-10-20,2025,Q4,brAIn™ Shoulder Positioning,Avatar Medical,Radiology,QIH,1,brAIn™ Shoulder Positioning,Avatar Medical,2025-08-25,56,SESE,Substantially Equivalent,Traditional,N,,,,1,Automated Radiological Image Processing Software,2,892.2050,RA,Radiology,RA,N,N,N,N,Ineligible,0,0,0,0,,,,0,exact_submission_number_only,2026-07-31,https://www.fda.gov/medical-devices/software-medical-device-samd/artificial-intelligence-enabled-medical-devices
K251355,510(k),2025-10-17,2025,Q4,X1-FFR,"Spectrawave, Inc.",Radiology,QHA,1,X1-FFR,"Spectrawave, Inc.",2025-04-30,170,SESE,Substantially Equivalent,Traditional,N,,,,1,X-Ray Angiographic Imaging Based Coronary Vascular Simulation Software Device,2,892.1600,RA,Radiology,RA,N,N,N,N,Ineligible,0,0,0,0,,,,0,exact_submission_number_only,2026-07-31,https://www.fda.gov/medical-devices/software-medical-device-samd/artificial-intelligence-enabled-medical-devices
K251673,510(k),2025-10-17,2025,Q4,X9 Ultrasound System,"X9, Inc.",Radiology,SGH,1,X9 Ultrasound System,"X9, Inc.",2025-05-30,140,SESE,Substantially Equivalent,Traditional,N,,,,1,Ultrasound Imaging For Vascular Access For Hemodialysis,2,892.1560,RA,Radiology,GU,N,N,N,N,Ineligible,0,0,0,0,,,,0,exact_submission_number_only,2026-07-31,https://www.fda.gov/medical-devices/software-medical-device-samd/artificial-intelligence-enabled-medical-devices
K251082,510(k),2025-10-10,2025,Q4,HYDROS Robotic System (HY1000); HYDROS Handpiece (HH1000); HYDROS TRUS Probe (HU1000),Procept Biorobotics,General and Plastic Surgery,PZP,1,HYDROS Robotic System (HY1000); HYDROS Handpiece (HH1000); HYDROS TRUS Probe (HU1000),Procept Biorobotics,2025-04-09,184,SESE,Substantially Equivalent,Traditional,N,,,,1,Fluid Jet Removal System,2,876.4350,SU,"General, Plastic Surgery",GU,N,N,N,N,Eligible,0,0,0,0,,,,0,exact_submission_number_only,2026-07-31,https://www.fda.gov/medical-devices/software-medical-device-samd/artificial-intelligence-enabled-medical-devices
K251602,510(k),2025-10-10,2025,Q4,"Alphenix, INFX-8000V/B, INFX-8000V/S, V9.6 with aEvolve Imaging",Canon Medical Systems Corporation,Radiology,OWB,1,"Alphenix, INFX-8000V/B, INFX-8000V/S, V9.6 with aEvolve Imaging",Canon Medical Systems Corporation,2025-05-27,136,SESE,Substantially Equivalent,Traditional,N,,,,1,Interventional Fluoroscopic X-Ray System,2,892.1650,RA,Radiology,RA,N,N,N,Y,Eligible,0,0,0,0,,,,0,exact_submission_number_only,2026-07-31,https://www.fda.gov/medical-devices/software-medical-device-samd/artificial-intelligence-enabled-medical-devices
K251651,510(k),2025-10-09,2025,Q4,EPIQ Series Diagnostic Ultrasound System; Affiniti Series Diagnostic Ultrasound System,"Philips Ultrasound, LLC",Radiology,IYN,1,EPIQ Series Diagnostic Ultrasound System; Affiniti Series Diagnostic Ultrasound System,"Philips Ultrasound, LLC",2025-05-29,133,SESE,Substantially Equivalent,Special,N,,,,1,"System, Imaging, Pulsed Doppler, Ultrasonic",2,892.1550,RA,Radiology,RA,N,N,N,Y,Eligible,0,0,0,0,,,,0,exact_submission_number_only,2026-07-31,https://www.fda.gov/medical-devices/software-medical-device-samd/artificial-intelligence-enabled-medical-devices
K252214,510(k),2025-10-07,2025,Q4,AIAS Cephalon,Metamorphosis GmbH,Radiology,QIH,1,AIAS Cephalon,Metamorphosis GmbH,2025-07-15,84,SESE,Substantially Equivalent,Traditional,N,,,,1,Automated Radiological Image Processing Software,2,892.2050,RA,Radiology,RA,N,N,N,N,Ineligible,0,0,0,0,,,,0,exact_submission_number_only,2026-07-31,https://www.fda.gov/medical-devices/software-medical-device-samd/artificial-intelligence-enabled-medical-devices
K252007,510(k),2025-10-06,2025,Q4,BlineSlide,"Deep Breathe, Inc.",Radiology,QIH,1,BlineSlide,"Deep Breathe, Inc.",2025-06-27,101,SESE,Substantially Equivalent,Traditional,N,,,,1,Automated Radiological Image Processing Software,2,892.2050,RA,Radiology,RA,N,N,N,N,Ineligible,0,0,0,0,,,,0,exact_submission_number_only,2026-07-31,https://www.fda.gov/medical-devices/software-medical-device-samd/artificial-intelligence-enabled-medical-devices
K250662,510(k),2025-10-03,2025,Q4,Bunkerhill MAC,Bunkerhill Health,Radiology,JAK,1,Bunkerhill MAC,BunkerHill Health,2025-03-05,212,SESE,Substantially Equivalent,Traditional,N,,,,1,"System, X-Ray, Tomography, Computed",2,892.1750,RA,Radiology,RA,N,N,N,Y,Eligible,0,0,0,0,,,,0,exact_submission_number_only,2026-07-31,https://www.fda.gov/medical-devices/software-medical-device-samd/artificial-intelligence-enabled-medical-devices
K251639,510(k),2025-10-03,2025,Q4,xvision Spine system,"Augmedics, Ltd.",Neurology,SBF,1,xvision Spine system,"Augmedics, Ltd.",2025-05-29,127,SESE,Substantially Equivalent,Traditional,N,,,,1,Orthopedic Augmented Reality,2,882.4560,NE,Neurology,OR,N,N,N,N,Ineligible,0,0,0,0,,,,0,exact_submission_number_only,2026-07-31,https://www.fda.gov/medical-devices/software-medical-device-samd/artificial-intelligence-enabled-medical-devices
K252178,510(k),2025-10-03,2025,Q4,MAGENTIQ-COLO (ME-APDS),"Magentiq Eye, Ltd.",Gastroenterology-Urology,QNP,1,MAGENTIQ-COLO (ME-APDS),"Magentiq Eye, Ltd.",2025-07-11,84,SESE,Substantially Equivalent,Special,N,,,,1,Gastrointesinal Lesion Software Detection System,2,876.1520,GU,"Gastroenterology, Urology",GU,N,N,N,N,Ineligible,0,0,0,0,,,,0,exact_submission_number_only,2026-07-31,https://www.fda.gov/medical-devices/software-medical-device-samd/artificial-intelligence-enabled-medical-devices
K250766,510(k),2025-10-02,2025,Q4,LungQ 4,Thirona BV,Radiology,JAK,1,LungQ 4,Thirona BV,2025-03-13,203,SESE,Substantially Equivalent,Traditional,N,,,,1,"System, X-Ray, Tomography, Computed",2,892.1750,RA,Radiology,RA,N,N,N,Y,Eligible,0,0,0,0,,,,0,exact_submission_number_only,2026-07-31,https://www.fda.gov/medical-devices/software-medical-device-samd/artificial-intelligence-enabled-medical-devices
K250023,510(k),2025-09-29,2025,Q3,SMART PCFD,Disior Ltd,Radiology,QIH,1,SMART PCFD,"Disior, Ltd.",2025-01-03,269,SESE,Substantially Equivalent,Traditional,N,,,,1,Automated Radiological Image Processing Software,2,892.2050,RA,Radiology,RA,N,N,N,N,Ineligible,0,0,0,0,,,,0,exact_submission_number_only,2026-07-31,https://www.fda.gov/medical-devices/software-medical-device-samd/artificial-intelligence-enabled-medical-devices
K252054,510(k),2025-09-29,2025,Q3,SpineAR SNAP (SyncAR Spine),"Surgical Theater, Inc.",Neurology,SBF,1,SpineAR SNAP (SyncAR Spine),"Surgical Theater, Inc.",2025-07-01,90,SESE,Substantially Equivalent,Traditional,N,,,,1,Orthopedic Augmented Reality,2,882.4560,NE,Neurology,OR,N,N,N,N,Ineligible,0,0,0,0,,,,0,exact_submission_number_only,2026-07-31,https://www.fda.gov/medical-devices/software-medical-device-samd/artificial-intelligence-enabled-medical-devices
K252105,510(k),2025-09-26,2025,Q3,Ligence Heart,"Ligence, UAB",Radiology,QIH,1,Ligence Heart,Ligence Uab,2025-07-03,85,SESE,Substantially Equivalent,Traditional,N,,,,1,Automated Radiological Image Processing Software,2,892.2050,RA,Radiology,RA,N,N,N,N,Ineligible,0,0,0,0,,,,0,exact_submission_number_only,2026-07-31,https://www.fda.gov/medical-devices/software-medical-device-samd/artificial-intelligence-enabled-medical-devices
K251527,510(k),2025-09-25,2025,Q3,Brain WMH,Quantib BV,Radiology,QIH,1,Brain WMH,Quantib B.V.,2025-05-19,129,SESE,Substantially Equivalent,Traditional,N,,,,1,Automated Radiological Image Processing Software,2,892.2050,RA,Radiology,RA,N,N,N,N,Ineligible,0,0,0,0,,,,0,exact_submission_number_only,2026-07-31,https://www.fda.gov/medical-devices/software-medical-device-samd/artificial-intelligence-enabled-medical-devices
K252371,510(k),2025-09-25,2025,Q3,uMR 680,"Shanghai United Imaging Healthcare Co., Ltd.",Radiology,LNH,1,uMR 680,"Shanghai United Imaging Healthcare Co., Ltd.",2025-07-30,57,SESE,Substantially Equivalent,Special,N,,,,1,"System, Nuclear Magnetic Resonance Imaging",2,892.1000,RA,Radiology,RA,N,N,N,Y,Eligible,0,0,0,0,,,,0,exact_submission_number_only,2026-07-31,https://www.fda.gov/medical-devices/software-medical-device-samd/artificial-intelligence-enabled-medical-devices
K251483,510(k),2025-09-23,2025,Q3,SwiftSight-Brain,AIRS Medical Inc.,Radiology,QIH,1,SwiftSight-Brain,"Airs Medical, Inc.",2025-05-14,132,SESE,Substantially Equivalent,Traditional,N,,,,1,Automated Radiological Image Processing Software,2,892.2050,RA,Radiology,RA,N,N,N,N,Ineligible,0,0,0,0,,,,0,exact_submission_number_only,2026-07-31,https://www.fda.gov/medical-devices/software-medical-device-samd/artificial-intelligence-enabled-medical-devices
K251987,510(k),2025-09-23,2025,Q3,Rapid Aortic Measurements,"iSchemaView, Inc.",Radiology,QIH,1,Rapid Aortic Measurements,"Ischemaview, Inc.",2025-06-27,88,SESE,Substantially Equivalent,Traditional,N,,,,1,Automated Radiological Image Processing Software,2,892.2050,RA,Radiology,RA,N,N,N,N,Ineligible,0,0,0,0,,,,0,exact_submission_number_only,2026-07-31,https://www.fda.gov/medical-devices/software-medical-device-samd/artificial-intelligence-enabled-medical-devices
K250649,510(k),2025-09-19,2025,Q3,Bunkerhill ECG-EF,BunkerHill Health,Cardiovascular,QYE,1,Bunkerhill ECG-EF,BunkerHill Health,2025-03-04,199,SESE,Substantially Equivalent,Traditional,N,,,,1,Reduced Ejection Fraction Machine Learning-Based Notification Software,2,870.2380,CV,Cardiovascular,CV,N,N,N,N,Ineligible,0,0,0,0,,,,0,exact_submission_number_only,2026-07-31,https://www.fda.gov/medical-devices/software-medical-device-samd/artificial-intelligence-enabled-medical-devices
K251002,510(k),2025-09-19,2025,Q3,Videa Dental AI,VideaHealth Inc.,Radiology,MYN,1,Videa Dental AI,"Videahealth, Inc.",2025-04-01,171,SESE,Substantially Equivalent,Traditional,N,,,,1,"Analyzer, Medical Image",2,892.2070,RA,Radiology,RA,N,N,N,N,Eligible,0,0,0,0,,,,0,exact_submission_number_only,2026-07-31,https://www.fda.gov/medical-devices/software-medical-device-samd/artificial-intelligence-enabled-medical-devices
K251167,510(k),2025-09-19,2025,Q3,uDR Aurora CX,"Shanghai United Imaging Healthcare Co., Ltd.",Radiology,KPR,1,uDR Aurora CX,"Shanghai United Imaging Healthcare Co., Ltd.",2025-04-15,157,SESE,Substantially Equivalent,Traditional,N,,,,1,"System, X-Ray, Stationary",2,892.1680,RA,Radiology,RA,N,N,N,Y,Eligible,0,0,0,0,,,,0,exact_submission_number_only,2026-07-31,https://www.fda.gov/medical-devices/software-medical-device-samd/artificial-intelligence-enabled-medical-devices
K250369,510(k),2025-09-18,2025,Q3,Axial3D Insight,Axial Medical Printing Limited,Radiology,QIH,1,Axial3D Insight,Axial Medical Printing Limited,2025-02-10,220,SESE,Substantially Equivalent,Traditional,N,,,,1,Automated Radiological Image Processing Software,2,892.2050,RA,Radiology,RA,N,N,N,N,Ineligible,0,0,0,0,,,,0,exact_submission_number_only,2026-07-31,https://www.fda.gov/medical-devices/software-medical-device-samd/artificial-intelligence-enabled-medical-devices
K251221,510(k),2025-09-17,2025,Q3,Assert-IQ  (DM5000); Assert-IQ (DM5300); Assert-IQ (DM5500); Merlin.net (MN7000),Abbott,Cardiovascular,MXD,1,Assert-IQ  (DM5000); Assert-IQ (DM5300); Assert-IQ (DM5500); Merlin.net (MN7000),Abbott,2025-04-21,149,SESE,Substantially Equivalent,Traditional,N,,,,1,"Recorder, Event, Implantable Cardiac, (With Arrhythmia Detection)",2,870.1025,CV,Cardiovascular,CV,Y,N,N,N,Eligible,0,0,0,0,,,,0,exact_submission_number_only,2026-07-31,https://www.fda.gov/medical-devices/software-medical-device-samd/artificial-intelligence-enabled-medical-devices
K251386,510(k),2025-09-17,2025,Q3,ECHELON Synergy,Fujifilm Corporation,Radiology,LNH,1,ECHELON Synergy,Fujifilm Corporation,2025-05-05,135,SESE,Substantially Equivalent,Traditional,N,,,,1,"System, Nuclear Magnetic Resonance Imaging",2,892.1000,RA,Radiology,RA,N,N,N,Y,Eligible,0,0,0,0,,,,0,exact_submission_number_only,2026-07-31,https://www.fda.gov/medical-devices/software-medical-device-samd/artificial-intelligence-enabled-medical-devices
K250237,510(k),2025-09-15,2025,Q3,InferOperate Suite,"Beijing Infervision Healthcare Medical Technology Co., Ltd.",Radiology,QIH,1,InferOperate Suite,"Beijing Infervision Healthcare Medical Technology Co., Ltd.",2025-01-27,231,SESE,Substantially Equivalent,Traditional,N,,,,1,Automated Radiological Image Processing Software,2,892.2050,RA,Radiology,RA,N,N,N,N,Ineligible,0,0,0,0,,,,0,exact_submission_number_only,2026-07-31,https://www.fda.gov/medical-devices/software-medical-device-samd/artificial-intelligence-enabled-medical-devices
K251368,510(k),2025-09-12,2025,Q3,FETOLY,Diagnoly,Radiology,IYN,1,FETOLY,Diagnoly,2025-05-01,134,SESE,Substantially Equivalent,Traditional,N,,,,1,"System, Imaging, Pulsed Doppler, Ultrasonic",2,892.1550,RA,Radiology,RA,N,N,N,Y,Eligible,0,0,0,0,,,,0,exact_submission_number_only,2026-07-31,https://www.fda.gov/medical-devices/software-medical-device-samd/artificial-intelligence-enabled-medical-devices
K251518,510(k),2025-09-12,2025,Q3,Volta AF-Xplorer II,Volta Medical,Cardiovascular,DQK,1,Volta AF-Xplorer II,Volta Medical,2025-05-16,119,SESE,Substantially Equivalent,Traditional,N,,,,1,"Computer, Diagnostic, Programmable",2,870.1425,CV,Cardiovascular,CV,N,N,N,Y,Eligible,0,0,0,0,,,,0,exact_submission_number_only,2026-07-31,https://www.fda.gov/medical-devices/software-medical-device-samd/artificial-intelligence-enabled-medical-devices
K252586,510(k),2025-09-12,2025,Q3,CADDIE,Odin Medical Limited,Gastroenterology-Urology,QNP,1,CADDIE,Odin Medical Limited,2025-08-15,28,SESE,Substantially Equivalent,Special,N,,,,1,Gastrointesinal Lesion Software Detection System,2,876.1520,GU,"Gastroenterology, Urology",GU,N,N,N,N,Ineligible,0,0,0,0,,,,0,exact_submission_number_only,2026-07-31,https://www.fda.gov/medical-devices/software-medical-device-samd/artificial-intelligence-enabled-medical-devices
K252595,510(k),2025-09-12,2025,Q3,Stethophone Pro,"Sparrow Acoustics, Inc.",Cardiovascular,DQD,1,Stethophone Pro,"Sparrow Acoustics, Inc.",2025-08-15,28,SESE,Substantially Equivalent,Special,N,,,,1,"Stethoscope, Electronic",2,870.1875,CV,Cardiovascular,CV,N,N,N,Y,Eligible,0,0,0,0,,,,0,exact_submission_number_only,2026-07-31,https://www.fda.gov/medical-devices/software-medical-device-samd/artificial-intelligence-enabled-medical-devices
K250507,510(k),2025-09-11,2025,Q3,Hypertension Notification Feature (HTNF),Apple Inc.,Cardiovascular,SFR,1,Hypertension Notification Feature (HTNF),"Apple, Inc.",2025-02-21,202,SESE,Substantially Equivalent,Traditional,N,,,,1,Hypertension Machine Learning-Based Notification Software,2,870.2380,CV,Cardiovascular,CV,N,N,N,N,Ineligible,0,0,0,0,,,,0,exact_submission_number_only,2026-07-31,https://www.fda.gov/medical-devices/software-medical-device-samd/artificial-intelligence-enabled-medical-devices
K251316,510(k),2025-09-11,2025,Q3,Mazor X System / Mazor X Stealth Edition,Mazor Robotics Ltd.,Neurology,OLO,1,Mazor X System / Mazor X Stealth Edition,"Mazor Robotics , Ltd.",2025-04-29,135,SESE,Substantially Equivalent,Traditional,N,,,,1,Orthopedic Stereotaxic Instrument,2,882.4560,NE,Neurology,OR,N,N,N,N,Eligible,0,0,0,0,,,,0,exact_submission_number_only,2026-07-31,https://www.fda.gov/medical-devices/software-medical-device-samd/artificial-intelligence-enabled-medical-devices
K251399,510(k),2025-09-11,2025,Q3,SIGNA™ Sprint,"GE Medical Systems, LLC",Radiology,LNH,1,SIGNA™ Sprint,"Ge Medical Systems, LLC",2025-05-06,128,SESE,Substantially Equivalent,Traditional,N,,,,1,"System, Nuclear Magnetic Resonance Imaging",2,892.1000,RA,Radiology,RA,N,N,N,Y,Eligible,0,0,0,0,,,,0,exact_submission_number_only,2026-07-31,https://www.fda.gov/medical-devices/software-medical-device-samd/artificial-intelligence-enabled-medical-devices
K244002,510(k),2025-09-10,2025,Q3,AngioWaveNet,"Angiowave Imaging, Inc.",Radiology,QIH,1,AngioWaveNet,"Angiowave Imaging, Inc.",2024-12-26,258,SESE,Substantially Equivalent,Traditional,N,,,,1,Automated Radiological Image Processing Software,2,892.2050,RA,Radiology,RA,N,N,N,N,Ineligible,0,0,0,0,,,,0,exact_submission_number_only,2026-07-31,https://www.fda.gov/medical-devices/software-medical-device-samd/artificial-intelligence-enabled-medical-devices
K251072,510(k),2025-09-09,2025,Q3,Segmentron Viewer,"DGNCT, LLC",Radiology,QIH,1,Segmentron Viewer,"DGNCT, LLC",2025-04-07,155,SESE,Substantially Equivalent,Traditional,N,,,,1,Automated Radiological Image Processing Software,2,892.2050,RA,Radiology,RA,N,N,N,N,Ineligible,0,0,0,0,,,,0,exact_submission_number_only,2026-07-31,https://www.fda.gov/medical-devices/software-medical-device-samd/artificial-intelligence-enabled-medical-devices
K251682,510(k),2025-09-09,2025,Q3,MuscleView 2.0,"Springbok, Inc. (dba Springbok Analytics)",Radiology,LNH,1,MuscleView 2.0,"Springbok, Inc. (Dba Springbok Analytics)",2025-05-30,102,SESE,Substantially Equivalent,Traditional,N,,,,1,"System, Nuclear Magnetic Resonance Imaging",2,892.1000,RA,Radiology,RA,N,N,N,Y,Eligible,0,0,0,0,,,,0,exact_submission_number_only,2026-07-31,https://www.fda.gov/medical-devices/software-medical-device-samd/artificial-intelligence-enabled-medical-devices
K251610,510(k),2025-09-08,2025,Q3,qER-CTA (v1.0),Qure.ai Technologies,Radiology,QAS,1,qER-CTA (v1.0),Qure.Ai Technologies,2025-05-27,104,SESE,Substantially Equivalent,Traditional,N,,,,1,Radiological Computer-Assisted Triage And Notification Software,2,892.2080,RA,Radiology,RA,N,N,N,N,Ineligible,0,0,0,0,,,,0,exact_submission_number_only,2026-07-31,https://www.fda.gov/medical-devices/software-medical-device-samd/artificial-intelligence-enabled-medical-devices
K251931,510(k),2025-09-08,2025,Q3,BioTraceIO Vision  (V1.7),Techsomed Medical Technologies,Radiology,QTZ,1,BioTraceIO Vision  (V1.7),Techsomed Medical Technologies,2025-06-24,76,SESE,Substantially Equivalent,Traditional,N,,,,1,Radiological Image Processing Software For Ablation Therapy Planning And Evaluation,2,892.2050,RA,Radiology,RA,N,N,N,N,Ineligible,0,0,0,0,,,,0,exact_submission_number_only,2026-07-31,https://www.fda.gov/medical-devices/software-medical-device-samd/artificial-intelligence-enabled-medical-devices
K250064,510(k),2025-09-04,2025,Q3,Dose+ (1.0),Mvision AI Oy,Radiology,MUJ,1,Dose+ (1.0),Mvision AI OY,2025-01-10,237,SESE,Substantially Equivalent,Traditional,N,,,,1,"System, Planning, Radiation Therapy Treatment",2,892.5050,RA,Radiology,RA,N,N,N,N,Eligible,0,0,0,0,,,,0,exact_submission_number_only,2026-07-31,https://www.fda.gov/medical-devices/software-medical-device-samd/artificial-intelligence-enabled-medical-devices
K251533,510(k),2025-09-04,2025,Q3,"Rapid Obstructive Hydrocephalus, Rapid OH",iSchemaView Inc.,Radiology,QAS,1,"Rapid Obstructive Hydrocephalus, Rapid OH","Ischemaview, Inc.",2025-05-19,108,SESE,Substantially Equivalent,Traditional,N,,,,1,Radiological Computer-Assisted Triage And Notification Software,2,892.2080,RA,Radiology,RA,N,N,N,N,Ineligible,0,0,0,0,,,,0,exact_submission_number_only,2026-07-31,https://www.fda.gov/medical-devices/software-medical-device-samd/artificial-intelligence-enabled-medical-devices
K251656,510(k),2025-09-04,2025,Q3,Careverse CoronaryDoc (Careverse CoronaryDoc),Careverse Technology Pte. Ltd.,Radiology,QIH,1,Careverse CoronaryDoc (Careverse CoronaryDoc),"Careverse Technology Pte. , Ltd.",2025-05-30,97,SESE,Substantially Equivalent,Traditional,N,,,,1,Automated Radiological Image Processing Software,2,892.2050,RA,Radiology,RA,N,N,N,N,Ineligible,0,0,0,0,,,,0,exact_submission_number_only,2026-07-31,https://www.fda.gov/medical-devices/software-medical-device-samd/artificial-intelligence-enabled-medical-devices
K252539,510(k),2025-09-03,2025,Q3,Tempus Pixel,"Arterys, Inc.",Radiology,QIH,1,Tempus Pixel,"Arterys, Inc.",2025-08-12,22,SESE,Substantially Equivalent,Special,N,,,,1,Automated Radiological Image Processing Software,2,892.2050,RA,Radiology,RA,N,N,N,N,Ineligible,0,0,0,0,,,,0,exact_submission_number_only,2026-07-31,https://www.fda.gov/medical-devices/software-medical-device-samd/artificial-intelligence-enabled-medical-devices
K250753,510(k),2025-09-02,2025,Q3,VELMENI for DENTISTS (V4D),Velmeni Inc.,Radiology,MYN,1,VELMENI for DENTISTS (V4D),"Velmeni, Inc.",2025-03-12,174,SESE,Substantially Equivalent,Traditional,N,,,,1,"Analyzer, Medical Image",2,892.2070,RA,Radiology,RA,N,N,N,N,Eligible,0,0,0,0,,,,0,exact_submission_number_only,2026-07-31,https://www.fda.gov/medical-devices/software-medical-device-samd/artificial-intelligence-enabled-medical-devices
K251408,510(k),2025-09-02,2025,Q3,OsteoSight™ Hip (v1),Naitive Technologies Ltd,Radiology,SAO,1,OsteoSight™ Hip (v1),"Naitive Technologies, Ltd.",2025-05-06,119,SESE,Substantially Equivalent,Traditional,N,,,,1,Radiology Software For Opportunistic Evaluation Of Low Bone Mineral Density,2,892.1171,RA,Radiology,RA,N,N,N,N,Ineligible,0,0,0,0,,,,0,exact_submission_number_only,2026-07-31,https://www.fda.gov/medical-devices/software-medical-device-samd/artificial-intelligence-enabled-medical-devices
K243859,510(k),2025-08-29,2025,Q3,PRAEVAorta®2,Nurea,Radiology,QIH,1,PRAEVAorta®2,Nurea,2024-12-16,256,SESE,Substantially Equivalent,Traditional,N,,,,1,Automated Radiological Image Processing Software,2,892.2050,RA,Radiology,RA,N,N,N,N,Ineligible,0,0,0,0,,,,0,exact_submission_number_only,2026-07-31,https://www.fda.gov/medical-devices/software-medical-device-samd/artificial-intelligence-enabled-medical-devices
K250003,510(k),2025-08-29,2025,Q3,GENESEEQPRIME NGS Tumor Profiling Assay (FFPE) (GS6005),Geneseeq Technology Inc.,Pathology,PZM,1,GENESEEQPRIME NGS Tumor Profiling Assay (FFPE) (GS6005),"Geneseeq Technology, Inc.",2025-01-02,239,SESE,Substantially Equivalent,Traditional,N,,,,1,Next Generation Sequencing Based Tumor Profiling Test,2,866.6080,PA,Pathology,PA,N,N,N,Y,Ineligible,0,0,0,0,,,,0,exact_submission_number_only,2026-07-31,https://www.fda.gov/medical-devices/software-medical-device-samd/artificial-intelligence-enabled-medical-devices
K250290,510(k),2025-08-29,2025,Q3,SurgiTwin,Twinsight,Radiology,LLZ,1,SurgiTwin,Twinsight,2025-01-31,210,SESE,Substantially Equivalent,Traditional,N,,,,1,"System, Image Processing, Radiological",2,892.2050,RA,Radiology,RA,N,N,N,Y,Eligible,0,0,0,0,,,,0,exact_submission_number_only,2026-07-31,https://www.fda.gov/medical-devices/software-medical-device-samd/artificial-intelligence-enabled-medical-devices
K251106,510(k),2025-08-29,2025,Q3,Sonosite LX and Sonosite PX Ultrasound Systems,Fujifilm Sonosite Inc,Radiology,IYN,1,Sonosite LX and Sonosite PX Ultrasound Systems,"FUJIFILM Sonosite, Inc.",2025-04-11,140,SESE,Substantially Equivalent,Traditional,N,,,,1,"System, Imaging, Pulsed Doppler, Ultrasonic",2,892.1550,RA,Radiology,RA,N,N,N,Y,Eligible,0,0,0,0,,,,0,exact_submission_number_only,2026-07-31,https://www.fda.gov/medical-devices/software-medical-device-samd/artificial-intelligence-enabled-medical-devices
K250788,510(k),2025-08-28,2025,Q3,Definium Tempo Select,"GE Hualun Medical Systems Co., Ltd",Radiology,KPR,1,Definium Tempo Select,"Ge Hualun Medical Systems Co. , Ltd.",2025-03-14,167,SESE,Substantially Equivalent,Traditional,N,,,,1,"System, X-Ray, Stationary",2,892.1680,RA,Radiology,RA,N,N,N,Y,Eligible,0,0,0,0,,,,0,exact_submission_number_only,2026-07-31,https://www.fda.gov/medical-devices/software-medical-device-samd/artificial-intelligence-enabled-medical-devices
K243687,510(k),2025-08-27,2025,Q3,Vital Signs,Oxehealth Limited,Cardiovascular,QME,1,Vital Signs,Oxehealth Limited,2024-11-29,271,SESE,Substantially Equivalent,Traditional,N,,,,1,"Software For Optical Camera-Based Measurement Of Pulse Rate, Heart Rate, Breathing Rate, And/Or Respiratory Rate",2,870.2785,CV,Cardiovascular,CV,N,N,N,N,Ineligible,0,0,0,0,,,,0,exact_submission_number_only,2026-07-31,https://www.fda.gov/medical-devices/software-medical-device-samd/artificial-intelligence-enabled-medical-devices
K251983,510(k),2025-08-26,2025,Q3,Brainomix 360 Triage Stroke,Brainomix Limited,Radiology,QAS,1,Brainomix 360 Triage Stroke,Brainomix Limited,2025-06-27,60,SESE,Substantially Equivalent,Traditional,N,,,,1,Radiological Computer-Assisted Triage And Notification Software,2,892.2080,RA,Radiology,RA,N,N,N,N,Ineligible,0,0,0,0,,,,0,exact_submission_number_only,2026-07-31,https://www.fda.gov/medical-devices/software-medical-device-samd/artificial-intelligence-enabled-medical-devices
K243685,510(k),2025-08-22,2025,Q3,MammoScreen BD,Therapixel,Radiology,QIH,1,MammoScreen BD,Therapixel,2024-11-29,266,SESE,Substantially Equivalent,Traditional,N,,,,1,Automated Radiological Image Processing Software,2,892.2050,RA,Radiology,RA,N,N,N,N,Ineligible,0,0,0,0,,,,0,exact_submission_number_only,2026-07-31,https://www.fda.gov/medical-devices/software-medical-device-samd/artificial-intelligence-enabled-medical-devices
K252362,510(k),2025-08-22,2025,Q3,GBrain MRI,"Galileo CDS, Inc",Radiology,QIH,1,GBrain MRI,"Galileo Cds, Inc.",2025-07-29,24,SESE,Substantially Equivalent,Special,N,,,,1,Automated Radiological Image Processing Software,2,892.2050,RA,Radiology,RA,N,N,N,N,Ineligible,0,0,0,0,,,,0,exact_submission_number_only,2026-07-31,https://www.fda.gov/medical-devices/software-medical-device-samd/artificial-intelligence-enabled-medical-devices
K251029,510(k),2025-08-21,2025,Q3,"Vista OS, Vista AI Scan, RTHawk","Vista AI, Inc.",Radiology,LNH,1,"Vista OS, Vista AI Scan, RTHawk","Vista AI, Inc.",2025-04-02,141,SESE,Substantially Equivalent,Traditional,N,,,,1,"System, Nuclear Magnetic Resonance Imaging",2,892.1000,RA,Radiology,RA,N,N,N,Y,Eligible,0,0,0,0,,,,0,exact_submission_number_only,2026-07-31,https://www.fda.gov/medical-devices/software-medical-device-samd/artificial-intelligence-enabled-medical-devices
K251481,510(k),2025-08-20,2025,Q3,ACUSON Sequoia Diagnostic Ultrasound System; ACUSON Sequoia Select Diagnostic Ultrasound System; ACUSON Origin Diagnostic Ultrasound System; ACUSON Origin ICE Diagnostic Ultrasound System,"Siemens Medical Solutions USA, Inc.",Radiology,IYN,1,ACUSON Sequoia Diagnostic Ultrasound System; ACUSON Sequoia Select Diagnostic Ultrasound System; ACUSON Origin Diagnostic Ultrasound System; ACUSON Origin ICE Diagnostic Ultrasound System,"Siemens Medical Solutions USA, Inc.",2025-05-13,99,SESE,Substantially Equivalent,Traditional,N,,,,1,"System, Imaging, Pulsed Doppler, Ultrasonic",2,892.1550,RA,Radiology,RA,N,N,N,Y,Eligible,0,0,0,0,,,,0,exact_submission_number_only,2026-07-31,https://www.fda.gov/medical-devices/software-medical-device-samd/artificial-intelligence-enabled-medical-devices
K251590,510(k),2025-08-20,2025,Q3,Methinks CTA Stroke,Methinks Software S.L.,Radiology,QAS,1,Methinks CTA Stroke,"Methinks Software, S.L",2025-05-23,89,SESE,Substantially Equivalent,Traditional,N,,,,1,Radiological Computer-Assisted Triage And Notification Software,2,892.2080,RA,Radiology,RA,N,N,N,N,Ineligible,0,0,0,0,,,,0,exact_submission_number_only,2026-07-31,https://www.fda.gov/medical-devices/software-medical-device-samd/artificial-intelligence-enabled-medical-devices
K251837,510(k),2025-08-20,2025,Q3,Salix Coronary Plaque (V1.0.0),Artrya Limited,Radiology,QIH,1,Salix Coronary Plaque (V1.0.0),Artrya Limited,2025-06-16,65,SESE,Substantially Equivalent,Traditional,N,,,,1,Automated Radiological Image Processing Software,2,892.2050,RA,Radiology,RA,N,N,N,N,Ineligible,0,0,0,0,,,,0,exact_submission_number_only,2026-07-31,https://www.fda.gov/medical-devices/software-medical-device-samd/artificial-intelligence-enabled-medical-devices
K243851,510(k),2025-08-15,2025,Q3,CHLOE BLAST,Fairtility Ltd.,Obstetrics and Gynecology,PBH,1,CHLOE BLAST,"Fairtility , Ltd.",2024-12-16,242,SESE,Substantially Equivalent,Traditional,N,,,,1,"Embryo Image Assessment System, Assisted Reproduction",2,884.6195,OB,Obstetrics/Gynecology,OB,N,N,N,N,Eligible,0,0,0,0,,,,0,exact_submission_number_only,2026-07-31,https://www.fda.gov/medical-devices/software-medical-device-samd/artificial-intelligence-enabled-medical-devices
K250818,510(k),2025-08-15,2025,Q3,Nerveblox,Smart Alfa Teknoloji San. Ve Tic. A.S.,Anesthesiology,QRG,1,Nerveblox,Smart Alfa Teknoloji San. Ve Tic. A.S.,2025-03-18,150,SESE,Substantially Equivalent,Traditional,N,,,,1,Ultrasound Guided Nerve Block Assist,2,868.1980,AN,Anesthesiology,AN,N,N,N,N,Ineligible,0,0,0,0,,,,0,exact_submission_number_only,2026-07-31,https://www.fda.gov/medical-devices/software-medical-device-samd/artificial-intelligence-enabled-medical-devices
K251747,510(k),2025-08-15,2025,Q3,VEA Align; spineEOS,EOS imaging,Radiology,QIH,1,VEA Align; spineEOS,Eos Imaging,2025-06-06,70,SESE,Substantially Equivalent,Traditional,N,,,,1,Automated Radiological Image Processing Software,2,892.2050,RA,Radiology,RA,N,N,N,N,Ineligible,0,0,0,0,,,,0,exact_submission_number_only,2026-07-31,https://www.fda.gov/medical-devices/software-medical-device-samd/artificial-intelligence-enabled-medical-devices
K250755,510(k),2025-08-12,2025,Q3,DS Core Diagnosis,Dentsply Sirona Inc.,Radiology,QIH,1,DS Core Diagnosis,"Dentsply Sirona, Inc.",2025-03-12,153,SESE,Substantially Equivalent,Traditional,N,,,,1,Automated Radiological Image Processing Software,2,892.2050,RA,Radiology,RA,N,N,N,N,Ineligible,0,0,0,0,,,,0,exact_submission_number_only,2026-07-31,https://www.fda.gov/medical-devices/software-medical-device-samd/artificial-intelligence-enabled-medical-devices
K251494,510(k),2025-08-12,2025,Q3,Eko Foundation Analysis Software with Transformers (EFAST),"Eko Health, Inc.",Cardiovascular,DQD,1,Eko Foundation Analysis Software with Transformers (EFAST),"Eko Health, Inc.",2025-05-15,89,SESE,Substantially Equivalent,Traditional,N,,,,1,"Stethoscope, Electronic",2,870.1875,CV,Cardiovascular,CV,N,N,N,Y,Eligible,0,0,0,0,,,,0,exact_submission_number_only,2026-07-31,https://www.fda.gov/medical-devices/software-medical-device-samd/artificial-intelligence-enabled-medical-devices
K251873,510(k),2025-08-11,2025,Q3,Saige-Dx,"DeepHealth, Inc.",Radiology,QDQ,1,Saige-Dx,"DeepHealth, Inc.",2025-06-18,54,SESE,Substantially Equivalent,Special,N,,,,1,Radiological Computer Assisted Detection/Diagnosis Software For Lesions Suspicious For Cancer,2,892.2090,RA,Radiology,RA,N,N,N,N,Ineligible,0,0,0,0,,,,0,exact_submission_number_only,2026-07-31,https://www.fda.gov/medical-devices/software-medical-device-samd/artificial-intelligence-enabled-medical-devices
K251629,510(k),2025-08-07,2025,Q3,UNiD™ Spine Analyzer,Medicrea International S.A.S. (Medtronic),Radiology,QIH,1,UNiD™ Spine Analyzer,Medicrea International S.A.S. (Medtronic),2025-05-28,71,SESE,Substantially Equivalent,Traditional,N,,,,1,Automated Radiological Image Processing Software,2,892.2050,RA,Radiology,RA,N,N,N,N,Ineligible,0,0,0,0,,,,0,exact_submission_number_only,2026-07-31,https://www.fda.gov/medical-devices/software-medical-device-samd/artificial-intelligence-enabled-medical-devices
K250569,510(k),2025-08-06,2025,Q3,Cardiologs Holter Platform,Philips France Commercial,Cardiovascular,DPS,1,Cardiologs Holter Platform,Philips France Commercial,2025-02-26,161,SESE,Substantially Equivalent,Traditional,N,,,,1,Electrocardiograph,2,870.2340,CV,Cardiovascular,CV,N,N,N,Y,Eligible,0,0,0,0,,,,0,exact_submission_number_only,2026-07-31,https://www.fda.gov/medical-devices/software-medical-device-samd/artificial-intelligence-enabled-medical-devices
K250246,510(k),2025-08-05,2025,Q3,uMR Jupiter,"Shanghai United Imaging Healthcare Co., Ltd.",Radiology,LNH,1,uMR Jupiter,"Shanghai United Imaging Healthcare Co., Ltd.",2025-01-27,190,SESE,Substantially Equivalent,Traditional,N,,,,1,"System, Nuclear Magnetic Resonance Imaging",2,892.1000,RA,Radiology,RA,N,N,N,Y,Eligible,0,0,0,0,,,,0,exact_submission_number_only,2026-07-31,https://www.fda.gov/medical-devices/software-medical-device-samd/artificial-intelligence-enabled-medical-devices
K250941,510(k),2025-08-01,2025,Q3,Revolution Vibe,"GE Medical Systems, LLC",Radiology,JAK,1,Revolution Vibe,"Ge Medical Systems, LLC",2025-03-28,126,SESE,Substantially Equivalent,Traditional,N,,,,1,"System, X-Ray, Tomography, Computed",2,892.1750,RA,Radiology,RA,N,N,N,Y,Eligible,0,0,0,0,,,,0,exact_submission_number_only,2026-07-31,https://www.fda.gov/medical-devices/software-medical-device-samd/artificial-intelligence-enabled-medical-devices
DEN240068,De Novo,2025-07-31,2025,Q3,ArteraAI Prostate,Artera Inc.,Pathology,SFH,1,ArteraAI Prostate,"artera, inc.",2024-11-25,248,DENG,Granted,,,,Direct,Y,1,Pathology Software Algorithm Device Analyzing Digital Images For Cancer Prognosis,2,864.3755,PA,Pathology,PA,N,N,N,N,Ineligible,0,0,0,0,,,,0,exact_submission_number_only,2026-07-31,https://www.fda.gov/medical-devices/software-medical-device-samd/artificial-intelligence-enabled-medical-devices
K243341,510(k),2025-07-31,2025,Q3,Genius AI Detection 2.0,"Hologic, Inc.",Radiology,QDQ,1,Genius AI Detection 2.0,"Hologic, Inc.",2024-10-25,279,SESE,Substantially Equivalent,Traditional,N,,,,1,Radiological Computer Assisted Detection/Diagnosis Software For Lesions Suspicious For Cancer,2,892.2090,RA,Radiology,RA,N,N,N,N,Ineligible,0,0,0,0,,,,0,exact_submission_number_only,2026-07-31,https://www.fda.gov/medical-devices/software-medical-device-samd/artificial-intelligence-enabled-medical-devices
K250738,510(k),2025-07-31,2025,Q3,YSIO X.pree,Siemens Medical Solutions,Radiology,KPR,1,YSIO X.pree,Siemens Medical Solutions,2025-03-11,142,SESE,Substantially Equivalent,Traditional,N,,,,1,"System, X-Ray, Stationary",2,892.1680,RA,Radiology,RA,N,N,N,Y,Eligible,0,0,0,0,,,,0,exact_submission_number_only,2026-07-31,https://www.fda.gov/medical-devices/software-medical-device-samd/artificial-intelligence-enabled-medical-devices
K243919,510(k),2025-07-30,2025,Q3,Voxel Dosimetry (00859873006226),Hermes Medical Solutions AB,Radiology,QIH,1,Voxel Dosimetry (00859873006226),Hermes Medical Solutions AB,2024-12-20,222,SESE,Substantially Equivalent,Traditional,N,,,,1,Automated Radiological Image Processing Software,2,892.2050,RA,Radiology,RA,N,N,N,N,Ineligible,0,0,0,0,,,,0,exact_submission_number_only,2026-07-31,https://www.fda.gov/medical-devices/software-medical-device-samd/artificial-intelligence-enabled-medical-devices
K250652,510(k),2025-07-28,2025,Q3,ECG-AI Low Ejection Fraction (LEF) 12-Lead algorithm (1010),"Anumana, Inc.",Cardiovascular,QYE,1,ECG-AI Low Ejection Fraction (LEF) 12-Lead algorithm (1010),"Anumana, Inc.",2025-03-04,146,SESE,Substantially Equivalent,Traditional,N,,,,1,Reduced Ejection Fraction Machine Learning-Based Notification Software,2,870.2380,CV,Cardiovascular,CV,N,N,N,N,Ineligible,0,0,0,0,,,,0,exact_submission_number_only,2026-07-31,https://www.fda.gov/medical-devices/software-medical-device-samd/artificial-intelligence-enabled-medical-devices
K251322,510(k),2025-07-25,2025,Q3,Venue; Venue Go; Venue Fit; Venue Sprint,"GE Medical Systems Ultrasound and Primary care Diagnostics,",Radiology,IYN,1,Venue; Venue Go; Venue Fit; Venue Sprint,GE Medical Systems Ultrasound and Primary Care Diagnostics,2025-04-29,87,SESE,Substantially Equivalent,Traditional,N,,,,1,"System, Imaging, Pulsed Doppler, Ultrasonic",2,892.1550,RA,Radiology,RA,N,N,N,Y,Eligible,0,0,0,0,,,,0,exact_submission_number_only,2026-07-31,https://www.fda.gov/medical-devices/software-medical-device-samd/artificial-intelligence-enabled-medical-devices
K251455,510(k),2025-07-24,2025,Q3,EPIQ Series Diagnostic Ultrasound System; Affiniti Series Diagnostic Ultrasound System,Philips Ultrasound LLC,Radiology,IYN,1,EPIQ Series Diagnostic Ultrasound System; Affiniti Series Diagnostic Ultrasound System,"Philips Ultrasound, LLC",2025-05-12,73,SESE,Substantially Equivalent,Special,N,,,,1,"System, Imaging, Pulsed Doppler, Ultrasonic",2,892.1550,RA,Radiology,RA,N,N,N,Y,Eligible,0,0,0,0,,,,0,exact_submission_number_only,2026-07-31,https://www.fda.gov/medical-devices/software-medical-device-samd/artificial-intelligence-enabled-medical-devices
K243681,510(k),2025-07-23,2025,Q3,Neuro Insight V1.0,Olea Medical S.A.S.,Radiology,LLZ,1,Neuro Insight V1.0,Olea Medical S.A.S.,2024-11-29,236,SESE,Substantially Equivalent,Traditional,N,,,,1,"System, Image Processing, Radiological",2,892.2050,RA,Radiology,RA,N,N,N,Y,Eligible,0,0,0,0,,,,0,exact_submission_number_only,2026-07-31,https://www.fda.gov/medical-devices/software-medical-device-samd/artificial-intelligence-enabled-medical-devices
K250686,510(k),2025-07-22,2025,Q3,GyriCalc (Version 1.0.0),NeuroSpectrum Insights Corp.,Radiology,LLZ,1,GyriCalc (Version 1.0.0),Neurospectrum Insights Corp.,2025-03-06,138,SESE,Substantially Equivalent,Traditional,N,,,,1,"System, Image Processing, Radiological",2,892.2050,RA,Radiology,RA,N,N,N,Y,Eligible,0,0,0,0,,,,0,exact_submission_number_only,2026-07-31,https://www.fda.gov/medical-devices/software-medical-device-samd/artificial-intelligence-enabled-medical-devices
K250901,510(k),2025-07-22,2025,Q3,"Vantage Fortian/Orian 1.5T, MRT-1550, V10.0 with AiCE Reconstruction Processing Unit for MR",Canon Medical Systems Corporation,Radiology,LNH,1,"Vantage Fortian/Orian 1.5T, MRT-1550, V10.0 with AiCE Reconstruction Processing Unit for MR",Canon Medical Systems Corporation,2025-03-26,118,SESE,Substantially Equivalent,Traditional,N,,,,1,"System, Nuclear Magnetic Resonance Imaging",2,892.1000,RA,Radiology,RA,N,N,N,Y,Eligible,0,0,0,0,,,,0,exact_submission_number_only,2026-07-31,https://www.fda.gov/medical-devices/software-medical-device-samd/artificial-intelligence-enabled-medical-devices
K250902,510(k),2025-07-18,2025,Q3,HeartFlow Analysis,"HeartFlow, Inc.",Cardiovascular,PJA,1,HeartFlow Analysis,"HeartFlow, Inc.",2025-03-26,114,SESE,Substantially Equivalent,Traditional,N,,,,1,Coronary Vascular Physiologic Simulation Software,2,870.1415,CV,Cardiovascular,CV,N,N,N,N,Ineligible,0,0,0,0,,,,0,exact_submission_number_only,2026-07-31,https://www.fda.gov/medical-devices/software-medical-device-samd/artificial-intelligence-enabled-medical-devices
K250999,510(k),2025-07-18,2025,Q3,V8 Diagnostic Ultrasound System; cV8 Diagnostic Ultrasound System; V7 Diagnostic Ultrasound System; cV7 Diagnostic Ultrasound System; V6 Diagnostic Ultrasound System; cV6 Diagnostic Ultrasound System; V5 Diagnostic Ultrasound System; cV5 Diagnostic Ultrasound System; V4 Diagnostic Ultrasound System; cV4 Diagnostic Ultrasound System,"Samsung Medison Co., Ltd.",Radiology,IYN,1,V8 Diagnostic Ultrasound System; cV8 Diagnostic Ultrasound System; V7 Diagnostic Ultrasound System; cV7 Diagnostic Ultrasound System; V6 Diagnostic Ultrasound System; cV6 Diagnostic Ultrasound System; V5 Diagnostic Ultrasound System; cV5 Diagnostic Ultrasound System; V4 Diagnostic Ultrasound System; cV4 Diagnostic Ultrasound System,"Samsung Medison Co., Ltd.",2025-04-01,108,SESE,Substantially Equivalent,Traditional,N,,,,1,"System, Imaging, Pulsed Doppler, Ultrasonic",2,892.1550,RA,Radiology,RA,N,N,N,Y,Eligible,0,0,0,0,,,,0,exact_submission_number_only,2026-07-31,https://www.fda.gov/medical-devices/software-medical-device-samd/artificial-intelligence-enabled-medical-devices
K243547,510(k),2025-07-17,2025,Q3,uMR Ultra,"Shanghai United Imaging Healthcare Co., Ltd.",Radiology,LNH,1,uMR Ultra,"Shanghai United Imaging Healthcare Co., Ltd.",2024-11-15,244,SESE,Substantially Equivalent,Traditional,N,,,,1,"System, Nuclear Magnetic Resonance Imaging",2,892.1000,RA,Radiology,RA,N,N,N,Y,Eligible,0,0,0,0,,,,0,exact_submission_number_only,2026-07-31,https://www.fda.gov/medical-devices/software-medical-device-samd/artificial-intelligence-enabled-medical-devices
K251839,510(k),2025-07-17,2025,Q3,uMI Panvivo (uMI Panvivo); uMI Panvivo (uMI Panvivo S),"Shanghai United Imaging Healthcare Co., Ltd.",Radiology,KPS,1,uMI Panvivo (uMI Panvivo); uMI Panvivo (uMI Panvivo S),"Shanghai United Imaging Healthcare Co., Ltd.",2025-06-16,31,SESE,Substantially Equivalent,Traditional,N,,,,1,"System, Tomography, Computed, Emission",2,892.1200,RA,Radiology,RA,N,N,N,Y,Eligible,0,0,0,0,,,,0,exact_submission_number_only,2026-07-31,https://www.fda.gov/medical-devices/software-medical-device-samd/artificial-intelligence-enabled-medical-devices
K243397,510(k),2025-07-16,2025,Q3,uMR 680,"Shanghai United Imaging Healthcare Co., Ltd.",Radiology,LNH,1,uMR 680,"Shanghai United Imaging Healthcare Co., Ltd.",2024-10-31,258,SESE,Substantially Equivalent,Traditional,N,,,,1,"System, Nuclear Magnetic Resonance Imaging",2,892.1000,RA,Radiology,RA,N,N,N,Y,Eligible,0,0,0,0,,,,0,exact_submission_number_only,2026-07-31,https://www.fda.gov/medical-devices/software-medical-device-samd/artificial-intelligence-enabled-medical-devices
K251151,510(k),2025-07-16,2025,Q3,Rapid CTA 360,iSchemaView,Radiology,QAS,1,Rapid CTA 360,Ischemaview,2025-04-14,93,SESE,Substantially Equivalent,Traditional,N,,,,1,Radiological Computer-Assisted Triage And Notification Software,2,892.2080,RA,Radiology,RA,N,N,N,N,Ineligible,0,0,0,0,,,,0,exact_submission_number_only,2026-07-31,https://www.fda.gov/medical-devices/software-medical-device-samd/artificial-intelligence-enabled-medical-devices
K251342,510(k),2025-07-16,2025,Q3,EchoPAC Software Only / EchoPAC Plug-in,GE Medical Systems Ultrasound and Primary Care Diagnostics,Radiology,QIH,1,EchoPAC Software Only / EchoPAC Plug-in,GE Medical Systems Ultrasound and Primary Care Diagnostics,2025-04-30,77,SESE,Substantially Equivalent,Traditional,N,,,,1,Automated Radiological Image Processing Software,2,892.2050,RA,Radiology,RA,N,N,N,N,Ineligible,0,0,0,0,,,,0,exact_submission_number_only,2026-07-31,https://www.fda.gov/medical-devices/software-medical-device-samd/artificial-intelligence-enabled-medical-devices
K250119,510(k),2025-07-15,2025,Q3,Tempus ECG-Low EF,"Tempus AI, Inc.",Cardiovascular,QYE,1,Tempus ECG-Low EF,"Tempus AI, Inc.",2025-01-16,180,SESE,Substantially Equivalent,Traditional,N,,,,1,Reduced Ejection Fraction Machine Learning-Based Notification Software,2,870.2380,CV,Cardiovascular,CV,N,N,N,N,Ineligible,0,0,0,0,,,,0,exact_submission_number_only,2026-07-31,https://www.fda.gov/medical-devices/software-medical-device-samd/artificial-intelligence-enabled-medical-devices
K250660,510(k),2025-07-14,2025,Q3,LUMINOS Q.namix T; LUMINOS Q.namix R,Siemens Medical Solutions,Radiology,OWB,1,LUMINOS Q.namix T; LUMINOS Q.namix R,Siemens Medical Solutions,2025-03-05,131,SESE,Substantially Equivalent,Traditional,N,,,,1,Interventional Fluoroscopic X-Ray System,2,892.1650,RA,Radiology,RA,N,N,N,Y,Eligible,2,1,2,0,2025-12-29,2025-12-29,168.0,1,exact_submission_number_only,2026-07-31,https://www.fda.gov/medical-devices/software-medical-device-samd/artificial-intelligence-enabled-medical-devices
K251096,510(k),2025-07-14,2025,Q3,PeekMed web,"Peek Health, S.A.",Radiology,QIH,1,PeekMed web,"Peek Health, S.A.",2025-04-10,95,SESE,Substantially Equivalent,Traditional,N,,,,1,Automated Radiological Image Processing Software,2,892.2050,RA,Radiology,RA,N,N,N,N,Ineligible,0,0,0,0,,,,0,exact_submission_number_only,2026-07-31,https://www.fda.gov/medical-devices/software-medical-device-samd/artificial-intelligence-enabled-medical-devices
K251169,510(k),2025-07-10,2025,Q3,Vivid Pioneer,GE Medical Systems Ultrasound and Primary Care Diagnostics,Radiology,IYN,1,Vivid Pioneer,GE Medical Systems Ultrasound and Primary Care Diagnostics,2025-04-15,86,SESE,Substantially Equivalent,Traditional,N,,,,1,"System, Imaging, Pulsed Doppler, Ultrasonic",2,892.1550,RA,Radiology,RA,N,N,N,Y,Eligible,0,0,0,0,,,,0,exact_submission_number_only,2026-07-31,https://www.fda.gov/medical-devices/software-medical-device-samd/artificial-intelligence-enabled-medical-devices
K251766,510(k),2025-07-08,2025,Q3,TumorSight Viz,"SimBioSys, Inc.",Radiology,QIH,1,TumorSight Viz,"SimBioSys, Inc.",2025-06-09,29,SESE,Substantially Equivalent,Special,N,,,,1,Automated Radiological Image Processing Software,2,892.2050,RA,Radiology,RA,N,N,N,N,Ineligible,0,0,0,0,,,,0,exact_submission_number_only,2026-07-31,https://www.fda.gov/medical-devices/software-medical-device-samd/artificial-intelligence-enabled-medical-devices
K243884,510(k),2025-07-07,2025,Q3,TAVIPILOT,Caranx Medical,Radiology,OWB,1,TAVIPILOT,Caranx Medical,2024-12-18,201,SESE,Substantially Equivalent,Traditional,N,,,,1,Interventional Fluoroscopic X-Ray System,2,892.1650,RA,Radiology,RA,N,N,N,Y,Eligible,0,0,0,0,,,,0,exact_submission_number_only,2026-07-31,https://www.fda.gov/medical-devices/software-medical-device-samd/artificial-intelligence-enabled-medical-devices
K243679,510(k),2025-07-03,2025,Q3,MammoScreen® (4),Therapixel,Radiology,QDQ,1,MammoScreen® (4),Therapixel,2024-11-29,216,SESE,Substantially Equivalent,Traditional,N,,,,1,Radiological Computer Assisted Detection/Diagnosis Software For Lesions Suspicious For Cancer,2,892.2090,RA,Radiology,RA,N,N,N,N,Ineligible,0,0,0,0,,,,0,exact_submission_number_only,2026-07-31,https://www.fda.gov/medical-devices/software-medical-device-samd/artificial-intelligence-enabled-medical-devices
K251528,510(k),2025-07-03,2025,Q3,syngo.via MI Workflows; Scenium; syngo MBF,"Siemens Medical Solutions USA, Inc.",Radiology,QIH,1,syngo.via MI Workflows; Scenium; syngo MBF,"Siemens Medical Solutions USA, Inc.",2025-05-19,45,SESE,Substantially Equivalent,Traditional,N,,,,1,Automated Radiological Image Processing Software,2,892.2050,RA,Radiology,RA,N,N,N,N,Ineligible,0,0,0,0,,,,0,exact_submission_number_only,2026-07-31,https://www.fda.gov/medical-devices/software-medical-device-samd/artificial-intelligence-enabled-medical-devices
K243779,510(k),2025-07-01,2025,Q3,Bunkerhill Abdominal Aortic Quantification (AAQ),BunkerHill Health,Radiology,QIH,1,Bunkerhill Abdominal Aortic Quantification (AAQ),BunkerHill Health,2024-12-09,204,SESE,Substantially Equivalent,Traditional,N,,,,1,Automated Radiological Image Processing Software,2,892.2050,RA,Radiology,RA,N,N,N,N,Ineligible,0,0,0,0,,,,0,exact_submission_number_only,2026-07-31,https://www.fda.gov/medical-devices/software-medical-device-samd/artificial-intelligence-enabled-medical-devices
K250096,510(k),2025-07-01,2025,Q3,Felix NeuroAI  System,Fasikl Incorporated,Neurology,QBC,1,Felix NeuroAI  System,Fasikl Incorporated,2025-01-14,168,SESE,Substantially Equivalent,Traditional,N,,,,1,External Upper Limb Tremor Stimulator,2,882.5897,NE,Neurology,NE,N,N,N,N,Ineligible,0,0,0,0,,,,0,exact_submission_number_only,2026-07-31,https://www.fda.gov/medical-devices/software-medical-device-samd/artificial-intelligence-enabled-medical-devices
K250221,510(k),2025-07-01,2025,Q3,StrokeSENS ASPECTS Software Application,Circle Cardiovascular Imaging Inc.,Radiology,POK,1,StrokeSENS ASPECTS Software Application,"Circle Cardiovascular Imaging, Inc.",2025-01-24,158,SESE,Substantially Equivalent,Traditional,N,,,,1,Computer-Assisted Diagnostic Software For Lesions Suspicious For Cancer,2,892.2060,RA,Radiology,RA,N,N,N,N,Eligible,0,0,0,0,,,,0,exact_submission_number_only,2026-07-31,https://www.fda.gov/medical-devices/software-medical-device-samd/artificial-intelligence-enabled-medical-devices
K243647,510(k),2025-06-30,2025,Q2,Synapse PACS (7.5),FUJIFILM Healthcare Americas Corporation,Radiology,QIH,1,Synapse PACS (7.5),FUJIFILM Healthcare Americas Corporation,2024-11-26,216,SESE,Substantially Equivalent,Traditional,N,,,,1,Automated Radiological Image Processing Software,2,892.2050,RA,Radiology,RA,N,N,N,N,Ineligible,0,0,0,0,,,,0,exact_submission_number_only,2026-07-31,https://www.fda.gov/medical-devices/software-medical-device-samd/artificial-intelligence-enabled-medical-devices
K250484,510(k),2025-06-30,2025,Q2,PIUR tUS inside,PIUR Imaging GmbH,Radiology,QIH,1,PIUR tUS inside,Piur Imaging GmbH,2025-02-19,131,SESE,Substantially Equivalent,Traditional,N,,,,1,Automated Radiological Image Processing Software,2,892.2050,RA,Radiology,RA,N,N,N,N,Ineligible,0,0,0,0,,,,0,exact_submission_number_only,2026-07-31,https://www.fda.gov/medical-devices/software-medical-device-samd/artificial-intelligence-enabled-medical-devices
K250670,510(k),2025-06-30,2025,Q2,EchoConfidence (USA),Mycardium AI Limited,Radiology,QIH,1,EchoConfidence (USA),Mycardium AI Limited,2025-03-05,117,SESE,Substantially Equivalent,Abbreviated,N,,,,1,Automated Radiological Image Processing Software,2,892.2050,RA,Radiology,RA,N,N,N,N,Ineligible,0,0,0,0,,,,0,exact_submission_number_only,2026-07-31,https://www.fda.gov/medical-devices/software-medical-device-samd/artificial-intelligence-enabled-medical-devices
K243144,510(k),2025-06-27,2025,Q2,X100/X100HT with Full Field Peripheral Blood Smear (PBS) Application,"Scopio Labs , Ltd.",Hematology,JOY,1,X100/X100HT with Full Field Peripheral Blood Smear (PBS) Application,"Scopio Labs , Ltd.",2024-09-30,270,SESE,Substantially Equivalent,Traditional,N,,,,1,"Device, Automated Cell-Locating",2,864.5260,HE,Hematology,HE,N,N,N,Y,Eligible,0,0,0,0,,,,0,exact_submission_number_only,2026-07-31,https://www.fda.gov/medical-devices/software-medical-device-samd/artificial-intelligence-enabled-medical-devices
K250984,510(k),2025-06-27,2025,Q2,Maestro System (REF100),Moon Surgical,Gastroenterology-Urology,QZB,1,Maestro System (REF100),Moon Surgical,2025-03-31,88,SESE,Substantially Equivalent,Traditional,N,,,,1,Software Controlled Endoscope And Instrument Holder,2,876.1500,GU,"Gastroenterology, Urology",SU,N,N,N,N,Ineligible,0,0,0,0,,,,0,exact_submission_number_only,2026-07-31,https://www.fda.gov/medical-devices/software-medical-device-samd/artificial-intelligence-enabled-medical-devices
K250268,510(k),2025-06-24,2025,Q2,HyperSnap Surgical System (HSS),Hypervision Surgical,Gastroenterology-Urology,SFE,1,HyperSnap Surgical System (HSS),Hypervision Surgical,2025-01-30,145,SESE,Substantially Equivalent,Traditional,N,,,,1,Endoscopic Video Imaging System / Software Component For Real Time Video Augmentation,2,876.1500,GU,"Gastroenterology, Urology",SU,N,N,N,N,Ineligible,0,0,0,0,,,,0,exact_submission_number_only,2026-07-31,https://www.fda.gov/medical-devices/software-medical-device-samd/artificial-intelligence-enabled-medical-devices
K250151,510(k),2025-06-20,2025,Q2,Us2.ca,Eko.Ai Pte Ltd. D/B/A Us2.Ai,Cardiovascular,SDJ,1,Us2.ca,Eko.Ai Pte Ltd. D/B/A Us2.Ai,2025-01-21,150,SESE,Substantially Equivalent,Traditional,N,,,,1,Adjunctive Cardiac Amyloidosis Status Indicator,2,870.2200,CV,Cardiovascular,CV,N,N,N,N,Ineligible,0,0,0,0,,,,0,exact_submission_number_only,2026-07-31,https://www.fda.gov/medical-devices/software-medical-device-samd/artificial-intelligence-enabled-medical-devices
K250877,510(k),2025-06-20,2025,Q2,TMINI Miniature Robotic System,"THINK Surgical, Inc.",Neurology,OLO,1,TMINI Miniature Robotic System,"THINK Surgical, Inc.",2025-03-24,88,SESE,Substantially Equivalent,Traditional,N,,,,1,Orthopedic Stereotaxic Instrument,2,882.4560,NE,Neurology,OR,N,N,N,N,Eligible,0,0,0,0,,,,0,exact_submission_number_only,2026-07-31,https://www.fda.gov/medical-devices/software-medical-device-samd/artificial-intelligence-enabled-medical-devices
K250515,510(k),2025-06-19,2025,Q2,EpiMonitor,Empatica  Srl,Neurology,POS,1,EpiMonitor,Empatica S.r.l.,2025-02-21,118,SESE,Substantially Equivalent,Special,N,,,,1,Physiological Signal Based Seizure Monitoring System,2,882.1580,NE,Neurology,NE,N,N,N,N,Eligible,0,0,0,0,,,,0,exact_submission_number_only,2026-07-31,https://www.fda.gov/medical-devices/software-medical-device-samd/artificial-intelligence-enabled-medical-devices
K243253,510(k),2025-06-18,2025,Q2,6600 Ultrasound System (MyLabA50); 6600 Ultrasound System (MyLabA70),Esaote S.p.A.,Radiology,IYN,1,6600 Ultrasound System (MyLabA50); 6600 Ultrasound System (MyLabA70),"Esaote, S.p.A.",2024-10-15,246,SESE,Substantially Equivalent,Traditional,N,,,,1,"System, Imaging, Pulsed Doppler, Ultrasonic",2,892.1550,RA,Radiology,RA,N,N,N,Y,Eligible,0,0,0,0,,,,0,exact_submission_number_only,2026-07-31,https://www.fda.gov/medical-devices/software-medical-device-samd/artificial-intelligence-enabled-medical-devices
K243672,510(k),2025-06-18,2025,Q2,CardIQ Suite,GE Medical Systems SCS,Radiology,JAK,1,CardIQ Suite,GE Medical Systems SCS,2024-11-27,203,SESE,Substantially Equivalent,Traditional,N,,,,1,"System, X-Ray, Tomography, Computed",2,892.1750,RA,Radiology,RA,N,N,N,Y,Eligible,0,0,0,0,,,,0,exact_submission_number_only,2026-07-31,https://www.fda.gov/medical-devices/software-medical-device-samd/artificial-intelligence-enabled-medical-devices
K250886,510(k),2025-06-18,2025,Q2,EPIQ Series Diagnostic Ultrasound Systems; Affiniti Series Diagnostic Ultrasound Systems,Philips Ultrasound LLC,Radiology,IYN,1,EPIQ Series Diagnostic Ultrasound Systems; Affiniti Series Diagnostic Ultrasound Systems,"Philips Ultrasound, LLC",2025-03-25,85,SESE,Substantially Equivalent,Special,N,,,,1,"System, Imaging, Pulsed Doppler, Ultrasonic",2,892.1550,RA,Radiology,RA,N,N,N,Y,Eligible,0,0,0,0,,,,0,exact_submission_number_only,2026-07-31,https://www.fda.gov/medical-devices/software-medical-device-samd/artificial-intelligence-enabled-medical-devices
K250440,510(k),2025-06-17,2025,Q2,"RT Elements  (4.5); (Elements) Multiple Brain Mets SRS; (Elements) Cranial SRS; (Elements) Spine SRS; (Elements) Cranial SRS w/ Cones; (Elements) RT Planning Platform; (Elements) Dose Review; (Elements) Retreatment Review; Elements Segmentation [Cranial , Basal Ganglia, Head & Neck, Pelvic, Spine, Thoracic & Spine, Extracranial] RT; Elements AI Tumor Segmentation RT; Elements SmartBrush [Angio, Spine] RT; Elements Object Management RT",Brainlab AG,Radiology,MUJ,1,"RT Elements  (4.5); (Elements) Multiple Brain Mets SRS; (Elements) Cranial SRS; (Elements) Spine SRS; (Elements) Cranial SRS w/ Cones; (Elements) RT Planning Platform; (Elements) Dose Review; (Elements) Retreatment Review; Elements Segmentation [Cranial , Basal Ganglia, Head & Neck, Pelvic, Spine, Thoracic & Spine, Extracranial] RT; Elements AI Tumor Segmentation RT; Elements SmartBrush [Angio, Spine] RT; Elements Object Management RT",Brainlab AG,2025-02-14,123,SESE,Substantially Equivalent,Traditional,N,,,,1,"System, Planning, Radiation Therapy Treatment",2,892.5050,RA,Radiology,RA,N,N,N,N,Eligible,0,0,0,0,,,,0,exact_submission_number_only,2026-07-31,https://www.fda.gov/medical-devices/software-medical-device-samd/artificial-intelligence-enabled-medical-devices
K250436,510(k),2025-06-16,2025,Q2,MAGNETOM Flow.Ace; MAGNETOM Flow.Plus,"Siemens Shenzhen Magnetic Resonance , Ltd.",Radiology,LNH,1,MAGNETOM Flow.Ace; MAGNETOM Flow.Plus,"Siemens Shenzhen Magnetic Resonance , Ltd.",2025-02-14,122,SESE,Substantially Equivalent,Traditional,N,,,,1,"System, Nuclear Magnetic Resonance Imaging",2,892.1000,RA,Radiology,RA,N,N,N,Y,Eligible,0,0,0,0,,,,0,exact_submission_number_only,2026-07-31,https://www.fda.gov/medical-devices/software-medical-device-samd/artificial-intelligence-enabled-medical-devices
K250443,510(k),2025-06-16,2025,Q2,MAGNETOM Avanto Fit; MAGNETOM Skyra Fit; MAGNETOM Sola Fit; MAGNETOM Viato.Mobile,Siemens Healthcare GmbH,Radiology,LNH,1,MAGNETOM Avanto Fit; MAGNETOM Skyra Fit; MAGNETOM Sola Fit; MAGNETOM Viato.Mobile,Siemens Healthcare GmbH,2025-02-14,122,SESE,Substantially Equivalent,Traditional,N,,,,1,"System, Nuclear Magnetic Resonance Imaging",2,892.1000,RA,Radiology,RA,N,N,N,Y,Eligible,2,1,2,0,2025-08-28,2025-08-28,73.0,1,exact_submission_number_only,2026-07-31,https://www.fda.gov/medical-devices/software-medical-device-samd/artificial-intelligence-enabled-medical-devices
K250685,510(k),2025-06-16,2025,Q2,Methinks NCCT Stroke,Methinks Software S.L.,Radiology,QAS,1,Methinks NCCT Stroke,"Methinks Software, S.L",2025-03-06,102,SESE,Substantially Equivalent,Traditional,N,,,,1,Radiological Computer-Assisted Triage And Notification Software,2,892.2080,RA,Radiology,RA,N,N,N,N,Ineligible,0,0,0,0,,,,0,exact_submission_number_only,2026-07-31,https://www.fda.gov/medical-devices/software-medical-device-samd/artificial-intelligence-enabled-medical-devices
K240795,510(k),2025-06-15,2025,Q2,Withings ECG App,Withings,Cardiovascular,QDA,1,Withings ECG App,Withings,2024-03-22,450,SESE,Substantially Equivalent,Traditional,N,,,,1,Electrocardiograph Software For Over-The-Counter Use,2,870.2345,CV,Cardiovascular,CV,N,N,N,N,Ineligible,0,0,0,0,,,,0,exact_submission_number_only,2026-07-31,https://www.fda.gov/medical-devices/software-medical-device-samd/artificial-intelligence-enabled-medical-devices
K243633,510(k),2025-06-13,2025,Q2,Brainlab Elements (7.0); Brainlab Elements Image Fusion (5.0); Brainlab Elements Image Fusion Angio (1.0); Brainlab Elements Contouring (5.0); Brainlab Elements Fibertracking (3.0); Brainlab Elements BOLD MRI Mapping (1.0),Brainlab AG,Radiology,QIH,1,Brainlab Elements (7.0); Brainlab Elements Image Fusion (5.0); Brainlab Elements Image Fusion Angio (1.0); Brainlab Elements Contouring (5.0); Brainlab Elements Fibertracking (3.0); Brainlab Elements BOLD MRI Mapping (1.0),Brainlab AG,2024-11-25,200,SESE,Substantially Equivalent,Traditional,N,,,,1,Automated Radiological Image Processing Software,2,892.2050,RA,Radiology,RA,N,N,N,N,Ineligible,0,0,0,0,,,,0,exact_submission_number_only,2026-07-31,https://www.fda.gov/medical-devices/software-medical-device-samd/artificial-intelligence-enabled-medical-devices
K243234,510(k),2025-06-12,2025,Q2,Second Opinion® CS,Pearl Inc.,Radiology,MYN,1,Second Opinion® CS,"Pearl, Inc.",2024-10-10,245,SESE,Substantially Equivalent,Traditional,N,,,,1,"Analyzer, Medical Image",2,892.2070,RA,Radiology,RA,N,N,N,N,Eligible,0,0,0,0,,,,0,exact_submission_number_only,2026-07-31,https://www.fda.gov/medical-devices/software-medical-device-samd/artificial-intelligence-enabled-medical-devices
K251153,510(k),2025-06-12,2025,Q2,Aurora,GE Medical Systems Israel,Radiology,KPS,1,Aurora,Ge Medical Systems Israel,2025-04-14,59,SESE,Substantially Equivalent,Traditional,N,,,,1,"System, Tomography, Computed, Emission",2,892.1200,RA,Radiology,RA,N,N,N,Y,Eligible,0,0,0,0,,,,0,exact_submission_number_only,2026-07-31,https://www.fda.gov/medical-devices/software-medical-device-samd/artificial-intelligence-enabled-medical-devices
K250354,510(k),2025-06-10,2025,Q2,"Viz Subdural+, Viz SUBDURAL PLUS","Viz.ai, Inc.",Radiology,QIH,1,"Viz Subdural+, Viz SUBDURAL PLUS","Viz. Ai, Inc.",2025-02-07,123,SESE,Substantially Equivalent,Traditional,N,,,,1,Automated Radiological Image Processing Software,2,892.2050,RA,Radiology,RA,N,N,N,N,Ineligible,0,0,0,0,,,,0,exact_submission_number_only,2026-07-31,https://www.fda.gov/medical-devices/software-medical-device-samd/artificial-intelligence-enabled-medical-devices
K242737,510(k),2025-06-06,2025,Q2,Empatica Health Monitoring Platform; EmbracePlus; Empatica Care; Care Portal,Empatica S.R.L.,Cardiovascular,MWI,1,Empatica Health Monitoring Platform; EmbracePlus; Empatica Care; Care Portal,Empatica S.r.l.,2024-09-11,268,SESE,Substantially Equivalent,Traditional,N,,,,1,"Monitor, Physiological, Patient (Without Arrhythmia Detection Or Alarms)",2,870.2300,CV,Cardiovascular,CV,N,N,N,Y,Eligible,0,0,0,0,,,,0,exact_submission_number_only,2026-07-31,https://www.fda.gov/medical-devices/software-medical-device-samd/artificial-intelligence-enabled-medical-devices
K251009,510(k),2025-06-06,2025,Q2,Cirrus Resting State fMRI Software,"Sora Neuroscience, Inc.",Radiology,QIH,1,Cirrus Resting State fMRI Software,"Sora Neuroscience, Inc.",2025-04-01,66,SESE,Substantially Equivalent,Traditional,N,,,,1,Automated Radiological Image Processing Software,2,892.2050,RA,Radiology,RA,N,N,N,N,Ineligible,0,0,0,0,,,,0,exact_submission_number_only,2026-07-31,https://www.fda.gov/medical-devices/software-medical-device-samd/artificial-intelligence-enabled-medical-devices
K243667,510(k),2025-06-05,2025,Q2,Sonic DL,"GE Medical Systems, LLC",Radiology,LNH,1,Sonic DL,"Ge Medical Systems, LLC",2024-11-27,190,SESE,Substantially Equivalent,Traditional,N,,,,1,"System, Nuclear Magnetic Resonance Imaging",2,892.1000,RA,Radiology,RA,N,N,N,Y,Eligible,0,0,0,0,,,,0,exact_submission_number_only,2026-07-31,https://www.fda.gov/medical-devices/software-medical-device-samd/artificial-intelligence-enabled-medical-devices
K251456,510(k),2025-06-05,2025,Q2,BrightHeart View Classifier,BrightHeart,Radiology,QIH,1,BrightHeart View Classifier,Brightheart,2025-05-12,24,SESE,Substantially Equivalent,Special,N,,,,1,Automated Radiological Image Processing Software,2,892.2050,RA,Radiology,RA,N,N,N,N,Ineligible,0,0,0,0,,,,0,exact_submission_number_only,2026-07-31,https://www.fda.gov/medical-devices/software-medical-device-samd/artificial-intelligence-enabled-medical-devices
K243810,510(k),2025-06-04,2025,Q2,TraumaCad Neo (1.1),Brainlab Ltd.,Radiology,QIH,1,TraumaCad Neo (1.1),"Brainlab , Ltd.",2024-12-11,175,SESE,Substantially Equivalent,Traditional,N,,,,1,Automated Radiological Image Processing Software,2,892.2050,RA,Radiology,RA,N,N,N,N,Ineligible,0,0,0,0,,,,0,exact_submission_number_only,2026-07-31,https://www.fda.gov/medical-devices/software-medical-device-samd/artificial-intelligence-enabled-medical-devices
K250749,510(k),2025-06-04,2025,Q2,PhysCade System,"PhysCade, Inc.",Cardiovascular,DQK,1,PhysCade System,"Physcade, Inc.",2025-03-12,84,SESE,Substantially Equivalent,Traditional,N,,,,1,"Computer, Diagnostic, Programmable",2,870.1425,CV,Cardiovascular,CV,N,N,N,Y,Eligible,0,0,0,0,,,,0,exact_submission_number_only,2026-07-31,https://www.fda.gov/medical-devices/software-medical-device-samd/artificial-intelligence-enabled-medical-devices
K251397,510(k),2025-06-04,2025,Q2,"Ingenia, Ingenia CX, Ingenia Elition, Ingenia Ambition, BlueSeal, MR 5300 and MR 7700 MR System",Philips Medical Systems Nederland B.V.,Radiology,LNH,1,"Ingenia, Ingenia CX, Ingenia Elition, Ingenia Ambition, BlueSeal, MR 5300 and MR 7700 MR System",Philips Medical Systems Nederland B.V.,2025-05-06,29,SESE,Substantially Equivalent,Special,N,,,,1,"System, Nuclear Magnetic Resonance Imaging",2,892.1000,RA,Radiology,RA,N,N,N,Y,Eligible,8,1,8,0,2026-04-14,2026-04-14,314.0,1,exact_submission_number_only,2026-07-31,https://www.fda.gov/medical-devices/software-medical-device-samd/artificial-intelligence-enabled-medical-devices
DEN240047,De Novo,2025-05-30,2025,Q2,Allix5,"Clairity, Inc.",Radiology,SEZ,1,Allix5,"clairity, inc.",2024-09-06,266,DENG,Granted,,,,Direct,N,1,Radiological Software Device To Predict Future Breast Cancer Risk,2,892.8500,RA,Radiology,RA,N,N,N,N,Ineligible,0,0,0,0,,,,0,exact_submission_number_only,2026-07-31,https://www.fda.gov/medical-devices/software-medical-device-samd/artificial-intelligence-enabled-medical-devices
K242830,510(k),2025-05-30,2025,Q2,LensHooke X3 PRO Semen Quality Analyzer; LensHooke X3 PRO SE Semen Quality Analyzer,"Bonraybio Co., LTD.",Hematology,POV,1,LensHooke X3 PRO Semen Quality Analyzer; LensHooke X3 PRO SE Semen Quality Analyzer,"Bonraybio Co., Ltd.",2024-09-19,253,SESE,Substantially Equivalent,Traditional,N,,,,1,Semen Analysis Device,2,864.5220,HE,Hematology,HE,N,N,N,Y,Eligible,0,0,0,0,,,,0,exact_submission_number_only,2026-07-31,https://www.fda.gov/medical-devices/software-medical-device-samd/artificial-intelligence-enabled-medical-devices
K243005,510(k),2025-05-30,2025,Q2,AudaxCeph Cephalogram Analysis Software,Audax d.o.o.,Radiology,QIH,1,AudaxCeph Cephalogram Analysis Software,Audax D.O.O.,2024-09-26,246,SESE,Substantially Equivalent,Traditional,N,,,,1,Automated Radiological Image Processing Software,2,892.2050,RA,Radiology,RA,N,N,N,N,Ineligible,0,0,0,0,,,,0,exact_submission_number_only,2026-07-31,https://www.fda.gov/medical-devices/software-medical-device-samd/artificial-intelligence-enabled-medical-devices
K243863,510(k),2025-05-30,2025,Q2,Opulus™ Lymphoma Precision,"Roche Molecular Systems, Inc.",Radiology,QIH,1,Opulus™ Lymphoma Precision,"Roche Molecular Systems, Inc.",2024-12-17,164,SESE,Substantially Equivalent,Traditional,N,,,,1,Automated Radiological Image Processing Software,2,892.2050,RA,Radiology,RA,N,N,N,N,Ineligible,0,0,0,0,,,,0,exact_submission_number_only,2026-07-31,https://www.fda.gov/medical-devices/software-medical-device-samd/artificial-intelligence-enabled-medical-devices
K250236,510(k),2025-05-30,2025,Q2,Swoop® Portable MR Imaging® System (V2),"Hyperfine, Inc.",Radiology,LNH,1,Swoop® Portable MR Imaging® System (V2),"Hyperfine, Inc.",2025-01-27,123,SESE,Substantially Equivalent,Traditional,N,,,,1,"System, Nuclear Magnetic Resonance Imaging",2,892.1000,RA,Radiology,RA,N,N,N,Y,Eligible,0,0,0,0,,,,0,exact_submission_number_only,2026-07-31,https://www.fda.gov/medical-devices/software-medical-device-samd/artificial-intelligence-enabled-medical-devices
K251406,510(k),2025-05-30,2025,Q2,BriefCase-Triage,"Aidoc Medical, Ltd.",Radiology,QAS,1,BriefCase-Triage,"Aidoc Medical , Ltd.",2025-05-06,24,SESE,Substantially Equivalent,Special,N,,,,1,Radiological Computer-Assisted Triage And Notification Software,2,892.2080,RA,Radiology,RA,N,N,N,N,Ineligible,0,0,0,0,,,,0,exact_submission_number_only,2026-07-31,https://www.fda.gov/medical-devices/software-medical-device-samd/artificial-intelligence-enabled-medical-devices
K250543,510(k),2025-05-29,2025,Q2,Voluson™ Performance 16; Voluson™ Performance 18,GE Medical Systems Ultrasound and Primary care Diagnostics,Radiology,IYN,1,Voluson™ Performance 16; Voluson™ Performance 18,GE Medical Systems Ultrasound and Primary Care Diagnostics,2025-02-24,94,SESE,Substantially Equivalent,Traditional,N,,,,1,"System, Imaging, Pulsed Doppler, Ultrasonic",2,892.1550,RA,Radiology,RA,N,N,N,Y,Eligible,0,0,0,0,,,,0,exact_submission_number_only,2026-07-31,https://www.fda.gov/medical-devices/software-medical-device-samd/artificial-intelligence-enabled-medical-devices
K243378,510(k),2025-05-28,2025,Q2,Rapid MLS,iSchemaview Inc.,Radiology,QIH,1,Rapid MLS,"Ischemaview, Inc.",2024-10-30,210,SESE,Substantially Equivalent,Traditional,N,,,,1,Automated Radiological Image Processing Software,2,892.2050,RA,Radiology,RA,N,N,N,N,Ineligible,0,0,0,0,,,,0,exact_submission_number_only,2026-07-31,https://www.fda.gov/medical-devices/software-medical-device-samd/artificial-intelligence-enabled-medical-devices
K250367,510(k),2025-05-28,2025,Q2,CoLumboX,Smart Soft Healthcare AD,Radiology,QIH,1,CoLumboX,Smart Soft Healthcare AD,2025-02-10,107,SESE,Substantially Equivalent,Traditional,N,,,,1,Automated Radiological Image Processing Software,2,892.2050,RA,Radiology,RA,N,N,N,N,Ineligible,0,0,0,0,,,,0,exact_submission_number_only,2026-07-31,https://www.fda.gov/medical-devices/software-medical-device-samd/artificial-intelligence-enabled-medical-devices
K250427,510(k),2025-05-28,2025,Q2,TAIMedImg DeepMets,"Taiwan Medical Imaging Co., Ltd.",Radiology,QKB,1,TAIMedImg DeepMets,"Taiwan Medical Imaging Co., Ltd.",2025-02-14,103,SESE,Substantially Equivalent,Traditional,N,,,,1,Radiological Image Processing Software For Radiation Therapy,2,892.2050,RA,Radiology,RA,N,N,N,N,Ineligible,0,0,0,0,,,,0,exact_submission_number_only,2026-07-31,https://www.fda.gov/medical-devices/software-medical-device-samd/artificial-intelligence-enabled-medical-devices
K250932,510(k),2025-05-27,2025,Q2,DeepRhythmAI,Medicalgorithmics S.A.,Cardiovascular,DQK,1,DeepRhythmAI,Medicalgorithmics S.A.,2025-03-28,60,SESE,Substantially Equivalent,Traditional,N,,,,1,"Computer, Diagnostic, Programmable",2,870.1425,CV,Cardiovascular,CV,N,N,N,Y,Eligible,0,0,0,0,,,,0,exact_submission_number_only,2026-07-31,https://www.fda.gov/medical-devices/software-medical-device-samd/artificial-intelligence-enabled-medical-devices
K242594,510(k),2025-05-23,2025,Q2,DEEPECHO,DeepEcho,Radiology,IYN,1,DEEPECHO,Deepecho,2024-08-30,266,SESE,Substantially Equivalent,Traditional,N,,,,1,"System, Imaging, Pulsed Doppler, Ultrasonic",2,892.1550,RA,Radiology,RA,N,N,N,Y,Eligible,0,0,0,0,,,,0,exact_submission_number_only,2026-07-31,https://www.fda.gov/medical-devices/software-medical-device-samd/artificial-intelligence-enabled-medical-devices
K243937,510(k),2025-05-23,2025,Q2,Accuro 3S,"Rivanna Medical, Inc.",Radiology,IYO,1,Accuro 3S,"Rivanna Medical, Inc.",2024-12-20,154,SESE,Substantially Equivalent,Traditional,N,,,,1,"System, Imaging, Pulsed Echo, Ultrasonic",2,892.1560,RA,Radiology,RA,N,N,N,Y,Eligible,0,0,0,0,,,,0,exact_submission_number_only,2026-07-31,https://www.fda.gov/medical-devices/software-medical-device-samd/artificial-intelligence-enabled-medical-devices
K243989,510(k),2025-05-23,2025,Q2,Second Opinion® 3D,"Pearl, Inc.",Radiology,QIH,1,Second Opinion® 3D,"Pearl, Inc.",2024-12-26,148,SESE,Substantially Equivalent,Traditional,N,,,,1,Automated Radiological Image Processing Software,2,892.2050,RA,Radiology,RA,N,N,N,N,Ineligible,0,0,0,0,,,,0,exact_submission_number_only,2026-07-31,https://www.fda.gov/medical-devices/software-medical-device-samd/artificial-intelligence-enabled-medical-devices
K250005,510(k),2025-05-23,2025,Q2,Clever One,"Ewoosoft Co., Ltd",Radiology,QIH,1,Clever One,"Ewoosoft Co., Ltd.",2025-01-02,141,SESE,Substantially Equivalent,Traditional,N,,,,1,Automated Radiological Image Processing Software,2,892.2050,RA,Radiology,RA,N,N,N,N,Ineligible,0,0,0,0,,,,0,exact_submission_number_only,2026-07-31,https://www.fda.gov/medical-devices/software-medical-device-samd/artificial-intelligence-enabled-medical-devices
K243122,510(k),2025-05-21,2025,Q2,uMR Omega,"Shanghai United Imaging Healthcare Co., Ltd.",Radiology,LNH,1,uMR Omega,"Shanghai United Imaging Healthcare Co., Ltd.",2024-09-30,233,SESE,Substantially Equivalent,Traditional,N,,,,1,"System, Nuclear Magnetic Resonance Imaging",2,892.1000,RA,Radiology,RA,N,N,N,Y,Eligible,0,0,0,0,,,,0,exact_submission_number_only,2026-07-31,https://www.fda.gov/medical-devices/software-medical-device-samd/artificial-intelligence-enabled-medical-devices
K243762,510(k),2025-05-21,2025,Q2,Synapse 3D Base Tools (V7.0),FUJIFILM Corporation,Radiology,QIH,1,Synapse 3D Base Tools (V7.0),Fujifilm Corporation,2024-12-06,166,SESE,Substantially Equivalent,Traditional,N,,,,1,Automated Radiological Image Processing Software,2,892.2050,RA,Radiology,RA,N,N,N,N,Ineligible,0,0,0,0,,,,0,exact_submission_number_only,2026-07-31,https://www.fda.gov/medical-devices/software-medical-device-samd/artificial-intelligence-enabled-medical-devices
K243793,510(k),2025-05-21,2025,Q2,EPIQ Series Diagnostic Ultrasound System; Affiniti Series Diagnostic Ultrasound System,Philips Ultrasound LLC,Radiology,IYN,1,EPIQ Series Diagnostic Ultrasound System; Affiniti Series Diagnostic Ultrasound System,"Philips Ultrasound, LLC",2024-12-10,162,SESE,Substantially Equivalent,Traditional,N,,,,1,"System, Imaging, Pulsed Doppler, Ultrasonic",2,892.1550,RA,Radiology,RA,N,N,N,Y,Eligible,0,0,0,0,,,,0,exact_submission_number_only,2026-07-31,https://www.fda.gov/medical-devices/software-medical-device-samd/artificial-intelligence-enabled-medical-devices
K243866,510(k),2025-05-21,2025,Q2,InVision Precision Cardiac Amyloid,InVision Medical Technology Corporation,Cardiovascular,SDJ,1,InVision Precision Cardiac Amyloid,InVision Medical Technology Corporation,2024-12-17,155,SESE,Substantially Equivalent,Traditional,N,,,,1,Adjunctive Cardiac Amyloidosis Status Indicator,2,870.2200,CV,Cardiovascular,CV,N,N,N,N,Ineligible,0,0,0,0,,,,0,exact_submission_number_only,2026-07-31,https://www.fda.gov/medical-devices/software-medical-device-samd/artificial-intelligence-enabled-medical-devices
K251276,510(k),2025-05-21,2025,Q2,Swoop® Portable MR Imaging® System,"Hyperfine, Inc.",Radiology,LNH,1,Swoop® Portable MR Imaging® System,"Hyperfine, Inc.",2025-04-24,27,SESE,Substantially Equivalent,Special,N,,,,1,"System, Nuclear Magnetic Resonance Imaging",2,892.1000,RA,Radiology,RA,N,N,N,Y,Eligible,0,0,0,0,,,,0,exact_submission_number_only,2026-07-31,https://www.fda.gov/medical-devices/software-medical-device-samd/artificial-intelligence-enabled-medical-devices
K250370,510(k),2025-05-20,2025,Q2,SCENARIA View Phase 5.0,FUJIFILM Corporation,Radiology,JAK,1,SCENARIA View Phase 5.0,Fujifilm Corporation,2025-02-10,99,SESE,Substantially Equivalent,Traditional,N,,,,1,"System, X-Ray, Tomography, Computed",2,892.1750,RA,Radiology,RA,N,N,N,Y,Eligible,0,0,0,0,,,,0,exact_submission_number_only,2026-07-31,https://www.fda.gov/medical-devices/software-medical-device-samd/artificial-intelligence-enabled-medical-devices
K240554,510(k),2025-05-16,2025,Q2,InferRead Lung CT.AI,"Infervision Medical Technology Co., Ltd.",Radiology,OEB,1,InferRead Lung CT.AI,"Infervision Medical Technology Co., Ltd.",2024-02-28,443,SESE,Substantially Equivalent,Traditional,N,,,,1,"Lung Computed Tomography System, Computer-Aided Detection",2,892.2050,RA,Radiology,RA,N,N,N,N,Eligible,0,0,0,0,,,,0,exact_submission_number_only,2026-07-31,https://www.fda.gov/medical-devices/software-medical-device-samd/artificial-intelligence-enabled-medical-devices
K241671,510(k),2025-05-16,2025,Q2,6450 Ultrasound System (MyLabE80); 6450 Ultrasound System (MyLabE85),Esaote S.p.A.,Radiology,IYN,1,6450 Ultrasound System (MyLabE80); 6450 Ultrasound System (MyLabE85),"Esaote, S.p.A.",2024-06-11,339,SESE,Substantially Equivalent,Traditional,N,,,,1,"System, Imaging, Pulsed Doppler, Ultrasonic",2,892.1550,RA,Radiology,RA,N,N,N,Y,Eligible,0,0,0,0,,,,0,exact_submission_number_only,2026-07-31,https://www.fda.gov/medical-devices/software-medical-device-samd/artificial-intelligence-enabled-medical-devices
K243617,510(k),2025-05-16,2025,Q2,uCT ATLAS Astound with uWS-CT-Dual Energy Analysis; uCT ATLAS with uWS-CT-Dual Energy Analysis,"Shanghai United Imaging Healthcare Co.,Ltd.",Radiology,JAK,1,uCT ATLAS Astound with uWS-CT-Dual Energy Analysis; uCT ATLAS with uWS-CT-Dual Energy Analysis,"Shanghai United Imaging Healthcare Co., Ltd.",2024-11-22,175,SESE,Substantially Equivalent,Traditional,N,,,,1,"System, X-Ray, Tomography, Computed",2,892.1750,RA,Radiology,RA,N,N,N,Y,Eligible,1,1,1,0,2025-09-12,2025-09-12,119.0,1,exact_submission_number_only,2026-07-31,https://www.fda.gov/medical-devices/software-medical-device-samd/artificial-intelligence-enabled-medical-devices
K250086,510(k),2025-05-16,2025,Q2,OTS Hip,Ortoma AB,Neurology,OLO,1,OTS Hip,Ortoma AB,2025-01-13,123,SESE,Substantially Equivalent,Traditional,N,,,,1,Orthopedic Stereotaxic Instrument,2,882.4560,NE,Neurology,OR,N,N,N,N,Eligible,1,1,1,0,2025-07-28,2025-07-28,73.0,1,exact_submission_number_only,2026-07-31,https://www.fda.gov/medical-devices/software-medical-device-samd/artificial-intelligence-enabled-medical-devices
K242437,510(k),2025-05-14,2025,Q2,Smile Dx®,"Cube Click, Inc.",Radiology,MYN,1,Smile Dx®,"Cube Click, Inc.",2024-08-16,271,SESE,Substantially Equivalent,Traditional,N,,,,1,"Analyzer, Medical Image",2,892.2070,RA,Radiology,RA,N,N,N,N,Eligible,0,0,0,0,,,,0,exact_submission_number_only,2026-07-31,https://www.fda.gov/medical-devices/software-medical-device-samd/artificial-intelligence-enabled-medical-devices
K242624,510(k),2025-05-14,2025,Q2,Medical Image Post-processing Software (uOmnispace.CT),"Shanghai United Imaging Healthcare Co., Ltd.",Radiology,QIH,1,Medical Image Post-processing Software (uOmnispace.CT),"Shanghai United Imaging Healthcare Co., Ltd.",2024-09-03,253,SESE,Substantially Equivalent,Traditional,N,,,,1,Automated Radiological Image Processing Software,2,892.2050,RA,Radiology,RA,N,N,N,N,Ineligible,0,0,0,0,,,,0,exact_submission_number_only,2026-07-31,https://www.fda.gov/medical-devices/software-medical-device-samd/artificial-intelligence-enabled-medical-devices
K242388,510(k),2025-05-09,2025,Q2,LensHooke X12 PRO Semen Analysis System,"Bonraybio Co., LTD.",Hematology,POV,1,LensHooke X12 PRO Semen Analysis System,"Bonraybio Co., Ltd.",2024-08-12,270,SESE,Substantially Equivalent,Traditional,N,,,,1,Semen Analysis Device,2,864.5220,HE,Hematology,HE,N,N,N,Y,Eligible,0,0,0,0,,,,0,exact_submission_number_only,2026-07-31,https://www.fda.gov/medical-devices/software-medical-device-samd/artificial-intelligence-enabled-medical-devices
K243230,510(k),2025-05-09,2025,Q2,Second Opinion® BLE,Pearl Inc.,Radiology,QIH,1,Second Opinion® BLE,"Pearl, Inc.",2024-10-08,213,SESE,Substantially Equivalent,Traditional,N,,,,1,Automated Radiological Image Processing Software,2,892.2050,RA,Radiology,RA,N,N,N,N,Ineligible,0,0,0,0,,,,0,exact_submission_number_only,2026-07-31,https://www.fda.gov/medical-devices/software-medical-device-samd/artificial-intelligence-enabled-medical-devices
K243812,510(k),2025-05-09,2025,Q2,Volta AF-Xplorer,Volta Medical,Cardiovascular,DQK,1,Volta AF-Xplorer,Volta Medical,2024-12-11,149,SESE,Substantially Equivalent,Traditional,N,,,,1,"Computer, Diagnostic, Programmable",2,870.1425,CV,Cardiovascular,CV,N,N,N,Y,Eligible,0,0,0,0,,,,0,exact_submission_number_only,2026-07-31,https://www.fda.gov/medical-devices/software-medical-device-samd/artificial-intelligence-enabled-medical-devices
K251110,510(k),2025-05-09,2025,Q2,EPIQ Series Diagnostic Ultrasound Systems; Affiniti Series Diagnostic Ultrasound Systems,Philips Ultrasound LLC,Radiology,IYN,1,EPIQ Series Diagnostic Ultrasound Systems; Affiniti Series Diagnostic Ultrasound Systems,"Philips Ultrasound, LLC",2025-04-11,28,SESE,Substantially Equivalent,Special,N,,,,1,"System, Imaging, Pulsed Doppler, Ultrasonic",2,892.1550,RA,Radiology,RA,N,N,N,Y,Eligible,0,0,0,0,,,,0,exact_submission_number_only,2026-07-31,https://www.fda.gov/medical-devices/software-medical-device-samd/artificial-intelligence-enabled-medical-devices
K251126,510(k),2025-05-09,2025,Q2,SKOUT system,Iterative Health,Gastroenterology-Urology,QNP,1,SKOUT system,Iterative Health,2025-04-11,28,SESE,Substantially Equivalent,Special,N,,,,1,Gastrointesinal Lesion Software Detection System,2,876.1520,GU,"Gastroenterology, Urology",GU,N,N,N,N,Ineligible,0,0,0,0,,,,0,exact_submission_number_only,2026-07-31,https://www.fda.gov/medical-devices/software-medical-device-samd/artificial-intelligence-enabled-medical-devices
K250226,510(k),2025-05-08,2025,Q2,Clarius Median Nerve AI,Clarius Mobile Health Corp.,Radiology,QIH,1,Clarius Median Nerve AI,Clarius Mobile Health Corp.,2025-01-27,101,SESE,Substantially Equivalent,Traditional,N,,,,1,Automated Radiological Image Processing Software,2,892.2050,RA,Radiology,RA,N,N,N,N,Ineligible,0,0,0,0,,,,0,exact_submission_number_only,2026-07-31,https://www.fda.gov/medical-devices/software-medical-device-samd/artificial-intelligence-enabled-medical-devices
K243684,510(k),2025-05-07,2025,Q2,BrightHeart View Classifier,BrightHeart,Radiology,QIH,1,BrightHeart View Classifier,Brightheart,2024-11-29,159,SESE,Substantially Equivalent,Traditional,N,,,,1,Automated Radiological Image Processing Software,2,892.2050,RA,Radiology,RA,N,N,N,N,Ineligible,0,0,0,0,,,,0,exact_submission_number_only,2026-07-31,https://www.fda.gov/medical-devices/software-medical-device-samd/artificial-intelligence-enabled-medical-devices
K243893,510(k),2025-05-05,2025,Q2,Second Opinion® Pediatric,"Pearl, Inc.",Radiology,MYN,1,Second Opinion® Pediatric,"Pearl, Inc.",2024-12-18,138,SESE,Substantially Equivalent,Traditional,N,,,,1,"Analyzer, Medical Image",2,892.2070,RA,Radiology,RA,N,N,N,N,Eligible,0,0,0,0,,,,0,exact_submission_number_only,2026-07-31,https://www.fda.gov/medical-devices/software-medical-device-samd/artificial-intelligence-enabled-medical-devices
K242583,510(k),2025-05-02,2025,Q2,AT-Patch (ATP-C130/ATP-C70),"ATsens Co.,Ltd.",Cardiovascular,DSH,1,AT-Patch (ATP-C130/ATP-C70),"Atsens Co., Ltd.",2024-08-30,245,SESE,Substantially Equivalent,Traditional,N,,,,1,"Recorder, Magnetic Tape, Medical",2,870.2800,CV,Cardiovascular,CV,N,N,N,Y,Eligible,0,0,0,0,,,,0,exact_submission_number_only,2026-07-31,https://www.fda.gov/medical-devices/software-medical-device-samd/artificial-intelligence-enabled-medical-devices
K251071,510(k),2025-05-02,2025,Q2,Fetal EchoScan (v1.1),BrightHeart,Radiology,POK,1,Fetal EchoScan (v1.1),Brightheart,2025-04-07,25,SESE,Substantially Equivalent,Special,N,,,,1,Computer-Assisted Diagnostic Software For Lesions Suspicious For Cancer,2,892.2060,RA,Radiology,RA,N,N,N,N,Eligible,0,0,0,0,,,,0,exact_submission_number_only,2026-07-31,https://www.fda.gov/medical-devices/software-medical-device-samd/artificial-intelligence-enabled-medical-devices
K250087,510(k),2025-05-01,2025,Q2,Vscan Air,GE Medical Systems Ultrasound and Primary Care Diagnostics,Radiology,IYN,1,Vscan Air,GE Medical Systems Ultrasound and Primary Care Diagnostics,2025-01-14,107,SESE,Substantially Equivalent,Traditional,N,,,,1,"System, Imaging, Pulsed Doppler, Ultrasonic",2,892.1550,RA,Radiology,RA,N,N,N,Y,Eligible,0,0,0,0,,,,0,exact_submission_number_only,2026-07-31,https://www.fda.gov/medical-devices/software-medical-device-samd/artificial-intelligence-enabled-medical-devices
K250328,510(k),2025-04-30,2025,Q2,UltraExtend NX CUW-U001S V2.0 Ultrasound Image Analysis Program,Canon Medical Systems Corporation,Radiology,QIH,1,UltraExtend NX CUW-U001S V2.0 Ultrasound Image Analysis Program,Canon Medical Systems Corporation,2025-02-05,84,SESE,Substantially Equivalent,Traditional,N,,,,1,Automated Radiological Image Processing Software,2,892.2050,RA,Radiology,RA,N,N,N,N,Ineligible,0,0,0,0,,,,0,exact_submission_number_only,2026-07-31,https://www.fda.gov/medical-devices/software-medical-device-samd/artificial-intelligence-enabled-medical-devices
P230022,PMA,2025-04-30,2025,Q2,"Jewel Patch Wearable Cardioverter Defibrillator (P-WCD) (Jewel), Jewel P-WCD Firmware, Device Accessories Skin Preparati","Element Science, Inc.",Cardiovascular,MVK,1,"Jewel Patch Wearable Cardioverter Defibrillator (P-WCD) (Jewel), Jewel P-WCD Firmware, Device Accessories Skin Preparati","Element Science, Inc.",2023-07-03,667,APPR,Approved,,,N,,,1,Wearable Automated External Defibrillator,3,,,Unknown,CV,N,Y,N,N,Ineligible,0,0,0,0,,,,0,exact_submission_number_only,2026-07-31,https://www.fda.gov/medical-devices/software-medical-device-samd/artificial-intelligence-enabled-medical-devices
K243376,510(k),2025-04-28,2025,Q2,uAngio AVIVA CX,"Shanghai United Imaging Healthcare Co.,Ltd.",Radiology,OWB,1,uAngio AVIVA CX,"Shanghai United Imaging Healthcare Co., Ltd.",2024-10-30,180,SESE,Substantially Equivalent,Traditional,N,,,,1,Interventional Fluoroscopic X-Ray System,2,892.1650,RA,Radiology,RA,N,N,N,Y,Eligible,0,0,0,0,,,,0,exact_submission_number_only,2026-07-31,https://www.fda.gov/medical-devices/software-medical-device-samd/artificial-intelligence-enabled-medical-devices
K243239,510(k),2025-04-24,2025,Q2,Lung AI (LAI001),Exo Inc,Radiology,MYN,1,Lung AI (LAI001),"Exo, Inc.",2024-10-10,196,SESE,Substantially Equivalent,Traditional,N,,,,1,"Analyzer, Medical Image",2,892.2070,RA,Radiology,RA,N,N,N,N,Eligible,0,0,0,0,,,,0,exact_submission_number_only,2026-07-31,https://www.fda.gov/medical-devices/software-medical-device-samd/artificial-intelligence-enabled-medical-devices
K250831,510(k),2025-04-23,2025,Q2,Annalise Enterprise,Annalise-AI,Radiology,QFM,1,Annalise Enterprise,Annalise-Ai,2025-03-19,35,SESE,Substantially Equivalent,Special,N,,,,1,Radiological Computer-Assisted Prioritization Software For Lesions,2,892.2080,RA,Radiology,RA,N,N,N,N,Ineligible,0,0,0,0,,,,0,exact_submission_number_only,2026-07-31,https://www.fda.gov/medical-devices/software-medical-device-samd/artificial-intelligence-enabled-medical-devices
K243651,510(k),2025-04-21,2025,Q2,VersaViewer,GE Medical Systems SCS,Radiology,LLZ,1,VersaViewer,GE Medical Systems SCS,2024-11-26,146,SESE,Substantially Equivalent,Traditional,N,,,,1,"System, Image Processing, Radiological",2,892.2050,RA,Radiology,RA,N,N,N,Y,Eligible,0,0,0,0,,,,0,exact_submission_number_only,2026-07-31,https://www.fda.gov/medical-devices/software-medical-device-samd/artificial-intelligence-enabled-medical-devices
K242129,510(k),2025-04-17,2025,Q2,VitalRhythm,"VitalConnect, Inc.",Cardiovascular,DQK,1,VitalRhythm,"Vitalconnect, Inc.",2024-07-22,269,SESE,Substantially Equivalent,Traditional,N,,,,1,"Computer, Diagnostic, Programmable",2,870.1425,CV,Cardiovascular,CV,N,N,N,Y,Eligible,0,0,0,0,,,,0,exact_submission_number_only,2026-07-31,https://www.fda.gov/medical-devices/software-medical-device-samd/artificial-intelligence-enabled-medical-devices
K243878,510(k),2025-04-17,2025,Q2,CLARUS (700),"Carl Zeiss Meditec, Inc.",Ophthalmic,QER,1,CLARUS (700),"Carl Zeiss Meditec, Inc.",2024-12-18,120,SESE,Substantially Equivalent,Traditional,N,,,,1,"Camera, Ophthalmic, Slit-Scanning",2,886.1120,OP,Ophthalmic,OP,N,N,N,Y,Ineligible,0,0,0,0,,,,0,exact_submission_number_only,2026-07-31,https://www.fda.gov/medical-devices/software-medical-device-samd/artificial-intelligence-enabled-medical-devices
K242500,510(k),2025-04-16,2025,Q2,LARALAB,LARALAB GmbH,Radiology,QIH,1,LARALAB,Laralab GmbH,2024-08-22,237,SESE,Substantially Equivalent,Traditional,N,,,,1,Automated Radiological Image Processing Software,2,892.2050,RA,Radiology,RA,N,N,N,N,Ineligible,0,0,0,0,,,,0,exact_submission_number_only,2026-07-31,https://www.fda.gov/medical-devices/software-medical-device-samd/artificial-intelligence-enabled-medical-devices
K243853,510(k),2025-04-16,2025,Q2,Clarius Prostate AI,Clarius Mobile Health Corp.,Radiology,QIH,1,Clarius Prostate AI,Clarius Mobile Health Corp.,2024-12-16,121,SESE,Substantially Equivalent,Traditional,N,,,,1,Automated Radiological Image Processing Software,2,892.2050,RA,Radiology,RA,N,N,N,N,Ineligible,0,0,0,0,,,,0,exact_submission_number_only,2026-07-31,https://www.fda.gov/medical-devices/software-medical-device-samd/artificial-intelligence-enabled-medical-devices
K250650,510(k),2025-04-15,2025,Q2,SpotLight / SpotLight Duo with Low Dose Lung Cancer Screening Option,Arineta Ltd.,Radiology,JAK,1,SpotLight / SpotLight Duo with Low Dose Lung Cancer Screening Option,"Arineta , Ltd.",2025-03-04,42,SESE,Substantially Equivalent,Traditional,N,,,,1,"System, X-Ray, Tomography, Computed",2,892.1750,RA,Radiology,RA,N,N,N,Y,Eligible,0,0,0,0,,,,0,exact_submission_number_only,2026-07-31,https://www.fda.gov/medical-devices/software-medical-device-samd/artificial-intelligence-enabled-medical-devices
K242600,510(k),2025-04-11,2025,Q2,Second Opinion Periapical Radiolucency Contours,Pearl Inc.,Radiology,MYN,1,Second Opinion Periapical Radiolucency Contours,"Pearl, Inc.",2024-08-30,224,SESE,Substantially Equivalent,Traditional,N,,,,1,"Analyzer, Medical Image",2,892.2070,RA,Radiology,RA,N,N,N,N,Eligible,0,0,0,0,,,,0,exact_submission_number_only,2026-07-31,https://www.fda.gov/medical-devices/software-medical-device-samd/artificial-intelligence-enabled-medical-devices
K242748,510(k),2025-04-11,2025,Q2,Oncospace,"Oncospace, Inc.",Radiology,MUJ,1,Oncospace,"Oncospace, Inc.",2024-09-12,211,SESE,Substantially Equivalent,Traditional,N,,,,1,"System, Planning, Radiation Therapy Treatment",2,892.5050,RA,Radiology,RA,N,N,N,N,Eligible,0,0,0,0,,,,0,exact_submission_number_only,2026-07-31,https://www.fda.gov/medical-devices/software-medical-device-samd/artificial-intelligence-enabled-medical-devices
K243558,510(k),2025-04-11,2025,Q2,Canvas Dx,"Cognoa, Inc.",Neurology,QPF,1,Canvas Dx,"Cognoa, Inc.",2024-11-18,144,SESE,Substantially Equivalent,Traditional,N,,,,1,Pediatric Autism Spectrum Disorder Diagnosis Aid,2,882.1491,NE,Neurology,NE,N,N,N,N,Ineligible,0,0,0,0,,,,0,exact_submission_number_only,2026-07-31,https://www.fda.gov/medical-devices/software-medical-device-samd/artificial-intelligence-enabled-medical-devices
K250416,510(k),2025-04-11,2025,Q2,GBrain MRI,"Galileo CDS, Inc",Radiology,QIH,1,GBrain MRI,"Galileo Cds, Inc.",2025-02-13,57,SESE,Substantially Equivalent,Traditional,N,,,,1,Automated Radiological Image Processing Software,2,892.2050,RA,Radiology,RA,N,N,N,N,Ineligible,0,0,0,0,,,,0,exact_submission_number_only,2026-07-31,https://www.fda.gov/medical-devices/software-medical-device-samd/artificial-intelligence-enabled-medical-devices
K243145,510(k),2025-04-10,2025,Q2,syngo.CT LVO Detection,"Siemens Medical Solutions USA, Inc.",Radiology,QAS,1,syngo.CT LVO Detection,"Siemens Medical Solutions USA, Inc.",2024-09-30,192,SESE,Substantially Equivalent,Traditional,N,,,,1,Radiological Computer-Assisted Triage And Notification Software,2,892.2080,RA,Radiology,RA,N,N,N,N,Ineligible,0,0,0,0,,,,0,exact_submission_number_only,2026-07-31,https://www.fda.gov/medical-devices/software-medical-device-samd/artificial-intelligence-enabled-medical-devices
K250177,510(k),2025-04-10,2025,Q2,EPIQ Series Diagnostic Ultrasound System; Affiniti Series Diagnostic Ultrasound System,Philips Ultrasound LLC,Radiology,IYN,1,EPIQ Series Diagnostic Ultrasound System; Affiniti Series Diagnostic Ultrasound System,"Philips Ultrasound, LLC",2025-01-22,78,SESE,Substantially Equivalent,Traditional,N,,,,1,"System, Imaging, Pulsed Doppler, Ultrasonic",2,892.1550,RA,Radiology,RA,N,N,N,Y,Eligible,0,0,0,0,,,,0,exact_submission_number_only,2026-07-31,https://www.fda.gov/medical-devices/software-medical-device-samd/artificial-intelligence-enabled-medical-devices
K250754,510(k),2025-04-10,2025,Q2,cmAngio® (V1.6),"CureMetrix, Inc.",Radiology,QIH,1,cmAngio® (V1.6),"Curemetrix, Inc.",2025-03-12,29,SESE,Substantially Equivalent,Special,N,,,,1,Automated Radiological Image Processing Software,2,892.2050,RA,Radiology,RA,N,N,N,N,Ineligible,0,0,0,0,,,,0,exact_submission_number_only,2026-07-31,https://www.fda.gov/medical-devices/software-medical-device-samd/artificial-intelligence-enabled-medical-devices
K243743,510(k),2025-04-09,2025,Q2,autoSCORE (V 2.0.0),Holberg EEG AS,Neurology,OMB,1,autoSCORE (V 2.0.0),Holberg Eeg AS,2024-12-04,126,SESE,Substantially Equivalent,Traditional,N,,,,1,Automatic Event Detection Software For Full-Montage Electroencephalograph,2,882.1400,NE,Neurology,NE,N,N,N,N,Eligible,0,0,0,0,,,,0,exact_submission_number_only,2026-07-31,https://www.fda.gov/medical-devices/software-medical-device-samd/artificial-intelligence-enabled-medical-devices
K242295,510(k),2025-04-08,2025,Q2,BunkerHill BMD,BunkerHill Health,Radiology,KGI,1,BunkerHill BMD,BunkerHill Health,2024-08-02,249,SESE,Substantially Equivalent,Traditional,N,,,,1,"Densitometer, Bone",2,892.1170,RA,Radiology,RA,N,N,N,Y,Eligible,0,0,0,0,,,,0,exact_submission_number_only,2026-07-31,https://www.fda.gov/medical-devices/software-medical-device-samd/artificial-intelligence-enabled-medical-devices
K243567,510(k),2025-04-07,2025,Q2,Tyto Insights for Rhonchi Detection,"Tyto Care , Ltd.",Anesthesiology,PHZ,1,Tyto Insights for Rhonchi Detection,"Tyto Care , Ltd.",2024-11-18,140,SESE,Substantially Equivalent,Traditional,N,,,,1,Abnormal Breath Sound Device,2,868.1900,AN,Anesthesiology,AN,N,N,N,Y,Eligible,0,0,0,0,,,,0,exact_submission_number_only,2026-07-31,https://www.fda.gov/medical-devices/software-medical-device-samd/artificial-intelligence-enabled-medical-devices
K240398,510(k),2025-04-04,2025,Q2,"RayStation 2023B, RayPlan 2023B, RayStation 2024A, RayPlan 2024A, RayStation 2024A SP3, RayPlan 2024A SP3",RaySearch Laboratories AB (PUBL),Radiology,MUJ,1,"RayStation 2023B, RayPlan 2023B, RayStation 2024A, RayPlan 2024A, RayStation 2024A SP3, RayPlan 2024A SP3",RaySearch Laboratories AB (PUBL),2024-02-09,420,SESE,Substantially Equivalent,Traditional,N,,,,1,"System, Planning, Radiation Therapy Treatment",2,892.5050,RA,Radiology,RA,N,N,N,N,Eligible,2,2,2,0,2025-08-08,2025-11-28,126.0,1,exact_submission_number_only,2026-07-31,https://www.fda.gov/medical-devices/software-medical-device-samd/artificial-intelligence-enabled-medical-devices
K241982,510(k),2025-04-04,2025,Q2,DeepFoqus (DeepFoqus-Accelerate),Foqus Technologies Inc.,Radiology,QIH,1,DeepFoqus (DeepFoqus-Accelerate),"Foqus Technologies, Inc.",2024-07-05,273,SESE,Substantially Equivalent,Traditional,N,,,,1,Automated Radiological Image Processing Software,2,892.2050,RA,Radiology,RA,N,N,N,N,Ineligible,0,0,0,0,,,,0,exact_submission_number_only,2026-07-31,https://www.fda.gov/medical-devices/software-medical-device-samd/artificial-intelligence-enabled-medical-devices
K242807,510(k),2025-04-04,2025,Q2,HeartFocus (V.1.1.1),Deski,Radiology,QJU,1,HeartFocus (V.1.1.1),Deski,2024-09-17,199,SESE,Substantially Equivalent,Traditional,N,,,,1,Image Acquisition And/Or Optimization Guided By Artificial Intelligence,2,892.2100,RA,Radiology,RA,N,N,N,N,Ineligible,0,0,0,0,,,,0,exact_submission_number_only,2026-07-31,https://www.fda.gov/medical-devices/software-medical-device-samd/artificial-intelligence-enabled-medical-devices
K243769,510(k),2025-04-04,2025,Q2,QFR (3.0),QFR Solutions bv,Radiology,QHA,1,QFR (3.0),Qfr Solutions BV,2024-12-06,119,SESE,Substantially Equivalent,Traditional,N,,,,1,X-Ray Angiographic Imaging Based Coronary Vascular Simulation Software Device,2,892.1600,RA,Radiology,RA,N,N,N,N,Ineligible,0,0,0,0,,,,0,exact_submission_number_only,2026-07-31,https://www.fda.gov/medical-devices/software-medical-device-samd/artificial-intelligence-enabled-medical-devices
K242551,510(k),2025-04-03,2025,Q2,syngo Dynamics (Version VA41D),Siemens Healthcare GmbH,Radiology,QIH,1,syngo Dynamics (Version VA41D),Siemens Healthcare GmbH,2024-08-27,219,SESE,Substantially Equivalent,Traditional,N,,,,1,Automated Radiological Image Processing Software,2,892.2050,RA,Radiology,RA,N,N,N,N,Ineligible,0,0,0,0,,,,0,exact_submission_number_only,2026-07-31,https://www.fda.gov/medical-devices/software-medical-device-samd/artificial-intelligence-enabled-medical-devices
K241984,510(k),2025-04-02,2025,Q2,Hi-D Imaging 4TAVR,Hi-D Imaging AG,Radiology,QIH,1,Hi-D Imaging 4TAVR,Hi-D Imaging AG,2024-07-08,268,SESE,Substantially Equivalent,Traditional,N,,,,1,Automated Radiological Image Processing Software,2,892.2050,RA,Radiology,RA,N,N,N,N,Ineligible,0,0,0,0,,,,0,exact_submission_number_only,2026-07-31,https://www.fda.gov/medical-devices/software-medical-device-samd/artificial-intelligence-enabled-medical-devices
K242925,510(k),2025-04-01,2025,Q2,MR Contour DL,GE HealthCare,Radiology,QKB,1,MR Contour DL,GE Healthcare,2024-09-24,189,SESE,Substantially Equivalent,Traditional,N,,,,1,Radiological Image Processing Software For Radiation Therapy,2,892.2050,RA,Radiology,RA,N,N,N,N,Ineligible,0,0,0,0,,,,0,exact_submission_number_only,2026-07-31,https://www.fda.gov/medical-devices/software-medical-device-samd/artificial-intelligence-enabled-medical-devices
K242166,510(k),2025-03-31,2025,Q1,TribusConnect,TribusMed Beheer BV,Radiology,QIH,1,TribusConnect,Tribusmed Beheer BV,2024-07-24,250,SESE,Substantially Equivalent,Traditional,N,,,,1,Automated Radiological Image Processing Software,2,892.2050,RA,Radiology,RA,N,N,N,N,Ineligible,0,0,0,0,,,,0,exact_submission_number_only,2026-07-31,https://www.fda.gov/medical-devices/software-medical-device-samd/artificial-intelligence-enabled-medical-devices
K242745,510(k),2025-03-27,2025,Q1,AI-Rad Companion Organs RT,Siemens Healthcare GmbH,Radiology,QKB,1,AI-Rad Companion Organs RT,Siemens Healthcare GmbH,2024-09-11,197,SESE,Substantially Equivalent,Traditional,N,,,,1,Radiological Image Processing Software For Radiation Therapy,2,892.2050,RA,Radiology,RA,N,N,N,N,Ineligible,0,0,0,0,,,,0,exact_submission_number_only,2026-07-31,https://www.fda.gov/medical-devices/software-medical-device-samd/artificial-intelligence-enabled-medical-devices
K242919,510(k),2025-03-27,2025,Q1,V5med Lung AI,V5med Inc.,Radiology,OEB,1,V5med Lung AI,"V5med, Inc.",2024-09-24,184,SESE,Substantially Equivalent,Traditional,N,,,,1,"Lung Computed Tomography System, Computer-Aided Detection",2,892.2050,RA,Radiology,RA,N,N,N,N,Eligible,0,0,0,0,,,,0,exact_submission_number_only,2026-07-31,https://www.fda.gov/medical-devices/software-medical-device-samd/artificial-intelligence-enabled-medical-devices
K243038,510(k),2025-03-27,2025,Q1,Salix Central,Artrya Limited,Radiology,QIH,1,Salix Central,Artrya Limited,2024-09-27,181,SESE,Substantially Equivalent,Traditional,N,,,,1,Automated Radiological Image Processing Software,2,892.2050,RA,Radiology,RA,N,N,N,N,Ineligible,0,0,0,0,,,,0,exact_submission_number_only,2026-07-31,https://www.fda.gov/medical-devices/software-medical-device-samd/artificial-intelligence-enabled-medical-devices
K243831,510(k),2025-03-26,2025,Q1,Rayvolve LN,AZmed,Radiology,MYN,1,Rayvolve LN,AZmed,2024-12-13,103,SESE,Substantially Equivalent,Traditional,N,,,,1,"Analyzer, Medical Image",2,892.2070,RA,Radiology,RA,N,N,N,N,Eligible,0,0,0,0,,,,0,exact_submission_number_only,2026-07-31,https://www.fda.gov/medical-devices/software-medical-device-samd/artificial-intelligence-enabled-medical-devices
K243891,510(k),2025-03-26,2025,Q1,EarliPoint System,EarliTec Diagnostics,Neurology,QPF,1,EarliPoint System,Earlitec Diagnostics,2024-12-18,98,SESE,Substantially Equivalent,Special,N,,,,1,Pediatric Autism Spectrum Disorder Diagnosis Aid,2,882.1491,NE,Neurology,NE,N,N,N,N,Ineligible,0,0,0,0,,,,0,exact_submission_number_only,2026-07-31,https://www.fda.gov/medical-devices/software-medical-device-samd/artificial-intelligence-enabled-medical-devices
K243808,510(k),2025-03-21,2025,Q1,Rayvolve PTX-PE,AZmed,Radiology,QFM,1,Rayvolve PTX-PE,AZmed,2024-12-11,100,SESE,Substantially Equivalent,Traditional,N,,,,1,Radiological Computer-Assisted Prioritization Software For Lesions,2,892.2080,RA,Radiology,RA,N,N,N,N,Ineligible,0,0,0,0,,,,0,exact_submission_number_only,2026-07-31,https://www.fda.gov/medical-devices/software-medical-device-samd/artificial-intelligence-enabled-medical-devices
K250186,510(k),2025-03-21,2025,Q1,GoLIF! Lumbar Interbody Fusion System,"GetSet Surgical, SA",Orthopedic,MAX,1,GoLIF! Lumbar Interbody Fusion System,"Getset Surgical, SA",2025-01-22,58,SESE,Substantially Equivalent,Traditional,N,,,,1,"Intervertebral Fusion Device With Bone Graft, Lumbar",2,888.3080,OR,Orthopedic,OR,Y,N,N,N,Eligible,0,0,0,0,,,,0,exact_submission_number_only,2026-07-31,https://www.fda.gov/medical-devices/software-medical-device-samd/artificial-intelligence-enabled-medical-devices
K241961,510(k),2025-03-20,2025,Q1,Vent Creativity Knee v1.0 (Hermes),Vent Creativity,Radiology,QIH,1,Vent Creativity Knee v1.0 (Hermes),Vent Creativity,2024-07-03,260,SESE,Substantially Equivalent,Traditional,N,,,,1,Automated Radiological Image Processing Software,2,892.2050,RA,Radiology,RA,N,N,N,N,Ineligible,0,0,0,0,,,,0,exact_submission_number_only,2026-07-31,https://www.fda.gov/medical-devices/software-medical-device-samd/artificial-intelligence-enabled-medical-devices
K243292,510(k),2025-03-20,2025,Q1,brAIn™ Shoulder Positioning,Avatar Medical,Radiology,LLZ,1,brAIn™ Shoulder Positioning,Avatar Medical,2024-10-18,153,SESE,Substantially Equivalent,Traditional,N,,,,1,"System, Image Processing, Radiological",2,892.2050,RA,Radiology,RA,N,N,N,Y,Eligible,0,0,0,0,,,,0,exact_submission_number_only,2026-07-31,https://www.fda.gov/medical-devices/software-medical-device-samd/artificial-intelligence-enabled-medical-devices
K243689,510(k),2025-03-19,2025,Q1,AVIEW,"Coreline Soft Co., Ltd.",Radiology,QIH,1,AVIEW,"Coreline Soft Co., Ltd.",2024-11-29,110,SESE,Substantially Equivalent,Special,N,,,,1,Automated Radiological Image Processing Software,2,892.2050,RA,Radiology,RA,N,N,N,N,Ineligible,0,0,0,0,,,,0,exact_submission_number_only,2026-07-31,https://www.fda.gov/medical-devices/software-medical-device-samd/artificial-intelligence-enabled-medical-devices
K250042,510(k),2025-03-19,2025,Q1,PeekMed web,"Peek Health, S.A.",Radiology,QIH,1,PeekMed web,"Peek Health, S.A.",2025-01-08,70,SESE,Substantially Equivalent,Traditional,N,,,,1,Automated Radiological Image Processing Software,2,892.2050,RA,Radiology,RA,N,N,N,N,Ineligible,0,0,0,0,,,,0,exact_submission_number_only,2026-07-31,https://www.fda.gov/medical-devices/software-medical-device-samd/artificial-intelligence-enabled-medical-devices
K242683,510(k),2025-03-18,2025,Q1,QP-Prostate® CAD,Quibim S.L.,Radiology,QDQ,1,QP-Prostate® CAD,Quibim S.L.,2024-09-06,193,SESE,Substantially Equivalent,Traditional,N,,,,1,Radiological Computer Assisted Detection/Diagnosis Software For Lesions Suspicious For Cancer,2,892.2090,RA,Radiology,RA,N,N,N,N,Ineligible,0,0,0,0,,,,0,exact_submission_number_only,2026-07-31,https://www.fda.gov/medical-devices/software-medical-device-samd/artificial-intelligence-enabled-medical-devices
K243862,510(k),2025-03-17,2025,Q1,LVivo Software Application,DiA Imaging Analysis Ltd.,Radiology,QIH,1,LVivo Software Application,"Dia Imaging Analysis, Ltd.",2024-12-16,91,SESE,Substantially Equivalent,Special,N,,,,1,Automated Radiological Image Processing Software,2,892.2050,RA,Radiology,RA,N,N,N,N,Ineligible,0,0,0,0,,,,0,exact_submission_number_only,2026-07-31,https://www.fda.gov/medical-devices/software-medical-device-samd/artificial-intelligence-enabled-medical-devices
K250379,510(k),2025-03-17,2025,Q1,SIGNA Prime Elite,"GE Medical Systems, LLC",Radiology,LNH,1,SIGNA Prime Elite,"Ge Medical Systems, LLC",2025-02-11,34,SESE,Substantially Equivalent,Traditional,N,,,,1,"System, Nuclear Magnetic Resonance Imaging",2,892.1000,RA,Radiology,RA,N,N,N,Y,Eligible,0,0,0,0,,,,0,exact_submission_number_only,2026-07-31,https://www.fda.gov/medical-devices/software-medical-device-samd/artificial-intelligence-enabled-medical-devices
K241960,510(k),2025-03-14,2025,Q1,DeepRESP,Nox Medical ehf,Neurology,OLZ,1,DeepRESP,Nox Medical Ehf,2024-07-03,254,SESE,Substantially Equivalent,Traditional,N,,,,1,Automatic Event Detection Software For Polysomnograph With Electroencephalograph,2,882.1400,NE,Neurology,NE,N,N,N,N,Eligible,0,0,0,0,,,,0,exact_submission_number_only,2026-07-31,https://www.fda.gov/medical-devices/software-medical-device-samd/artificial-intelligence-enabled-medical-devices
K242323,510(k),2025-03-14,2025,Q1,Maestro System (REF100),Moon Surgical,Gastroenterology-Urology,QZB,1,Maestro System (REF100),Moon Surgical,2024-08-06,220,SESE,Substantially Equivalent,Traditional,N,,,,1,Software Controlled Endoscope And Instrument Holder,2,876.1500,GU,"Gastroenterology, Urology",SU,N,N,N,N,Ineligible,0,0,0,0,,,,0,exact_submission_number_only,2026-07-31,https://www.fda.gov/medical-devices/software-medical-device-samd/artificial-intelligence-enabled-medical-devices
K250255,510(k),2025-03-13,2025,Q1,xvision Spine system,Augmedics Ltd.,Neurology,SBF,1,xvision Spine system,"Augmedics, Ltd.",2025-01-28,44,SESE,Substantially Equivalent,Special,N,,,,1,Orthopedic Augmented Reality,2,882.4560,NE,Neurology,OR,N,N,N,N,Ineligible,0,0,0,0,,,,0,exact_submission_number_only,2026-07-31,https://www.fda.gov/medical-devices/software-medical-device-samd/artificial-intelligence-enabled-medical-devices
K241725,510(k),2025-03-11,2025,Q1,Better Diagnostics Caries Assist (BDCA) Version 1.0,Better Diagnostics AI Corp,Radiology,MYN,1,Better Diagnostics Caries Assist (BDCA) Version 1.0,Better Diagnostics AI Corp.,2024-06-14,270,SESE,Substantially Equivalent,Traditional,N,,,,1,"Analyzer, Medical Image",2,892.2070,RA,Radiology,RA,N,N,N,N,Eligible,0,0,0,0,,,,0,exact_submission_number_only,2026-07-31,https://www.fda.gov/medical-devices/software-medical-device-samd/artificial-intelligence-enabled-medical-devices
K242338,510(k),2025-03-07,2025,Q1,Cleerly LABS (v2.0),"Cleerly, Inc.",Radiology,QIH,1,Cleerly LABS (v2.0),"Cleerly, Inc.",2024-08-07,212,SESE,Substantially Equivalent,Special,N,,,,1,Automated Radiological Image Processing Software,2,892.2050,RA,Radiology,RA,N,N,N,N,Ineligible,0,0,0,0,,,,0,exact_submission_number_only,2026-07-31,https://www.fda.gov/medical-devices/software-medical-device-samd/artificial-intelligence-enabled-medical-devices
K243331,510(k),2025-03-06,2025,Q1,LVivo Seamless,DiA Imaging Analysis Ltd.,Radiology,QIH,1,LVivo Seamless,"Dia Imaging Analysis, Ltd.",2024-10-24,133,SESE,Substantially Equivalent,Special,N,,,,1,Automated Radiological Image Processing Software,2,892.2050,RA,Radiology,RA,N,N,N,N,Ineligible,0,0,0,0,,,,0,exact_submission_number_only,2026-07-31,https://www.fda.gov/medical-devices/software-medical-device-samd/artificial-intelligence-enabled-medical-devices
K241770,510(k),2025-03-05,2025,Q1,Prostate MR AI (VA10A),Siemens Healthcare GmbH,Radiology,QDQ,1,Prostate MR AI (VA10A),Siemens Healthcare GmbH,2024-06-20,258,SESE,Substantially Equivalent,Traditional,N,,,,1,Radiological Computer Assisted Detection/Diagnosis Software For Lesions Suspicious For Cancer,2,892.2090,RA,Radiology,RA,N,N,N,N,Ineligible,0,0,0,0,,,,0,exact_submission_number_only,2026-07-31,https://www.fda.gov/medical-devices/software-medical-device-samd/artificial-intelligence-enabled-medical-devices
K243933,510(k),2025-03-04,2025,Q1,Ceevra Reveal 3+,"Ceevra, Inc.",Radiology,QIH,1,Ceevra Reveal 3+,"Ceevra, Inc.",2024-12-20,74,SESE,Substantially Equivalent,Traditional,N,,,,1,Automated Radiological Image Processing Software,2,892.2050,RA,Radiology,RA,N,N,N,N,Ineligible,0,0,0,0,,,,0,exact_submission_number_only,2026-07-31,https://www.fda.gov/medical-devices/software-medical-device-samd/artificial-intelligence-enabled-medical-devices
K243235,510(k),2025-03-03,2025,Q1,LVivo Software Application,DiA Imaging Analysis Ltd.,Radiology,QIH,1,LVivo Software Application,"Dia Imaging Analysis, Ltd.",2024-10-10,144,SESE,Substantially Equivalent,Traditional,N,,,,1,Automated Radiological Image Processing Software,2,892.2050,RA,Radiology,RA,N,N,N,N,Ineligible,0,0,0,0,,,,0,exact_submission_number_only,2026-07-31,https://www.fda.gov/medical-devices/software-medical-device-samd/artificial-intelligence-enabled-medical-devices
K243611,510(k),2025-03-03,2025,Q1,JLK-SDH,"JLK, Inc.",Radiology,QAS,1,JLK-SDH,"JLK, Inc.",2024-11-22,101,SESE,Substantially Equivalent,Traditional,N,,,,1,Radiological Computer-Assisted Triage And Notification Software,2,892.2080,RA,Radiology,RA,N,N,N,N,Ineligible,0,0,0,0,,,,0,exact_submission_number_only,2026-07-31,https://www.fda.gov/medical-devices/software-medical-device-samd/artificial-intelligence-enabled-medical-devices
K241922,510(k),2025-02-28,2025,Q1,Myomics,Phantomics Inc.,Radiology,QIH,1,Myomics,"Phantomics, Inc.",2024-07-01,242,SESE,Substantially Equivalent,Traditional,N,,,,1,Automated Radiological Image Processing Software,2,892.2050,RA,Radiology,RA,N,N,N,N,Ineligible,0,0,0,0,,,,0,exact_submission_number_only,2026-07-31,https://www.fda.gov/medical-devices/software-medical-device-samd/artificial-intelligence-enabled-medical-devices
K242798,510(k),2025-02-28,2025,Q1,Airmod,Heroic Faith International Ltd.,Anesthesiology,BZQ,1,Airmod,"Heroic Faith International , Ltd.",2024-09-16,165,SESE,Substantially Equivalent,Traditional,N,,,,1,"Monitor, Breathing Frequency",2,868.2375,AN,Anesthesiology,AN,N,N,N,Y,Eligible,0,0,0,0,,,,0,exact_submission_number_only,2026-07-31,https://www.fda.gov/medical-devices/software-medical-device-samd/artificial-intelligence-enabled-medical-devices
K241620,510(k),2025-02-27,2025,Q1,ChestView US,Gleamer SAS,Radiology,MYN,1,ChestView US,Gleamer Sas,2024-06-05,267,SESE,Substantially Equivalent,Traditional,N,,,,1,"Analyzer, Medical Image",2,892.2070,RA,Radiology,RA,N,N,N,N,Eligible,0,0,0,0,,,,0,exact_submission_number_only,2026-07-31,https://www.fda.gov/medical-devices/software-medical-device-samd/artificial-intelligence-enabled-medical-devices
K241222,510(k),2025-02-26,2025,Q1,Ventripoint Medical System Plus (VMS+) 4.0,Ventripoint Diagnostics Ltd.,Radiology,QIH,1,Ventripoint Medical System Plus (VMS+) 4.0,"Ventripoint Diagnostics , Ltd.",2024-05-01,301,SESE,Substantially Equivalent,Traditional,N,,,,1,Automated Radiological Image Processing Software,2,892.2050,RA,Radiology,RA,N,N,N,N,Ineligible,0,0,0,0,,,,0,exact_submission_number_only,2026-07-31,https://www.fda.gov/medical-devices/software-medical-device-samd/artificial-intelligence-enabled-medical-devices
K241546,510(k),2025-02-26,2025,Q1,aiCockpit AI Viewer,"Fovia, Inc.",Radiology,LLZ,1,aiCockpit AI Viewer,"Fovia, Inc.",2024-05-31,271,SESE,Substantially Equivalent,Traditional,N,,,,1,"System, Image Processing, Radiological",2,892.2050,RA,Radiology,RA,N,N,N,Y,Eligible,0,0,0,0,,,,0,exact_submission_number_only,2026-07-31,https://www.fda.gov/medical-devices/software-medical-device-samd/artificial-intelligence-enabled-medical-devices
K242822,510(k),2025-02-25,2025,Q1,ART-Plan+ (v.3.0.0),Therapanacea SAS,Radiology,MUJ,1,ART-Plan+ (v.3.0.0),Therapanacea Sas,2024-09-18,160,SESE,Substantially Equivalent,Traditional,N,,,,1,"System, Planning, Radiation Therapy Treatment",2,892.5050,RA,Radiology,RA,N,N,N,N,Eligible,0,0,0,0,,,,0,exact_submission_number_only,2026-07-31,https://www.fda.gov/medical-devices/software-medical-device-samd/artificial-intelligence-enabled-medical-devices
K242967,510(k),2025-02-25,2025,Q1,Loss of Pulse Detection,Fitbit,Cardiovascular,SDY,1,Loss of Pulse Detection,Fitbit,2024-09-26,152,SESE,Substantially Equivalent,Traditional,N,,,,1,Loss Of Pulse Notification Software,2,870.2790,CV,Cardiovascular,CV,N,N,N,N,Ineligible,0,0,0,0,,,,0,exact_submission_number_only,2026-07-31,https://www.fda.gov/medical-devices/software-medical-device-samd/artificial-intelligence-enabled-medical-devices
K243446,510(k),2025-02-25,2025,Q1,3DXR,GE Medical Systems SCS,Radiology,OWB,1,3DXR,GE Medical Systems SCS,2024-11-06,111,SESE,Substantially Equivalent,Traditional,N,,,,1,Interventional Fluoroscopic X-Ray System,2,892.1650,RA,Radiology,RA,N,N,N,Y,Eligible,0,0,0,0,,,,0,exact_submission_number_only,2026-07-31,https://www.fda.gov/medical-devices/software-medical-device-samd/artificial-intelligence-enabled-medical-devices
K242994,510(k),2025-02-24,2025,Q1,OncoStudio (OS-01),"OncoSoft. Co., Ltd.",Radiology,QKB,1,OncoStudio (OS-01),"Oncosoft. Co., Ltd.",2024-09-26,151,SESE,Substantially Equivalent,Traditional,N,,,,1,Radiological Image Processing Software For Radiation Therapy,2,892.2050,RA,Radiology,RA,N,N,N,N,Ineligible,0,0,0,0,,,,0,exact_submission_number_only,2026-07-31,https://www.fda.gov/medical-devices/software-medical-device-samd/artificial-intelligence-enabled-medical-devices
K242607,510(k),2025-02-21,2025,Q1,ScanDiags Ortho L-Spine MR-Q,ScanDiags AG,Radiology,QIH,1,ScanDiags Ortho L-Spine MR-Q,Scandiags AG,2024-09-03,171,SESE,Substantially Equivalent,Traditional,N,,,,1,Automated Radiological Image Processing Software,2,892.2050,RA,Radiology,RA,N,N,N,N,Ineligible,0,0,0,0,,,,0,exact_submission_number_only,2026-07-31,https://www.fda.gov/medical-devices/software-medical-device-samd/artificial-intelligence-enabled-medical-devices
K242838,510(k),2025-02-21,2025,Q1,QuickRad,Aikenist Technologies Pvt Ltd,Radiology,LLZ,1,QuickRad,"Aikenist Technologies Pvt, Ltd.",2024-09-19,155,SESE,Substantially Equivalent,Traditional,N,,,,1,"System, Image Processing, Radiological",2,892.2050,RA,Radiology,RA,N,N,N,Y,Eligible,0,0,0,0,,,,0,exact_submission_number_only,2026-07-31,https://www.fda.gov/medical-devices/software-medical-device-samd/artificial-intelligence-enabled-medical-devices
K243614,510(k),2025-02-21,2025,Q1,Sonio Suspect,Sonio,Radiology,POK,1,Sonio Suspect,Sonio,2024-11-22,91,SESE,Substantially Equivalent,Traditional,N,,,,1,Computer-Assisted Diagnostic Software For Lesions Suspicious For Cancer,2,892.2060,RA,Radiology,RA,N,N,N,N,Eligible,0,0,0,0,,,,0,exact_submission_number_only,2026-07-31,https://www.fda.gov/medical-devices/software-medical-device-samd/artificial-intelligence-enabled-medical-devices
K242240,510(k),2025-02-20,2025,Q1,CaRi-Plaque,Caristo Diagnostics Ltd.,Radiology,LLZ,1,CaRi-Plaque,"Caristo Diagnostics , Ltd.",2024-07-30,205,SESE,Substantially Equivalent,Traditional,N,,,,1,"System, Image Processing, Radiological",2,892.2050,RA,Radiology,RA,N,N,N,Y,Eligible,0,0,0,0,,,,0,exact_submission_number_only,2026-07-31,https://www.fda.gov/medical-devices/software-medical-device-samd/artificial-intelligence-enabled-medical-devices
K242447,510(k),2025-02-20,2025,Q1,Falcon HST,Compumedics Limited,Neurology,OLV,1,Falcon HST,Compumedics Limited,2024-08-16,188,SESE,Substantially Equivalent,Traditional,Y,,,,1,Standard Polysomnograph With Electroencephalograph,2,882.1400,NE,Neurology,NE,N,N,N,Y,Eligible,0,0,0,0,,,,0,exact_submission_number_only,2026-07-31,https://www.fda.gov/medical-devices/software-medical-device-samd/artificial-intelligence-enabled-medical-devices
K242821,510(k),2025-02-20,2025,Q1,EFAI Chestsuite XR Malpositioned ETT Assessment System (ETT-XR-100),"Ever Fortune.AI, Co., Ltd.",Radiology,QAS,1,EFAI Chestsuite XR Malpositioned ETT Assessment System (ETT-XR-100),"Ever Fortune.Ai, Co., Ltd.",2024-09-18,155,SESE,Substantially Equivalent,Traditional,N,,,,1,Radiological Computer-Assisted Triage And Notification Software,2,892.2080,RA,Radiology,RA,N,N,N,N,Ineligible,0,0,0,0,,,,0,exact_submission_number_only,2026-07-31,https://www.fda.gov/medical-devices/software-medical-device-samd/artificial-intelligence-enabled-medical-devices
K243294,510(k),2025-02-14,2025,Q1,Brainomix 360 e-ASPECTS,Brainomix Limited,Radiology,POK,1,Brainomix 360 e-ASPECTS,Brainomix Limited,2024-10-18,119,SESE,Substantially Equivalent,Traditional,N,,,,1,Computer-Assisted Diagnostic Software For Lesions Suspicious For Cancer,2,892.2060,RA,Radiology,RA,N,N,N,N,Eligible,0,0,0,0,,,,0,exact_submission_number_only,2026-07-31,https://www.fda.gov/medical-devices/software-medical-device-samd/artificial-intelligence-enabled-medical-devices
K243696,510(k),2025-02-14,2025,Q1,AVIEW CAC,"Coreline Soft Co., Ltd.",Radiology,QIH,1,AVIEW CAC,"Coreline Soft Co., Ltd.",2024-11-29,77,SESE,Substantially Equivalent,Special,N,,,,1,Automated Radiological Image Processing Software,2,892.2050,RA,Radiology,RA,N,N,N,N,Ineligible,0,0,0,0,,,,0,exact_submission_number_only,2026-07-31,https://www.fda.gov/medical-devices/software-medical-device-samd/artificial-intelligence-enabled-medical-devices
K250248,510(k),2025-02-14,2025,Q1,BriefCase-Triage,"Aidoc Medical, Ltd.",Radiology,QAS,1,BriefCase-Triage,"Aidoc Medical , Ltd.",2025-01-27,18,SESE,Substantially Equivalent,Special,N,,,,1,Radiological Computer-Assisted Triage And Notification Software,2,892.2080,RA,Radiology,RA,N,N,N,N,Ineligible,0,0,0,0,,,,0,exact_submission_number_only,2026-07-31,https://www.fda.gov/medical-devices/software-medical-device-samd/artificial-intelligence-enabled-medical-devices
K243250,510(k),2025-02-12,2025,Q1,SubtleHD (1.x),"Subtle Medical, Inc.",Radiology,QIH,1,SubtleHD (1.x),"Subtle Medical, Inc.",2024-10-15,120,SESE,Substantially Equivalent,Traditional,N,,,,1,Automated Radiological Image Processing Software,2,892.2050,RA,Radiology,RA,N,N,N,N,Ineligible,0,0,0,0,,,,0,exact_submission_number_only,2026-07-31,https://www.fda.gov/medical-devices/software-medical-device-samd/artificial-intelligence-enabled-medical-devices
K243523,510(k),2025-02-12,2025,Q1,NAEOTOM Alpha.Peak/ NAEOTOM Alpha; NAEOTOM Alpha.Pro; NAEOTOM Alpha.Prime,"Siemens Medical Solutions USA, Inc.",Radiology,JAK,1,NAEOTOM Alpha.Peak/ NAEOTOM Alpha; NAEOTOM Alpha.Pro; NAEOTOM Alpha.Prime,"Siemens Medical Solutions USA, Inc.",2024-11-14,90,SESE,Substantially Equivalent,Traditional,N,,,,1,"System, X-Ray, Tomography, Computed",2,892.1750,RA,Radiology,RA,N,N,N,Y,Eligible,0,0,0,0,,,,0,exact_submission_number_only,2026-07-31,https://www.fda.gov/medical-devices/software-medical-device-samd/artificial-intelligence-enabled-medical-devices
K243702,510(k),2025-02-12,2025,Q1,V8 Diagnostic Ultrasound System; cV8 Diagnostic Ultrasound System; V7 Diagnostic Ultrasound System; cV7 Diagnostic Ultrasound System; V6 Diagnostic Ultrasound System; cV6 Diagnostic Ultrasound System,"Samsung Medison Co., Ltd.",Radiology,IYN,1,V8 Diagnostic Ultrasound System; cV8 Diagnostic Ultrasound System; V7 Diagnostic Ultrasound System; cV7 Diagnostic Ultrasound System; V6 Diagnostic Ultrasound System; cV6 Diagnostic Ultrasound System,"Samsung Medison Co., Ltd.",2024-11-29,75,SESE,Substantially Equivalent,Traditional,N,,,,1,"System, Imaging, Pulsed Doppler, Ultrasonic",2,892.1550,RA,Radiology,RA,N,N,N,Y,Eligible,0,0,0,0,,,,0,exact_submission_number_only,2026-07-31,https://www.fda.gov/medical-devices/software-medical-device-samd/artificial-intelligence-enabled-medical-devices
K243620,510(k),2025-02-11,2025,Q1,Vivid iq,GE Medical Systems Ultrasound and Primary Care Diagnostics,Radiology,IYN,1,Vivid iq,GE Medical Systems Ultrasound and Primary Care Diagnostics,2024-11-22,81,SESE,Substantially Equivalent,Traditional,N,,,,1,"System, Imaging, Pulsed Doppler, Ultrasonic",2,892.1550,RA,Radiology,RA,N,N,N,Y,Eligible,0,0,0,0,,,,0,exact_submission_number_only,2026-07-31,https://www.fda.gov/medical-devices/software-medical-device-samd/artificial-intelligence-enabled-medical-devices
K243628,510(k),2025-02-11,2025,Q1,Vivid T9/Vivid T8,GE Medical Systems Ultrasound and Primary Care Diagnostics,Radiology,IYN,1,Vivid T9/Vivid T8,GE Medical Systems Ultrasound and Primary Care Diagnostics,2024-11-25,78,SESE,Substantially Equivalent,Traditional,N,,,,1,"System, Imaging, Pulsed Doppler, Ultrasonic",2,892.1550,RA,Radiology,RA,N,N,N,Y,Eligible,0,0,0,0,,,,0,exact_submission_number_only,2026-07-31,https://www.fda.gov/medical-devices/software-medical-device-samd/artificial-intelligence-enabled-medical-devices
K241659,510(k),2025-02-10,2025,Q1,Ultrasound Workspace (UWS 6.0),Philips Ultrasound LLC,Radiology,QIH,1,Ultrasound Workspace (UWS 6.0),"Philips Ultrasound, LLC",2024-06-10,245,SESE,Substantially Equivalent,Traditional,N,,,,1,Automated Radiological Image Processing Software,2,892.2050,RA,Radiology,RA,N,N,N,N,Ineligible,0,0,0,0,,,,0,exact_submission_number_only,2026-07-31,https://www.fda.gov/medical-devices/software-medical-device-samd/artificial-intelligence-enabled-medical-devices
K243794,510(k),2025-02-06,2025,Q1,EPIQ Series Diagnostic Ultrasound System; Affiniti Series Diagnostic Ultrasound System,Philips Ultrasound LLC,Radiology,IYN,1,EPIQ Series Diagnostic Ultrasound System; Affiniti Series Diagnostic Ultrasound System,"Philips Ultrasound, LLC",2024-12-10,58,SESE,Substantially Equivalent,Traditional,N,,,,1,"System, Imaging, Pulsed Doppler, Ultrasonic",2,892.1550,RA,Radiology,RA,N,N,N,Y,Eligible,0,0,0,0,,,,0,exact_submission_number_only,2026-07-31,https://www.fda.gov/medical-devices/software-medical-device-samd/artificial-intelligence-enabled-medical-devices
K241593,510(k),2025-02-05,2025,Q1,BoneMetrics (US),Gleamer SAS,Radiology,QIH,1,BoneMetrics (US),Gleamer Sas,2024-06-03,247,SESE,Substantially Equivalent,Traditional,N,,,,1,Automated Radiological Image Processing Software,2,892.2050,RA,Radiology,RA,N,N,N,N,Ineligible,0,0,0,0,,,,0,exact_submission_number_only,2026-07-31,https://www.fda.gov/medical-devices/software-medical-device-samd/artificial-intelligence-enabled-medical-devices
K243268,510(k),2025-02-03,2025,Q1,TipTraQ (TTQ001),PranaQ Pte. Ltd.,Anesthesiology,MNR,1,TipTraQ (TTQ001),"Pranaq Pte. , Ltd.",2024-10-15,111,SESE,Substantially Equivalent,Traditional,N,,,,1,Ventilatory Effort Recorder,2,868.2375,AN,Anesthesiology,AN,N,N,N,Y,Eligible,0,0,0,0,,,,0,exact_submission_number_only,2026-07-31,https://www.fda.gov/medical-devices/software-medical-device-samd/artificial-intelligence-enabled-medical-devices
K250035,510(k),2025-02-03,2025,Q1,Contour ProtégéAI+,MIM Software Inc.,Radiology,QKB,1,Contour ProtégéAI+,"Mim Software, Inc.",2025-01-07,27,SESE,Substantially Equivalent,Special,N,,,,1,Radiological Image Processing Software For Radiation Therapy,2,892.2050,RA,Radiology,RA,N,N,N,N,Ineligible,0,0,0,0,,,,0,exact_submission_number_only,2026-07-31,https://www.fda.gov/medical-devices/software-medical-device-samd/artificial-intelligence-enabled-medical-devices
K241292,510(k),2025-01-30,2025,Q1,MyShoulder Planner (5.3SSWPL),Medacta International S.A.,Orthopedic,KWS,1,MyShoulder Planner (5.3SSWPL),Medacta International S.A.,2024-05-08,267,SESE,Substantially Equivalent,Traditional,N,,,,1,"Prosthesis, Shoulder, Semi-Constrained, Metal/Polymer Cemented",2,888.3660,OR,Orthopedic,OR,Y,N,N,N,Eligible,0,0,0,0,,,,0,exact_submission_number_only,2026-07-31,https://www.fda.gov/medical-devices/software-medical-device-samd/artificial-intelligence-enabled-medical-devices
K243042,510(k),2025-01-29,2025,Q1,Co-Ablation System with Sterile Co-Ablation Probe,"Hygea Medical Technology Co., Ltd.",General and Plastic Surgery,GEH,1,Co-Ablation System with Sterile Co-Ablation Probe,"Hygea Medical Technology Co., Ltd.",2024-09-27,124,SESE,Substantially Equivalent,Traditional,N,,,,1,"Unit, Cryosurgical, Accessories",2,878.4350,SU,"General, Plastic Surgery",SU,N,N,N,Y,Eligible,0,0,0,0,,,,0,exact_submission_number_only,2026-07-31,https://www.fda.gov/medical-devices/software-medical-device-samd/artificial-intelligence-enabled-medical-devices
K244027,510(k),2025-01-28,2025,Q1,SANSA HSAT,Huxley Medical,Anesthesiology,MNR,1,SANSA HSAT,Huxley Medical,2024-12-30,29,SESE,Substantially Equivalent,Special,N,,,,1,Ventilatory Effort Recorder,2,868.2375,AN,Anesthesiology,AN,N,N,N,Y,Eligible,0,0,0,0,,,,0,exact_submission_number_only,2026-07-31,https://www.fda.gov/medical-devices/software-medical-device-samd/artificial-intelligence-enabled-medical-devices
K243229,510(k),2025-01-27,2025,Q1,Bunkerhill AVC,BunkerHill Health,Radiology,JAK,1,Bunkerhill AVC,BunkerHill Health,2024-10-08,111,SESE,Substantially Equivalent,Traditional,N,,,,1,"System, X-Ray, Tomography, Computed",2,892.1750,RA,Radiology,RA,N,N,N,Y,Eligible,0,0,0,0,,,,0,exact_submission_number_only,2026-07-31,https://www.fda.gov/medical-devices/software-medical-device-samd/artificial-intelligence-enabled-medical-devices
K241232,510(k),2025-01-24,2025,Q1,Galen™ Second Read™,Ibex Medical Analytics Ltd.,Pathology,QPN,1,Galen™ Second Read™,"Ibex Medical Analytics , Ltd.",2024-05-02,267,SESE,Substantially Equivalent,Traditional,N,,,,1,Software Algorithm Device To Assist Users In Digital Pathology,2,864.3750,PA,Pathology,PA,N,N,N,N,Ineligible,0,0,0,0,,,,0,exact_submission_number_only,2026-07-31,https://www.fda.gov/medical-devices/software-medical-device-samd/artificial-intelligence-enabled-medical-devices
K243657,510(k),2025-01-24,2025,Q1,ClearPoint System (Software Version 3.0),"ClearPoint Neuro, Inc.",Neurology,HAW,1,ClearPoint System (Software Version 3.0),"ClearPoint Neuro, Inc.",2024-11-27,58,SESE,Substantially Equivalent,Traditional,N,,,,1,Neurological Stereotaxic Instrument,2,882.4560,NE,Neurology,NE,N,N,N,N,Ineligible,0,0,0,0,,,,0,exact_submission_number_only,2026-07-31,https://www.fda.gov/medical-devices/software-medical-device-samd/artificial-intelligence-enabled-medical-devices
K244023,510(k),2025-01-24,2025,Q1,MAGENTIQ-COLO (ME-APDS),Magentiq Eye LTD,Gastroenterology-Urology,QNP,1,MAGENTIQ-COLO (ME-APDS),"Magentiq Eye, Ltd.",2024-12-27,28,SESE,Substantially Equivalent,Special,N,,,,1,Gastrointesinal Lesion Software Detection System,2,876.1520,GU,"Gastroenterology, Urology",GU,N,N,N,N,Ineligible,0,0,0,0,,,,0,exact_submission_number_only,2026-07-31,https://www.fda.gov/medical-devices/software-medical-device-samd/artificial-intelligence-enabled-medical-devices
K243158,510(k),2025-01-23,2025,Q1,TeraRecon Aorta.CT (1.1.0),"TeraRecon, Inc.",Radiology,QIH,1,TeraRecon Aorta.CT (1.1.0),"Terarecon,Inc.",2024-09-30,115,SESE,Substantially Equivalent,Traditional,N,,,,1,Automated Radiological Image Processing Software,2,892.2050,RA,Radiology,RA,N,N,N,N,Ineligible,0,0,0,0,,,,0,exact_submission_number_only,2026-07-31,https://www.fda.gov/medical-devices/software-medical-device-samd/artificial-intelligence-enabled-medical-devices
K243350,510(k),2025-01-22,2025,Q1,Rapid Neuro3D,"iSchemaView, Inc.",Radiology,QIH,1,Rapid Neuro3D,"Ischemaview, Inc.",2024-10-28,86,SESE,Substantially Equivalent,Traditional,N,,,,1,Automated Radiological Image Processing Software,2,892.2050,RA,Radiology,RA,N,N,N,N,Ineligible,0,0,0,0,,,,0,exact_submission_number_only,2026-07-31,https://www.fda.gov/medical-devices/software-medical-device-samd/artificial-intelligence-enabled-medical-devices
K243955,510(k),2025-01-21,2025,Q1,Precision AI Surgical Planning System (PAI-SPS),Precision AI Pty Ltd,Orthopedic,QHE,1,Precision AI Surgical Planning System (PAI-SPS),"Precision AI Pty, Ltd.",2024-12-23,29,SESE,Substantially Equivalent,Special,N,,,,1,Shoulder Arthroplasty Implantation System,2,888.3660,OR,Orthopedic,OR,N,N,N,N,Ineligible,0,0,0,0,,,,0,exact_submission_number_only,2026-07-31,https://www.fda.gov/medical-devices/software-medical-device-samd/artificial-intelligence-enabled-medical-devices
K241949,510(k),2025-01-17,2025,Q1,Digital Color Doppler Ultrasound System (P60 Series),Sonoscape Medical Corp.,Radiology,IYN,1,Digital Color Doppler Ultrasound System (P60 Series),Sonoscape Medical Corp.,2024-07-03,198,SESE,Substantially Equivalent,Traditional,N,,,,1,"System, Imaging, Pulsed Doppler, Ultrasonic",2,892.1550,RA,Radiology,RA,N,N,N,Y,Eligible,0,0,0,0,,,,0,exact_submission_number_only,2026-07-31,https://www.fda.gov/medical-devices/software-medical-device-samd/artificial-intelligence-enabled-medical-devices
K242171,510(k),2025-01-17,2025,Q1,TechCare Trauma,Milvue,Radiology,QBS,1,TechCare Trauma,Milvue,2024-07-24,177,SESE,Substantially Equivalent,Traditional,N,,,,1,Radiological Computer Assisted Detection/Diagnosis Software For Fracture,2,892.2090,RA,Radiology,RA,N,N,N,N,Ineligible,0,0,0,0,,,,0,exact_submission_number_only,2026-07-31,https://www.fda.gov/medical-devices/software-medical-device-samd/artificial-intelligence-enabled-medical-devices
K242825,510(k),2025-01-17,2025,Q1,Prenuvo Body Composition,Prenuvo,Radiology,LNH,1,Prenuvo Body Composition,Prenuvo,2024-09-18,121,SESE,Substantially Equivalent,Traditional,N,,,,1,"System, Nuclear Magnetic Resonance Imaging",2,892.1000,RA,Radiology,RA,N,N,N,Y,Eligible,0,0,0,0,,,,0,exact_submission_number_only,2026-07-31,https://www.fda.gov/medical-devices/software-medical-device-samd/artificial-intelligence-enabled-medical-devices
K242522,510(k),2025-01-16,2025,Q1,Second Opinion CC,Pearl Inc.,Radiology,MYN,1,Second Opinion CC,"Pearl, Inc.",2024-08-23,146,SESE,Substantially Equivalent,Traditional,N,,,,1,"Analyzer, Medical Image",2,892.2070,RA,Radiology,RA,N,N,N,N,Eligible,0,0,0,0,,,,0,exact_submission_number_only,2026-07-31,https://www.fda.gov/medical-devices/software-medical-device-samd/artificial-intelligence-enabled-medical-devices
K243065,510(k),2025-01-15,2025,Q1,Cardiac Guidance,"Caption Health, Inc.",Radiology,QJU,1,Cardiac Guidance,"Caption Health, Inc.",2024-09-27,110,SESE,Substantially Equivalent,Traditional,N,,,,1,Image Acquisition And/Or Optimization Guided By Artificial Intelligence,2,892.2100,RA,Radiology,RA,N,N,N,N,Ineligible,0,0,0,0,,,,0,exact_submission_number_only,2026-07-31,https://www.fda.gov/medical-devices/software-medical-device-samd/artificial-intelligence-enabled-medical-devices
K241166,510(k),2025-01-14,2025,Q1,uCT 550,"Shanghai United Imaging Healthcare Co., Ltd.",Radiology,JAK,1,uCT 550,"Shanghai United Imaging Healthcare Co., Ltd.",2024-04-26,263,SESE,Substantially Equivalent,Traditional,N,,,,1,"System, X-Ray, Tomography, Computed",2,892.1750,RA,Radiology,RA,N,N,N,Y,Eligible,0,0,0,0,,,,0,exact_submission_number_only,2026-07-31,https://www.fda.gov/medical-devices/software-medical-device-samd/artificial-intelligence-enabled-medical-devices
K241200,510(k),2025-01-13,2025,Q1,SpotLight/SpotLight Duo with Low Dose Lung Cancer Screening Option,Arineta Ltd.,Radiology,JAK,1,SpotLight/SpotLight Duo with Low Dose Lung Cancer Screening Option,"Arineta , Ltd.",2024-04-30,258,SESE,Substantially Equivalent,Traditional,N,,,,1,"System, X-Ray, Tomography, Computed",2,892.1750,RA,Radiology,RA,N,N,N,Y,Eligible,0,0,0,0,,,,0,exact_submission_number_only,2026-07-31,https://www.fda.gov/medical-devices/software-medical-device-samd/artificial-intelligence-enabled-medical-devices
K243950,510(k),2025-01-13,2025,Q1,ARVIS® Shoulder,Kico Knee Innovation Company Pty Ltd,Neurology,SBF,1,ARVIS® Shoulder,"Kico Knee Innovation Company Pty, Ltd.",2024-12-23,21,SESE,Substantially Equivalent,Special,N,,,,1,Orthopedic Augmented Reality,2,882.4560,NE,Neurology,OR,N,N,N,N,Ineligible,1,1,1,0,2025-09-19,2025-09-19,249.0,1,exact_submission_number_only,2026-07-31,https://www.fda.gov/medical-devices/software-medical-device-samd/artificial-intelligence-enabled-medical-devices
K241009,510(k),2025-01-10,2025,Q1,PeriCALM Patterns 3.0,"PeriGen, Inc.",Obstetrics and Gynecology,HGM,1,PeriCALM Patterns 3.0,"Perigen, Inc.",2024-04-12,273,SESE,Substantially Equivalent,Traditional,N,,,,1,"System, Monitoring, Perinatal",2,884.2740,OB,Obstetrics/Gynecology,OB,N,N,N,Y,Ineligible,0,0,0,0,,,,0,exact_submission_number_only,2026-07-31,https://www.fda.gov/medical-devices/software-medical-device-samd/artificial-intelligence-enabled-medical-devices
K241676,510(k),2025-01-10,2025,Q1,TriVerity,"Inflammatix, Inc.",Microbiology,PRE,1,TriVerity,"Inflammatix, Inc.",2024-06-11,213,SESE,Substantially Equivalent,Traditional,N,,,,1,Rt-Qpcr Assay For Mrna Transcript Immune Biomarkers,2,866.3215,MI,Microbiology,MI,N,N,N,N,Eligible,0,0,0,0,,,,0,exact_submission_number_only,2026-07-31,https://www.fda.gov/medical-devices/software-medical-device-samd/artificial-intelligence-enabled-medical-devices
K241891,510(k),2025-01-10,2025,Q1,ScreenDx,"Imvaria, Inc",Radiology,QWO,1,ScreenDx,"Imvaria, Inc.",2024-06-28,196,SESE,Substantially Equivalent,Traditional,N,,,,1,Radiology Software For Referral Of Findings Related To Fibrotic Lung Disease.,2,892.2085,RA,Radiology,RA,N,N,N,N,Ineligible,0,0,0,0,,,,0,exact_submission_number_only,2026-07-31,https://www.fda.gov/medical-devices/software-medical-device-samd/artificial-intelligence-enabled-medical-devices
K241079,510(k),2025-01-07,2025,Q1,uCT 780,"Shanghai United Imaging Healthcare Co., Ltd.",Radiology,JAK,1,uCT 780,"Shanghai United Imaging Healthcare Co., Ltd.",2024-04-19,263,SESE,Substantially Equivalent,Traditional,N,,,,1,"System, X-Ray, Tomography, Computed",2,892.1750,RA,Radiology,RA,N,N,N,Y,Eligible,1,1,1,0,2025-09-12,2025-09-12,248.0,1,exact_submission_number_only,2026-07-31,https://www.fda.gov/medical-devices/software-medical-device-samd/artificial-intelligence-enabled-medical-devices
K243335,510(k),2025-01-07,2025,Q1,"Vantage Galan 3T, MRT-3020, V10.0 with AiCE Reconstruction Processing Unit for MR",Canon Medical Systems Corporation,Radiology,LNH,1,"Vantage Galan 3T, MRT-3020, V10.0 with AiCE Reconstruction Processing Unit for MR",Canon Medical Systems Corporation,2024-10-24,75,SESE,Substantially Equivalent,Traditional,N,,,,1,"System, Nuclear Magnetic Resonance Imaging",2,892.1000,RA,Radiology,RA,N,N,N,Y,Eligible,1,1,1,0,2025-10-16,2025-10-16,282.0,1,exact_submission_number_only,2026-07-31,https://www.fda.gov/medical-devices/software-medical-device-samd/artificial-intelligence-enabled-medical-devices
K242123,510(k),2025-01-06,2025,Q1,Brainomix 360 e-CTA,Brainomix Limited,Radiology,LLZ,1,Brainomix 360 e-CTA,Brainomix Limited,2024-07-19,171,SESE,Substantially Equivalent,Traditional,N,,,,1,"System, Image Processing, Radiological",2,892.2050,RA,Radiology,RA,N,N,N,Y,Eligible,0,0,0,0,,,,0,exact_submission_number_only,2026-07-31,https://www.fda.gov/medical-devices/software-medical-device-samd/artificial-intelligence-enabled-medical-devices
K242488,510(k),2025-01-06,2025,Q1,Soteria E-View,"Omega Medical Imaging, LLC",Radiology,JAA,1,Soteria E-View,"Omega Medical Imaging, LLC",2024-08-21,138,SESE,Substantially Equivalent,Traditional,N,,,,1,"System, X-Ray, Fluoroscopic, Image-Intensified",2,892.1650,RA,Radiology,RA,N,N,N,Y,Eligible,0,0,0,0,,,,0,exact_submission_number_only,2026-07-31,https://www.fda.gov/medical-devices/software-medical-device-samd/artificial-intelligence-enabled-medical-devices
K243481,510(k),2025-01-06,2025,Q1,TMINI Miniature Robotic System,"THINK Surgical, Inc.",Neurology,OLO,1,TMINI Miniature Robotic System,"THINK Surgical, Inc.",2024-11-08,59,SESE,Substantially Equivalent,Traditional,N,,,,1,Orthopedic Stereotaxic Instrument,2,882.4560,NE,Neurology,OR,N,N,N,N,Eligible,0,0,0,0,,,,0,exact_submission_number_only,2026-07-31,https://www.fda.gov/medical-devices/software-medical-device-samd/artificial-intelligence-enabled-medical-devices
K241350,510(k),2025-01-03,2025,Q1,Clarify DL,"GE Medical Systems Israel, Functional Imaging",Radiology,LLZ,1,Clarify DL,"Ge Medical Systems Israel, Functional Imaging",2024-05-13,235,SESE,Substantially Equivalent,Traditional,N,,,,1,"System, Image Processing, Radiological",2,892.2050,RA,Radiology,RA,N,N,N,Y,Eligible,0,0,0,0,,,,0,exact_submission_number_only,2026-07-31,https://www.fda.gov/medical-devices/software-medical-device-samd/artificial-intelligence-enabled-medical-devices
K243363,510(k),2025-01-03,2025,Q1,JLK-ICH,"JLK, Inc.",Radiology,QAS,1,JLK-ICH,"JLK, Inc.",2024-10-29,66,SESE,Substantially Equivalent,Traditional,N,,,,1,Radiological Computer-Assisted Triage And Notification Software,2,892.2080,RA,Radiology,RA,N,N,N,N,Ineligible,0,0,0,0,,,,0,exact_submission_number_only,2026-07-31,https://www.fda.gov/medical-devices/software-medical-device-samd/artificial-intelligence-enabled-medical-devices
K241696,510(k),2025-01-02,2025,Q1,Ortho AI,Ortho AI LLC,Radiology,QIH,1,Ortho AI,"Ortho Ai, LLC",2024-06-12,204,SESE,Substantially Equivalent,Traditional,N,,,,1,Automated Radiological Image Processing Software,2,892.2050,RA,Radiology,RA,N,N,N,N,Ineligible,0,0,0,0,,,,0,exact_submission_number_only,2026-07-31,https://www.fda.gov/medical-devices/software-medical-device-samd/artificial-intelligence-enabled-medical-devices
K242334,510(k),2025-01-02,2025,Q1,Ezra Flash,"Ezra AI, Inc.",Radiology,QIH,1,Ezra Flash,"Ezra Ai, Inc.",2024-08-07,148,SESE,Substantially Equivalent,Traditional,N,,,,1,Automated Radiological Image Processing Software,2,892.2050,RA,Radiology,RA,N,N,N,N,Ineligible,0,0,0,0,,,,0,exact_submission_number_only,2026-07-31,https://www.fda.gov/medical-devices/software-medical-device-samd/artificial-intelligence-enabled-medical-devices
K242480,510(k),2024-12-27,2024,Q4,FLASH EVD System (10-0002),7D Surgical ULC,Neurology,HAW,1,FLASH EVD System (10-0002),7D Surgical ULC,2024-08-21,128,SESE,Substantially Equivalent,Traditional,N,,,,1,Neurological Stereotaxic Instrument,2,882.4560,NE,Neurology,NE,N,N,N,N,Ineligible,0,0,0,0,,,,0,exact_submission_number_only,2026-07-31,https://www.fda.gov/medical-devices/software-medical-device-samd/artificial-intelligence-enabled-medical-devices
K242403,510(k),2024-12-23,2024,Q4,Aquilion ONE (TSX-308A/3) V1.5,Canon Medical Systems Corporation,Radiology,JAK,1,Aquilion ONE (TSX-308A/3) V1.5,Canon Medical Systems Corporation,2024-08-13,132,SESE,Substantially Equivalent,Traditional,N,,,,1,"System, X-Ray, Tomography, Computed",2,892.1750,RA,Radiology,RA,N,N,N,Y,Eligible,0,0,0,0,,,,0,exact_submission_number_only,2026-07-31,https://www.fda.gov/medical-devices/software-medical-device-samd/artificial-intelligence-enabled-medical-devices
K242168,510(k),2024-12-20,2024,Q4,Voluson Expert 18; Voluson Expert 20; Voluson Expert 22,GE Medical Systems Ultrasound and Primary care Diagnostics,Radiology,IYN,1,Voluson Expert 18; Voluson Expert 20; Voluson Expert 22,GE Medical Systems Ultrasound and Primary Care Diagnostics,2024-07-24,149,SESE,Substantially Equivalent,Traditional,N,,,,1,"System, Imaging, Pulsed Doppler, Ultrasonic",2,892.1550,RA,Radiology,RA,N,N,N,Y,Eligible,0,0,0,0,,,,0,exact_submission_number_only,2026-07-31,https://www.fda.gov/medical-devices/software-medical-device-samd/artificial-intelligence-enabled-medical-devices
K242362,510(k),2024-12-20,2024,Q4,Lightning Viewer,Nexsys Electronics Inc. dba Medweb,Radiology,LLZ,1,Lightning Viewer,Nexsys Electronics Inc. Dba Medweb,2024-08-09,133,SESE,Substantially Equivalent,Traditional,N,,,,1,"System, Image Processing, Radiological",2,892.2050,RA,Radiology,RA,N,N,N,Y,Eligible,0,0,0,0,,,,0,exact_submission_number_only,2026-07-31,https://www.fda.gov/medical-devices/software-medical-device-samd/artificial-intelligence-enabled-medical-devices
K242270,510(k),2024-12-19,2024,Q4,OrthoNext Platform System,Orthofix Srl,Radiology,QIH,1,OrthoNext Platform System,Orthofix Srl,2024-08-01,140,SESE,Substantially Equivalent,Traditional,N,,,,1,Automated Radiological Image Processing Software,2,892.2050,RA,Radiology,RA,N,N,N,N,Ineligible,0,0,0,0,,,,0,exact_submission_number_only,2026-07-31,https://www.fda.gov/medical-devices/software-medical-device-samd/artificial-intelligence-enabled-medical-devices
K242467,510(k),2024-12-19,2024,Q4,IQ-UIP,"Imbio, Inc.",Radiology,QWO,1,IQ-UIP,"Imbio, Inc.",2024-08-20,121,SESE,Substantially Equivalent,Traditional,N,,,,1,Radiology Software For Referral Of Findings Related To Fibrotic Lung Disease.,2,892.2085,RA,Radiology,RA,N,N,N,N,Ineligible,0,0,0,0,,,,0,exact_submission_number_only,2026-07-31,https://www.fda.gov/medical-devices/software-medical-device-samd/artificial-intelligence-enabled-medical-devices
K243688,510(k),2024-12-19,2024,Q4,Saige-Dx (3.1.0),"DeepHealth, Inc.",Radiology,QDQ,1,Saige-Dx (3.1.0),"DeepHealth, Inc.",2024-11-29,20,SESE,Substantially Equivalent,Special,N,,,,1,Radiological Computer Assisted Detection/Diagnosis Software For Lesions Suspicious For Cancer,2,892.2090,RA,Radiology,RA,N,N,N,N,Ineligible,0,0,0,0,,,,0,exact_submission_number_only,2026-07-31,https://www.fda.gov/medical-devices/software-medical-device-samd/artificial-intelligence-enabled-medical-devices
K243705,510(k),2024-12-19,2024,Q4,Saige-Density (2.5.0),"DeepHealth, Inc",Radiology,QIH,1,Saige-Density (2.5.0),"DeepHealth, Inc.",2024-11-29,20,SESE,Substantially Equivalent,Special,N,,,,1,Automated Radiological Image Processing Software,2,892.2050,RA,Radiology,RA,N,N,N,N,Ineligible,0,0,0,0,,,,0,exact_submission_number_only,2026-07-31,https://www.fda.gov/medical-devices/software-medical-device-samd/artificial-intelligence-enabled-medical-devices
K240793,510(k),2024-12-16,2024,Q4,MSKai,MSKai,Radiology,QIH,1,MSKai,Mskai,2024-03-22,269,SESE,Substantially Equivalent,Traditional,N,,,,1,Automated Radiological Image Processing Software,2,892.2050,RA,Radiology,RA,N,N,N,N,Ineligible,0,0,0,0,,,,0,exact_submission_number_only,2026-07-31,https://www.fda.gov/medical-devices/software-medical-device-samd/artificial-intelligence-enabled-medical-devices
K242020,510(k),2024-12-12,2024,Q4,EPIQ Series Diagnostic Ultrasound System; Affiniti Series Diagnostic Ultrasound System,Philips Ultrasound LLC,Radiology,IYN,1,EPIQ Series Diagnostic Ultrasound System; Affiniti Series Diagnostic Ultrasound System,"Philips Ultrasound, LLC",2024-07-11,154,SESE,Substantially Equivalent,Traditional,N,,,,1,"System, Imaging, Pulsed Doppler, Ultrasonic",2,892.1550,RA,Radiology,RA,N,N,N,Y,Eligible,0,0,0,0,,,,0,exact_submission_number_only,2026-07-31,https://www.fda.gov/medical-devices/software-medical-device-samd/artificial-intelligence-enabled-medical-devices
K243538,510(k),2024-12-12,2024,Q4,uMI Panvivo (uMI Panvivo); uMI Panvivo (uMI Panvivo S),"Shanghai United Imaging Healthcare Co.,Ltd.",Radiology,KPS,1,uMI Panvivo (uMI Panvivo); uMI Panvivo (uMI Panvivo S),"Shanghai United Imaging Healthcare Co., Ltd.",2024-11-15,27,SESE,Substantially Equivalent,Special,N,,,,1,"System, Tomography, Computed, Emission",2,892.1200,RA,Radiology,RA,N,N,N,Y,Eligible,0,0,0,0,,,,0,exact_submission_number_only,2026-07-31,https://www.fda.gov/medical-devices/software-medical-device-samd/artificial-intelligence-enabled-medical-devices
K243548,510(k),2024-12-11,2024,Q4,BriefCase-Triage,"Aidoc Medical, Ltd.",Radiology,QFM,1,BriefCase-Triage,"Aidoc Medical , Ltd.",2024-11-15,26,SESE,Substantially Equivalent,Special,N,,,,1,Radiological Computer-Assisted Prioritization Software For Lesions,2,892.2080,RA,Radiology,RA,N,N,N,N,Ineligible,0,0,0,0,,,,0,exact_submission_number_only,2026-07-31,https://www.fda.gov/medical-devices/software-medical-device-samd/artificial-intelligence-enabled-medical-devices
K242461,510(k),2024-12-10,2024,Q4,IRISeg,Intuitive Surgical Inc.,Radiology,QIH,1,IRISeg,"Intuitive Surgical, Inc.",2024-08-19,113,SESE,Substantially Equivalent,Traditional,N,,,,1,Automated Radiological Image Processing Software,2,892.2050,RA,Radiology,RA,N,N,N,N,Ineligible,0,0,0,0,,,,0,exact_submission_number_only,2026-07-31,https://www.fda.gov/medical-devices/software-medical-device-samd/artificial-intelligence-enabled-medical-devices
K242511,510(k),2024-12-10,2024,Q4,"V5 Diagnostic Ultrasound System, H5 Diagnostic Ultrasound System, XV5 Diagnostic Ultrasound System, XH5 Diagnostic Ultrasound System, V4 Diagnostic Ultrasound System, H4 Diagnostic Ultrasound System, XV4 Diagnostic Ultrasound System, XH4 Diagnostic Ultrasound System","Samsung Medison Co., Ltd.",Radiology,IYN,1,"V5 Diagnostic Ultrasound System, H5 Diagnostic Ultrasound System, XV5 Diagnostic Ultrasound System, XH5 Diagnostic Ultrasound System, V4 Diagnostic Ultrasound System, H4 Diagnostic Ultrasound System, XV4 Diagnostic Ultrasound System, XH4 Diagnostic Ultrasound System","Samsung Medison Co., Ltd.",2024-08-23,109,SESE,Substantially Equivalent,Traditional,N,,,,1,"System, Imaging, Pulsed Doppler, Ultrasonic",2,892.1550,RA,Radiology,RA,N,N,N,Y,Eligible,0,0,0,0,,,,0,exact_submission_number_only,2026-07-31,https://www.fda.gov/medical-devices/software-medical-device-samd/artificial-intelligence-enabled-medical-devices
K242729,510(k),2024-12-09,2024,Q4,AutoContour (Model RADAC V4),"Radformation, Inc.",Radiology,QKB,1,AutoContour (Model RADAC V4),"Radformation, Inc.",2024-09-10,90,SESE,Substantially Equivalent,Traditional,N,,,,1,Radiological Image Processing Software For Radiation Therapy,2,892.2050,RA,Radiology,RA,N,N,N,N,Ineligible,0,0,0,0,,,,0,exact_submission_number_only,2026-07-31,https://www.fda.gov/medical-devices/software-medical-device-samd/artificial-intelligence-enabled-medical-devices
K240680,510(k),2024-12-06,2024,Q4,CDM Insights,Oxford Brain Diagnostics Ltd,Radiology,QIH,1,CDM Insights,"Oxford Brain Diagnostics, Ltd.",2024-03-11,270,SESE,Substantially Equivalent,Traditional,N,,,,1,Automated Radiological Image Processing Software,2,892.2050,RA,Radiology,RA,N,N,N,N,Ineligible,0,0,0,0,,,,0,exact_submission_number_only,2026-07-31,https://www.fda.gov/medical-devices/software-medical-device-samd/artificial-intelligence-enabled-medical-devices
K240926,510(k),2024-12-06,2024,Q4,PeekMed web,"Peek Health, S.A.",Radiology,LLZ,1,PeekMed web,"Peek Health, S.A.",2024-04-04,246,SESE,Substantially Equivalent,Traditional,N,,,,1,"System, Image Processing, Radiological",2,892.2050,RA,Radiology,RA,N,N,N,Y,Eligible,0,0,0,0,,,,0,exact_submission_number_only,2026-07-31,https://www.fda.gov/medical-devices/software-medical-device-samd/artificial-intelligence-enabled-medical-devices
K241543,510(k),2024-12-06,2024,Q4,DrAid™ for Liver Segmentation,VinBrain Joint Stock Company,Radiology,QIH,1,DrAid™ for Liver Segmentation,Vinbrain Joint Stock Company,2024-05-31,189,SESE,Substantially Equivalent,Traditional,N,,,,1,Automated Radiological Image Processing Software,2,892.2050,RA,Radiology,RA,N,N,N,N,Ineligible,0,0,0,0,,,,0,exact_submission_number_only,2026-07-31,https://www.fda.gov/medical-devices/software-medical-device-samd/artificial-intelligence-enabled-medical-devices
K241923,510(k),2024-12-06,2024,Q4,EFAI Neurosuite CT Midline Shift Assessment System (MLS-CT-100),"Ever Fortune.AI, Co., Ltd.",Radiology,QAS,1,EFAI Neurosuite CT Midline Shift Assessment System (MLS-CT-100),"Ever Fortune.Ai, Co., Ltd.",2024-07-01,158,SESE,Substantially Equivalent,Traditional,N,,,,1,Radiological Computer-Assisted Triage And Notification Software,2,892.2080,RA,Radiology,RA,N,N,N,N,Ineligible,0,0,0,0,,,,0,exact_submission_number_only,2026-07-31,https://www.fda.gov/medical-devices/software-medical-device-samd/artificial-intelligence-enabled-medical-devices
K241197,510(k),2024-12-04,2024,Q4,DeepRhythmAI,Medicalgorithmics S.A.,Cardiovascular,DQK,1,DeepRhythmAI,Medicalgorithmics S.A.,2024-04-30,218,SESE,Substantially Equivalent,Traditional,N,,,,1,"Computer, Diagnostic, Programmable",2,870.1425,CV,Cardiovascular,CV,N,N,N,Y,Eligible,0,0,0,0,,,,0,exact_submission_number_only,2026-07-31,https://www.fda.gov/medical-devices/software-medical-device-samd/artificial-intelligence-enabled-medical-devices
K242188,510(k),2024-12-03,2024,Q4,ClearRead CT CAC,"Riverain Technologies, Inc.",Radiology,JAK,1,ClearRead CT CAC,"Riverain Technologies, Inc.",2024-07-25,131,SESE,Substantially Equivalent,Traditional,N,,,,1,"System, X-Ray, Tomography, Computed",2,892.1750,RA,Radiology,RA,N,N,N,Y,Eligible,0,0,0,0,,,,0,exact_submission_number_only,2026-07-31,https://www.fda.gov/medical-devices/software-medical-device-samd/artificial-intelligence-enabled-medical-devices
K240645,510(k),2024-11-27,2024,Q4,Sonix Health,"Ontact Health Co., Ltd",Radiology,QIH,1,Sonix Health,"Ontact Health Co., Ltd.",2024-03-07,265,SESE,Substantially Equivalent,Traditional,N,,,,1,Automated Radiological Image Processing Software,2,892.2050,RA,Radiology,RA,N,N,N,N,Ineligible,0,0,0,0,,,,0,exact_submission_number_only,2026-07-31,https://www.fda.gov/medical-devices/software-medical-device-samd/artificial-intelligence-enabled-medical-devices
K242444,510(k),2024-11-27,2024,Q4,HERA W10 Diagnostic Ultrasound System; HERA W9 Diagnostic Ultrasound System,"Samsung Medison Co., Ltd.",Radiology,IYN,1,HERA W10 Diagnostic Ultrasound System; HERA W9 Diagnostic Ultrasound System,"Samsung Medison Co., Ltd.",2024-08-16,103,SESE,Substantially Equivalent,Traditional,N,,,,1,"System, Imaging, Pulsed Doppler, Ultrasonic",2,892.1550,RA,Radiology,RA,N,N,N,Y,Eligible,0,0,0,0,,,,0,exact_submission_number_only,2026-07-31,https://www.fda.gov/medical-devices/software-medical-device-samd/artificial-intelligence-enabled-medical-devices
K241390,510(k),2024-11-26,2024,Q4,NeuroMatch,LVIS Corporation,Neurology,OMB,1,NeuroMatch,LVIS Corporation,2024-05-15,195,SESE,Substantially Equivalent,Traditional,N,,,,1,Automatic Event Detection Software For Full-Montage Electroencephalograph,2,882.1400,NE,Neurology,NE,N,N,N,N,Eligible,0,0,0,0,,,,0,exact_submission_number_only,2026-07-31,https://www.fda.gov/medical-devices/software-medical-device-samd/artificial-intelligence-enabled-medical-devices
K241831,510(k),2024-11-25,2024,Q4,Transpara (2.1.0),ScreenPoint Medical B.V.,Radiology,QDQ,1,Transpara (2.1.0),Screenpoint Medical B.V.,2024-06-25,153,SESE,Substantially Equivalent,Traditional,N,,,,1,Radiological Computer Assisted Detection/Diagnosis Software For Lesions Suspicious For Cancer,2,892.2090,RA,Radiology,RA,N,N,N,N,Ineligible,0,0,0,0,,,,0,exact_submission_number_only,2026-07-31,https://www.fda.gov/medical-devices/software-medical-device-samd/artificial-intelligence-enabled-medical-devices
K242094,510(k),2024-11-22,2024,Q4,Dreem 3S,"Beacon Biosignals, Inc.",Neurology,OLZ,1,Dreem 3S,"Beacon Biosignals, Inc.",2024-07-17,128,SESE,Substantially Equivalent,Traditional,N,,,,1,Automatic Event Detection Software For Polysomnograph With Electroencephalograph,2,882.1400,NE,Neurology,NE,N,N,N,N,Eligible,0,0,0,0,,,,0,exact_submission_number_only,2026-07-31,https://www.fda.gov/medical-devices/software-medical-device-samd/artificial-intelligence-enabled-medical-devices
K242203,510(k),2024-11-22,2024,Q4,BriefCase-Quantification,"Aidoc Medical, Ltd.",Radiology,QIH,1,BriefCase-Quantification,"Aidoc Medical , Ltd.",2024-07-26,119,SESE,Substantially Equivalent,Traditional,N,,,,1,Automated Radiological Image Processing Software,2,892.2050,RA,Radiology,RA,N,N,N,N,Ineligible,0,0,0,0,,,,0,exact_submission_number_only,2026-07-31,https://www.fda.gov/medical-devices/software-medical-device-samd/artificial-intelligence-enabled-medical-devices
K242359,510(k),2024-11-20,2024,Q4,Strain AI (SAI001),Exo Inc,Radiology,QIH,1,Strain AI (SAI001),"Exo, Inc.",2024-08-09,103,SESE,Substantially Equivalent,Traditional,N,,,,1,Automated Radiological Image Processing Software,2,892.2050,RA,Radiology,RA,N,N,N,N,Ineligible,0,0,0,0,,,,0,exact_submission_number_only,2026-07-31,https://www.fda.gov/medical-devices/software-medical-device-samd/artificial-intelligence-enabled-medical-devices
K242523,510(k),2024-11-19,2024,Q4,ACUSON Sequoia Diagnostic Ultrasound System; ACUSON Sequoia Select Diagnostic Ultrasound System; ACUSON Origin Diagnostic Ultrasound System; ACUSON Origin ICE Diagnostic Ultrasound System,"Siemens Medical Solutions USA, Inc.",Radiology,IYN,1,ACUSON Sequoia Diagnostic Ultrasound System; ACUSON Sequoia Select Diagnostic Ultrasound System; ACUSON Origin Diagnostic Ultrasound System; ACUSON Origin ICE Diagnostic Ultrasound System,"Siemens Medical Solutions USA, Inc.",2024-08-23,88,SESE,Substantially Equivalent,Traditional,N,,,,1,"System, Imaging, Pulsed Doppler, Ultrasonic",2,892.1550,RA,Radiology,RA,N,N,N,Y,Eligible,0,0,0,0,,,,0,exact_submission_number_only,2026-07-31,https://www.fda.gov/medical-devices/software-medical-device-samd/artificial-intelligence-enabled-medical-devices
K241633,510(k),2024-11-18,2024,Q4,Informed Vital Core Application (IVC App),"Mindset Medical, Inc.",Cardiovascular,QME,1,Informed Vital Core Application (IVC App),"Mindset Medical, Inc.",2024-06-06,165,SESE,Substantially Equivalent,Traditional,N,,,,1,"Software For Optical Camera-Based Measurement Of Pulse Rate, Heart Rate, Breathing Rate, And/Or Respiratory Rate",2,870.2785,CV,Cardiovascular,CV,N,N,N,N,Ineligible,0,0,0,0,,,,0,exact_submission_number_only,2026-07-31,https://www.fda.gov/medical-devices/software-medical-device-samd/artificial-intelligence-enabled-medical-devices
K241747,510(k),2024-11-18,2024,Q4,Saige-Dx,"DeepHealth, Inc",Radiology,QDQ,1,Saige-Dx,"DeepHealth, Inc.",2024-06-18,153,SESE,Substantially Equivalent,Traditional,N,,,,1,Radiological Computer Assisted Detection/Diagnosis Software For Lesions Suspicious For Cancer,2,892.2090,RA,Radiology,RA,N,N,N,N,Ineligible,0,0,0,0,,,,0,exact_submission_number_only,2026-07-31,https://www.fda.gov/medical-devices/software-medical-device-samd/artificial-intelligence-enabled-medical-devices
K240860,510(k),2024-11-15,2024,Q4,EchoGo Amyloidosis (1.0),Ultromics Limited,Cardiovascular,SDJ,1,EchoGo Amyloidosis (1.0),Ultromics Limited,2024-03-28,232,SESE,Substantially Equivalent,Traditional,N,,,,1,Adjunctive Cardiac Amyloidosis Status Indicator,2,870.2200,CV,Cardiovascular,CV,N,N,N,N,Ineligible,0,0,0,0,,,,0,exact_submission_number_only,2026-07-31,https://www.fda.gov/medical-devices/software-medical-device-samd/artificial-intelligence-enabled-medical-devices
K241439,510(k),2024-11-15,2024,Q4,VUNO Med-Chest X-ray Triage/VUNO Med-CXR Link Triage,Vuno Inc.,Radiology,QFM,1,VUNO Med-Chest X-ray Triage/VUNO Med-CXR Link Triage,"Vuno, Inc.",2024-05-21,178,SESE,Substantially Equivalent,Traditional,N,,,,1,Radiological Computer-Assisted Prioritization Software For Lesions,2,892.2080,RA,Radiology,RA,N,N,N,N,Ineligible,0,0,0,0,,,,0,exact_submission_number_only,2026-07-31,https://www.fda.gov/medical-devices/software-medical-device-samd/artificial-intelligence-enabled-medical-devices
K242062,510(k),2024-11-15,2024,Q4,1CMR Pro,Mycardium AI Limited,Radiology,LLZ,1,1CMR Pro,Mycardium AI Limited,2024-07-15,123,SESE,Substantially Equivalent,Abbreviated,N,,,,1,"System, Image Processing, Radiological",2,892.2050,RA,Radiology,RA,N,N,N,Y,Eligible,0,0,0,0,,,,0,exact_submission_number_only,2026-07-31,https://www.fda.gov/medical-devices/software-medical-device-samd/artificial-intelligence-enabled-medical-devices
K242130,510(k),2024-11-15,2024,Q4,Koios DS,"Koios Medical, Inc.",Radiology,POK,1,Koios DS,"Koios Medical, Inc.",2024-07-22,116,SESE,Substantially Equivalent,Traditional,N,,,,1,Computer-Assisted Diagnostic Software For Lesions Suspicious For Cancer,2,892.2060,RA,Radiology,RA,N,N,N,N,Eligible,0,0,0,0,,,,0,exact_submission_number_only,2026-07-31,https://www.fda.gov/medical-devices/software-medical-device-samd/artificial-intelligence-enabled-medical-devices
K242800,510(k),2024-11-15,2024,Q4,The 5000 Compact Series Ultrasound Systems,Philips Ultrasound LLC,Radiology,IYN,1,The 5000 Compact Series Ultrasound Systems,"Philips Ultrasound, LLC",2024-09-17,59,SESE,Substantially Equivalent,Traditional,N,,,,1,"System, Imaging, Pulsed Doppler, Ultrasonic",2,892.1550,RA,Radiology,RA,N,N,N,Y,Eligible,0,0,0,0,,,,0,exact_submission_number_only,2026-07-31,https://www.fda.gov/medical-devices/software-medical-device-samd/artificial-intelligence-enabled-medical-devices
K242342,510(k),2024-11-14,2024,Q4,Fetal EchoScan,BrightHeart,Radiology,POK,1,Fetal EchoScan,Brightheart,2024-08-07,99,SESE,Substantially Equivalent,Traditional,N,,,,1,Computer-Assisted Diagnostic Software For Lesions Suspicious For Cancer,2,892.2060,RA,Radiology,RA,N,N,N,N,Eligible,0,0,0,0,,,,0,exact_submission_number_only,2026-07-31,https://www.fda.gov/medical-devices/software-medical-device-samd/artificial-intelligence-enabled-medical-devices
K240417,510(k),2024-11-08,2024,Q4,ProFound Detection (V4.0),"iCAD, Inc.",Radiology,QDQ,1,ProFound Detection (V4.0),"Icad, Inc.",2024-02-13,269,SESE,Substantially Equivalent,Traditional,N,,,,1,Radiological Computer Assisted Detection/Diagnosis Software For Lesions Suspicious For Cancer,2,892.2090,RA,Radiology,RA,N,N,N,N,Ineligible,0,0,0,0,,,,0,exact_submission_number_only,2026-07-31,https://www.fda.gov/medical-devices/software-medical-device-samd/artificial-intelligence-enabled-medical-devices
K240712,510(k),2024-11-07,2024,Q4,icobrain aria,icometrix NV,Radiology,QBS,1,icobrain aria,Icometrix NV,2024-03-15,237,SESE,Substantially Equivalent,Traditional,N,,,,1,Radiological Computer Assisted Detection/Diagnosis Software For Fracture,2,892.2090,RA,Radiology,RA,N,N,N,N,Ineligible,0,0,0,0,,,,0,exact_submission_number_only,2026-07-31,https://www.fda.gov/medical-devices/software-medical-device-samd/artificial-intelligence-enabled-medical-devices
K241719,510(k),2024-11-07,2024,Q4,NeuroICH,Neurocareai Inc.,Radiology,QAS,1,NeuroICH,"Neurocareai, Inc.",2024-06-14,146,SESE,Substantially Equivalent,Traditional,N,,,,1,Radiological Computer-Assisted Triage And Notification Software,2,892.2080,RA,Radiology,RA,N,N,N,N,Ineligible,0,0,0,0,,,,0,exact_submission_number_only,2026-07-31,https://www.fda.gov/medical-devices/software-medical-device-samd/artificial-intelligence-enabled-medical-devices
K241312,510(k),2024-11-05,2024,Q4,TeraRecon Cardiac.Chambers.MR (1.0.0),"TeraRecon,Inc.",Radiology,QIH,1,TeraRecon Cardiac.Chambers.MR (1.0.0),"Terarecon,Inc.",2024-05-09,180,SESE,Substantially Equivalent,Traditional,N,,,,1,Automated Radiological Image Processing Software,2,892.2050,RA,Radiology,RA,N,N,N,N,Ineligible,0,0,0,0,,,,0,exact_submission_number_only,2026-07-31,https://www.fda.gov/medical-devices/software-medical-device-samd/artificial-intelligence-enabled-medical-devices
K241108,510(k),2024-10-30,2024,Q4,RemedyLogic AI MRI Lumbar Spine Reader,Remedy Logic Inc.,Radiology,QIH,1,RemedyLogic AI MRI Lumbar Spine Reader,"Remedy Logic, Inc.",2024-04-22,191,SESE,Substantially Equivalent,Traditional,N,,,,1,Automated Radiological Image Processing Software,2,892.2050,RA,Radiology,RA,N,N,N,N,Ineligible,0,0,0,0,,,,0,exact_submission_number_only,2026-07-31,https://www.fda.gov/medical-devices/software-medical-device-samd/artificial-intelligence-enabled-medical-devices
K242215,510(k),2024-10-25,2024,Q4,Neurophet AQUA (V3.1),"Neurophet, Inc.",Radiology,QIH,1,Neurophet AQUA (V3.1),"Neurophet., Inc.",2024-07-29,88,SESE,Substantially Equivalent,Traditional,N,,,,1,Automated Radiological Image Processing Software,2,892.2050,RA,Radiology,RA,N,N,N,N,Ineligible,0,0,0,0,,,,0,exact_submission_number_only,2026-07-31,https://www.fda.gov/medical-devices/software-medical-device-samd/artificial-intelligence-enabled-medical-devices
K243189,510(k),2024-10-25,2024,Q4,TumorSight Viz,"SimBioSys, Inc.",Radiology,QIH,1,TumorSight Viz,"SimBioSys, Inc.",2024-09-30,25,SESE,Substantially Equivalent,Special,N,,,,1,Automated Radiological Image Processing Software,2,892.2050,RA,Radiology,RA,N,N,N,N,Ineligible,0,0,0,0,,,,0,exact_submission_number_only,2026-07-31,https://www.fda.gov/medical-devices/software-medical-device-samd/artificial-intelligence-enabled-medical-devices
K243209,510(k),2024-10-22,2024,Q4,nordicMEDiVA,NordicNeurolab AS,Radiology,LLZ,1,nordicMEDiVA,Nordicneurolab AS,2024-10-01,21,SESE,Substantially Equivalent,Traditional,Y,,,,1,"System, Image Processing, Radiological",2,892.2050,RA,Radiology,RA,N,N,N,Y,Eligible,0,0,0,0,,,,0,exact_submission_number_only,2026-07-31,https://www.fda.gov/medical-devices/software-medical-device-samd/artificial-intelligence-enabled-medical-devices
K241490,510(k),2024-10-18,2024,Q4,Contour+ (MVision AI Segmentation),MVision AI Oy,Radiology,QKB,1,Contour+ (MVision AI Segmentation),Mvision AI OY,2024-05-24,147,SESE,Substantially Equivalent,Traditional,N,,,,1,Radiological Image Processing Software For Radiation Therapy,2,892.2050,RA,Radiology,RA,N,N,N,N,Ineligible,0,0,0,0,,,,0,exact_submission_number_only,2026-07-31,https://www.fda.gov/medical-devices/software-medical-device-samd/artificial-intelligence-enabled-medical-devices
K242837,510(k),2024-10-18,2024,Q4,BriefCase-Triage,"Aidoc Medical, Ltd.",Radiology,QAS,1,BriefCase-Triage,"Aidoc Medical , Ltd.",2024-09-19,29,SESE,Substantially Equivalent,Special,N,,,,1,Radiological Computer-Assisted Triage And Notification Software,2,892.2080,RA,Radiology,RA,N,N,N,N,Ineligible,0,0,0,0,,,,0,exact_submission_number_only,2026-07-31,https://www.fda.gov/medical-devices/software-medical-device-samd/artificial-intelligence-enabled-medical-devices
K240408,510(k),2024-10-17,2024,Q4,REMI-AI Rapid Detection Module (REMI-AI RDM),"Epitel, Inc",Neurology,OMB,1,REMI-AI Rapid Detection Module (REMI-AI RDM),"Epitel, Inc.",2024-02-09,251,SESE,Substantially Equivalent,Traditional,N,,,,1,Automatic Event Detection Software For Full-Montage Electroencephalograph,2,882.1400,NE,Neurology,NE,N,N,N,N,Eligible,0,0,0,0,,,,0,exact_submission_number_only,2026-07-31,https://www.fda.gov/medical-devices/software-medical-device-samd/artificial-intelligence-enabled-medical-devices
K241242,510(k),2024-10-17,2024,Q4,SIGNA MAGNUS,"GE Medical Systems, LLC",Radiology,LNH,1,SIGNA MAGNUS,"Ge Medical Systems, LLC",2024-05-03,167,SESE,Substantially Equivalent,Traditional,N,,,,1,"System, Nuclear Magnetic Resonance Imaging",2,892.1000,RA,Radiology,RA,N,N,N,Y,Eligible,0,0,0,0,,,,0,exact_submission_number_only,2026-07-31,https://www.fda.gov/medical-devices/software-medical-device-samd/artificial-intelligence-enabled-medical-devices
K241481,510(k),2024-10-16,2024,Q4,xvision Spine System,Augmedics Ltd.,Neurology,SBF,1,xvision Spine System,"Augmedics, Ltd.",2024-05-24,145,SESE,Substantially Equivalent,Traditional,N,,,,1,Orthopedic Augmented Reality,2,882.4560,NE,Neurology,OR,N,N,N,N,Ineligible,0,0,0,0,,,,0,exact_submission_number_only,2026-07-31,https://www.fda.gov/medical-devices/software-medical-device-samd/artificial-intelligence-enabled-medical-devices
K242781,510(k),2024-10-15,2024,Q4,cvi42 Software Application,Circle Cardiovascular Imaging Inc.,Radiology,QIH,1,cvi42 Software Application,"Circle Cardiovascular Imaging, Inc.",2024-09-16,29,SESE,Substantially Equivalent,Special,N,,,,1,Automated Radiological Image Processing Software,2,892.2050,RA,Radiology,RA,N,N,N,N,Ineligible,0,0,0,0,,,,0,exact_submission_number_only,2026-07-31,https://www.fda.gov/medical-devices/software-medical-device-samd/artificial-intelligence-enabled-medical-devices
K241971,510(k),2024-10-11,2024,Q4,"HERA Z20, R20, HERA Z30, R30 Diagnostic Ultrasound System","Samsung Medison Co., Ltd.",Radiology,IYN,1,"HERA Z20, R20, HERA Z30, R30 Diagnostic Ultrasound System","Samsung Medison Co., Ltd.",2024-07-05,98,SESE,Substantially Equivalent,Traditional,N,,,,1,"System, Imaging, Pulsed Doppler, Ultrasonic",2,892.1550,RA,Radiology,RA,N,N,N,Y,Eligible,0,0,0,0,,,,0,exact_submission_number_only,2026-07-31,https://www.fda.gov/medical-devices/software-medical-device-samd/artificial-intelligence-enabled-medical-devices
K241430,510(k),2024-10-10,2024,Q4,EchoMeasure,iCardio.ai,Radiology,QIH,1,EchoMeasure,Icardio.Ai,2024-05-21,142,SESE,Substantially Equivalent,Traditional,N,,,,1,Automated Radiological Image Processing Software,2,892.2050,RA,Radiology,RA,N,N,N,N,Ineligible,0,0,0,0,,,,0,exact_submission_number_only,2026-07-31,https://www.fda.gov/medical-devices/software-medical-device-samd/artificial-intelligence-enabled-medical-devices
K241837,510(k),2024-10-09,2024,Q4,Limbus Contour,Limbus AI Inc.,Radiology,QKB,1,Limbus Contour,"Limbus Ai, Inc.",2024-06-25,106,SESE,Substantially Equivalent,Traditional,N,,,,1,Radiological Image Processing Software For Radiation Therapy,2,892.2050,RA,Radiology,RA,N,N,N,N,Ineligible,0,0,0,0,,,,0,exact_submission_number_only,2026-07-31,https://www.fda.gov/medical-devices/software-medical-device-samd/artificial-intelligence-enabled-medical-devices
K240980,510(k),2024-10-07,2024,Q4,EPIQ Series Diagnostic Ultrasound System,Philips Ultrasound LLC,Radiology,IYN,1,EPIQ Series Diagnostic Ultrasound System,"Philips Ultrasound, LLC",2024-04-10,180,SESE,Substantially Equivalent,Traditional,N,,,,1,"System, Imaging, Pulsed Doppler, Ultrasonic",2,892.1550,RA,Radiology,RA,N,N,N,Y,Eligible,0,0,0,0,,,,0,exact_submission_number_only,2026-07-31,https://www.fda.gov/medical-devices/software-medical-device-samd/artificial-intelligence-enabled-medical-devices
K241029,510(k),2024-10-07,2024,Q4,SpineUs™ System,Verdure Imaging,Radiology,IYO,1,SpineUs™ System,Verdure Imaging,2024-04-15,175,SESE,Substantially Equivalent,Traditional,N,,,,1,"System, Imaging, Pulsed Echo, Ultrasonic",2,892.1560,RA,Radiology,RA,N,N,N,Y,Eligible,0,0,0,0,,,,0,exact_submission_number_only,2026-07-31,https://www.fda.gov/medical-devices/software-medical-device-samd/artificial-intelligence-enabled-medical-devices
K240553,510(k),2024-10-04,2024,Q4,LVivo Software Application,DiA Imaging Analysis Ltd.,Radiology,QIH,1,LVivo Software Application,"Dia Imaging Analysis, Ltd.",2024-02-28,219,SESE,Substantially Equivalent,Special,N,,,,1,Automated Radiological Image Processing Software,2,892.2050,RA,Radiology,RA,N,N,N,N,Ineligible,0,0,0,0,,,,0,exact_submission_number_only,2026-07-31,https://www.fda.gov/medical-devices/software-medical-device-samd/artificial-intelligence-enabled-medical-devices
K241245,510(k),2024-10-04,2024,Q4,EchoSolv AS,Echo IQ Ltd,Radiology,POK,1,EchoSolv AS,"Echo IQ, Ltd.",2024-05-03,154,SESE,Substantially Equivalent,Traditional,N,,,,1,Computer-Assisted Diagnostic Software For Lesions Suspicious For Cancer,2,892.2060,RA,Radiology,RA,N,N,N,N,Eligible,0,0,0,0,,,,0,exact_submission_number_only,2026-07-31,https://www.fda.gov/medical-devices/software-medical-device-samd/artificial-intelligence-enabled-medical-devices
K242652,510(k),2024-10-04,2024,Q4,Lunit INSIGHT DBT v1.1,Lunit Inc.,Radiology,QDQ,1,Lunit INSIGHT DBT v1.1,"Lunit, Inc.",2024-09-04,30,SESE,Substantially Equivalent,Special,N,,,,1,Radiological Computer Assisted Detection/Diagnosis Software For Lesions Suspicious For Cancer,2,892.2090,RA,Radiology,RA,N,N,N,N,Ineligible,0,0,0,0,,,,0,exact_submission_number_only,2026-07-31,https://www.fda.gov/medical-devices/software-medical-device-samd/artificial-intelligence-enabled-medical-devices
K241561,510(k),2024-10-02,2024,Q4,MammoScreen BD,Therapixel,Radiology,QIH,1,MammoScreen BD,Therapixel,2024-05-31,124,SESE,Substantially Equivalent,Traditional,N,,,,1,Automated Radiological Image Processing Software,2,892.2050,RA,Radiology,RA,N,N,N,N,Ineligible,0,0,0,0,,,,0,exact_submission_number_only,2026-07-31,https://www.fda.gov/medical-devices/software-medical-device-samd/artificial-intelligence-enabled-medical-devices
K242005,510(k),2024-10-02,2024,Q4,Versana Premier; Versana Premier Lotus; LOGIQ F,GE Medical Systems Ultrasound and Primary Care Diagnostics,Radiology,IYN,1,Versana Premier; Versana Premier Lotus; LOGIQ F,GE Medical Systems Ultrasound and Primary Care Diagnostics,2024-07-09,85,SESE,Substantially Equivalent,Traditional,N,,,,1,"System, Imaging, Pulsed Doppler, Ultrasonic",2,892.1550,RA,Radiology,RA,N,N,N,Y,Eligible,2,1,2,0,2025-05-16,2025-05-16,226.0,1,exact_submission_number_only,2026-07-31,https://www.fda.gov/medical-devices/software-medical-device-samd/artificial-intelligence-enabled-medical-devices
K240943,510(k),2024-10-01,2024,Q4,LungVision,BodyVision Medical Ltd.,Radiology,QIH,1,LungVision,"Bodyvision Medical , Ltd.",2024-04-05,179,SESE,Substantially Equivalent,Traditional,N,,,,1,Automated Radiological Image Processing Software,2,892.2050,RA,Radiology,RA,N,N,N,N,Ineligible,0,0,0,0,,,,0,exact_submission_number_only,2026-07-31,https://www.fda.gov/medical-devices/software-medical-device-samd/artificial-intelligence-enabled-medical-devices
K241331,510(k),2024-10-01,2024,Q4,MuscleView,"Springbok, Inc.",Radiology,LNH,1,MuscleView,"Springbok, Inc.",2024-05-10,144,SESE,Substantially Equivalent,Traditional,N,,,,1,"System, Nuclear Magnetic Resonance Imaging",2,892.1000,RA,Radiology,RA,N,N,N,Y,Eligible,0,0,0,0,,,,0,exact_submission_number_only,2026-07-31,https://www.fda.gov/medical-devices/software-medical-device-samd/artificial-intelligence-enabled-medical-devices
K240369,510(k),2024-09-27,2024,Q3,CAC (gated) Algorithm,BunkerHill Health,Radiology,JAK,1,CAC (gated) Algorithm,BunkerHill Health,2024-02-07,233,SESE,Substantially Equivalent,Traditional,N,,,,1,"System, X-Ray, Tomography, Computed",2,892.1750,RA,Radiology,RA,N,N,N,Y,Eligible,0,0,0,0,,,,0,exact_submission_number_only,2026-07-31,https://www.fda.gov/medical-devices/software-medical-device-samd/artificial-intelligence-enabled-medical-devices
K240993,510(k),2024-09-27,2024,Q3,encevis (2.1),AIT Austrian Institute of Technology GmbH,Neurology,OMB,1,encevis (2.1),Ait Austrian Institute of Technology GmbH,2024-04-11,169,SESE,Substantially Equivalent,Traditional,N,,,,1,Automatic Event Detection Software For Full-Montage Electroencephalograph,2,882.1400,NE,Neurology,NE,N,N,N,N,Eligible,0,0,0,0,,,,0,exact_submission_number_only,2026-07-31,https://www.fda.gov/medical-devices/software-medical-device-samd/artificial-intelligence-enabled-medical-devices
K241480,510(k),2024-09-27,2024,Q3,JBS-LVO,"JLK, Inc.",Radiology,QAS,1,JBS-LVO,"JLK, Inc.",2024-05-24,126,SESE,Substantially Equivalent,Traditional,N,,,,1,Radiological Computer-Assisted Triage And Notification Software,2,892.2080,RA,Radiology,RA,N,N,N,N,Ineligible,0,0,0,0,,,,0,exact_submission_number_only,2026-07-31,https://www.fda.gov/medical-devices/software-medical-device-samd/artificial-intelligence-enabled-medical-devices
K242292,510(k),2024-09-24,2024,Q3,uAI Easy Triage ICH,"Shanghai United Imaging Intelligence Co., Ltd.",Radiology,QAS,1,uAI Easy Triage ICH,"Shanghai United Imaging Intelligence Co., Ltd.",2024-08-02,53,SESE,Substantially Equivalent,Traditional,N,,,,1,Radiological Computer-Assisted Triage And Notification Software,2,892.2080,RA,Radiology,RA,N,N,N,N,Ineligible,0,0,0,0,,,,0,exact_submission_number_only,2026-07-31,https://www.fda.gov/medical-devices/software-medical-device-samd/artificial-intelligence-enabled-medical-devices
K240013,510(k),2024-09-23,2024,Q3,EchoGo Heart Failure (2.0),Ultromics Limited,Cardiovascular,QUO,1,EchoGo Heart Failure (2.0),Ultromics Limited,2024-01-02,265,SESE,Substantially Equivalent,Traditional,N,,,,1,Adjunctive Heart Failure Status Indicator,2,870.2200,CV,Cardiovascular,CV,N,N,N,N,Ineligible,0,0,0,0,,,,0,exact_submission_number_only,2026-07-31,https://www.fda.gov/medical-devices/software-medical-device-samd/artificial-intelligence-enabled-medical-devices
P140011/S008,PMA,2024-09-23,2024,Q3,MAMMOMAT B.brilliant with Tomosynthesis Option,"SIEMENS MEDICAL SOLUTIONS USA, INC.",Radiology,OTE,1,MAMMOMAT B.brilliant with Tomosynthesis Option,"Siemens Medical Solutions USA, Inc.",2024-02-29,207,APPR,Approved,,,N,,,1,Digital Breast Tomosynthesis,3,,,Unknown,RA,N,N,N,N,Eligible,0,0,0,0,,,,0,exact_submission_number_only,2026-07-31,https://www.fda.gov/medical-devices/software-medical-device-samd/artificial-intelligence-enabled-medical-devices
K240036,510(k),2024-09-20,2024,Q3,PIUR tUS Infinity,PIUR Imaging GmbH,Radiology,QIH,1,PIUR tUS Infinity,Piur Imaging GmbH,2024-01-05,259,SESE,Substantially Equivalent,Traditional,N,,,,1,Automated Radiological Image Processing Software,2,892.2050,RA,Radiology,RA,N,N,N,N,Ineligible,0,0,0,0,,,,0,exact_submission_number_only,2026-07-31,https://www.fda.gov/medical-devices/software-medical-device-samd/artificial-intelligence-enabled-medical-devices
K240929,510(k),2024-09-13,2024,Q3,Sleep Apnea Notification Feature (SANF),Apple Inc.,Anesthesiology,QZW,1,Sleep Apnea Notification Feature (SANF),"Apple, Inc.",2024-04-04,162,SESE,Substantially Equivalent,Traditional,N,,,,1,Over-The-Counter Device To Assess Risk Of Sleep Apnea,2,868.2378,AN,Anesthesiology,AN,N,N,N,N,Ineligible,0,0,0,0,,,,0,exact_submission_number_only,2026-07-31,https://www.fda.gov/medical-devices/software-medical-device-samd/artificial-intelligence-enabled-medical-devices
K240942,510(k),2024-09-12,2024,Q3,CINA-CSpine,Avicenna.AI,Radiology,QAS,1,CINA-CSpine,Avicenna.Ai,2024-04-05,160,SESE,Substantially Equivalent,Traditional,N,,,,1,Radiological Computer-Assisted Triage And Notification Software,2,892.2080,RA,Radiology,RA,N,N,N,N,Ineligible,0,0,0,0,,,,0,exact_submission_number_only,2026-07-31,https://www.fda.gov/medical-devices/software-medical-device-samd/artificial-intelligence-enabled-medical-devices
K241280,510(k),2024-09-12,2024,Q3,Constellation (CON-001),"Q Bio, Inc.",Radiology,QIH,1,Constellation (CON-001),"Q Bio, Inc.",2024-05-07,128,SESE,Substantially Equivalent,Traditional,N,,,,1,Automated Radiological Image Processing Software,2,892.2050,RA,Radiology,RA,N,N,N,N,Ineligible,0,0,0,0,,,,0,exact_submission_number_only,2026-07-31,https://www.fda.gov/medical-devices/software-medical-device-samd/artificial-intelligence-enabled-medical-devices
K241582,510(k),2024-09-12,2024,Q3,"Aplio i900/i800/i700 Diagnostic Ultrasound System, Software V7.0 (TUS-AI900, TUS-AI800, TUS-AI700)",Canon Medical Systems Corporation,Radiology,IYN,1,"Aplio i900/i800/i700 Diagnostic Ultrasound System, Software V7.0 (TUS-AI900, TUS-AI800, TUS-AI700)",Canon Medical Systems Corporation,2024-06-03,101,SESE,Substantially Equivalent,Traditional,N,,,,1,"System, Imaging, Pulsed Doppler, Ultrasonic",2,892.1550,RA,Radiology,RA,N,N,N,Y,Eligible,0,0,0,0,,,,0,exact_submission_number_only,2026-07-31,https://www.fda.gov/medical-devices/software-medical-device-samd/artificial-intelligence-enabled-medical-devices
K241380,510(k),2024-09-11,2024,Q3,FETOLY-HEART,Diagnoly,Radiology,IYN,1,FETOLY-HEART,Diagnoly,2024-05-15,119,SESE,Substantially Equivalent,Traditional,N,,,,1,"System, Imaging, Pulsed Doppler, Ultrasonic",2,892.1550,RA,Radiology,RA,N,N,N,Y,Eligible,0,0,0,0,,,,0,exact_submission_number_only,2026-07-31,https://www.fda.gov/medical-devices/software-medical-device-samd/artificial-intelligence-enabled-medical-devices
K240094,510(k),2024-09-10,2024,Q3,LumiNE US; Lumi,Augmedit B.V.,Radiology,QIH,1,LumiNE US; Lumi,Augmedit B.V.,2024-01-12,242,SESE,Substantially Equivalent,Traditional,N,,,,1,Automated Radiological Image Processing Software,2,892.2050,RA,Radiology,RA,N,N,N,N,Ineligible,0,0,0,0,,,,0,exact_submission_number_only,2026-07-31,https://www.fda.gov/medical-devices/software-medical-device-samd/artificial-intelligence-enabled-medical-devices
K240697,510(k),2024-09-09,2024,Q3,"See-Mode Augmented Reporting Tool, Thyroid (SMART-T)",See-Mode Technologies Pte. Ltd.,Radiology,QDQ,1,"See-Mode Augmented Reporting Tool, Thyroid (SMART-T)","See-Mode Technologies Pte, Ltd.",2024-03-14,179,SESE,Substantially Equivalent,Traditional,N,,,,1,Radiological Computer Assisted Detection/Diagnosis Software For Lesions Suspicious For Cancer,2,892.2090,RA,Radiology,RA,N,N,N,N,Ineligible,0,0,0,0,,,,0,exact_submission_number_only,2026-07-31,https://www.fda.gov/medical-devices/software-medical-device-samd/artificial-intelligence-enabled-medical-devices
K240791,510(k),2024-09-09,2024,Q3,ADAS 3D,Adas3D Medical S.L,Radiology,QIH,1,ADAS 3D,Adas3D Medical S.L.,2024-03-22,171,SESE,Substantially Equivalent,Traditional,N,,,,1,Automated Radiological Image Processing Software,2,892.2050,RA,Radiology,RA,N,N,N,N,Ineligible,0,0,0,0,,,,0,exact_submission_number_only,2026-07-31,https://www.fda.gov/medical-devices/software-medical-device-samd/artificial-intelligence-enabled-medical-devices
K241681,510(k),2024-09-09,2024,Q3,Overjet Image Enhancement Assist,Overjet Inc,Radiology,QIH,1,Overjet Image Enhancement Assist,"Overjet, Inc.",2024-06-11,90,SESE,Substantially Equivalent,Traditional,N,,,,1,Automated Radiological Image Processing Software,2,892.2050,RA,Radiology,RA,N,N,N,N,Ineligible,0,0,0,0,,,,0,exact_submission_number_only,2026-07-31,https://www.fda.gov/medical-devices/software-medical-device-samd/artificial-intelligence-enabled-medical-devices
K240411,510(k),2024-09-06,2024,Q3,uAI Portal,"Shanghai United Imaging Intelligence Co., Ltd.",Radiology,QIH,1,uAI Portal,"Shanghai United Imaging Intelligence Co., Ltd.",2024-02-12,207,SESE,Substantially Equivalent,Traditional,N,,,,1,Automated Radiological Image Processing Software,2,892.2050,RA,Radiology,RA,N,N,N,N,Ineligible,0,0,0,0,,,,0,exact_submission_number_only,2026-07-31,https://www.fda.gov/medical-devices/software-medical-device-samd/artificial-intelligence-enabled-medical-devices
K233998,510(k),2024-09-05,2024,Q3,TRAQinform IQ,"AIQ Global, Inc.",Radiology,LLZ,1,TRAQinform IQ,"Aiq Global, Inc.",2023-12-18,262,SESE,Substantially Equivalent,Traditional,N,,,,1,"System, Image Processing, Radiological",2,892.2050,RA,Radiology,RA,N,N,N,Y,Eligible,0,0,0,0,,,,0,exact_submission_number_only,2026-07-31,https://www.fda.gov/medical-devices/software-medical-device-samd/artificial-intelligence-enabled-medical-devices
K233977,510(k),2024-09-04,2024,Q3,Velacur,Sonic Incytes,Radiology,IYO,1,Velacur,Sonic Incytes,2023-12-18,261,SESE,Substantially Equivalent,Traditional,N,,,,1,"System, Imaging, Pulsed Echo, Ultrasonic",2,892.1560,RA,Radiology,RA,N,N,N,Y,Eligible,0,0,0,0,,,,0,exact_submission_number_only,2026-07-31,https://www.fda.gov/medical-devices/software-medical-device-samd/artificial-intelligence-enabled-medical-devices
K240003,510(k),2024-08-30,2024,Q3,Velmeni for Dentists (V4D),Velmeni Inc.,Radiology,MYN,1,Velmeni for Dentists (V4D),"Velmeni, Inc.",2024-01-02,241,SESE,Substantially Equivalent,Traditional,N,,,,1,"Analyzer, Medical Image",2,892.2070,RA,Radiology,RA,N,N,N,N,Eligible,0,0,0,0,,,,0,exact_submission_number_only,2026-07-31,https://www.fda.gov/medical-devices/software-medical-device-samd/artificial-intelligence-enabled-medical-devices
K241585,510(k),2024-08-30,2024,Q3,uMI Panorama,"Shanghai United Imaging Healthcare Co.,Ltd.",Radiology,KPS,1,uMI Panorama,"Shanghai United Imaging Healthcare Co., Ltd.",2024-06-03,88,SESE,Substantially Equivalent,Traditional,N,,,,1,"System, Tomography, Computed, Emission",2,892.1200,RA,Radiology,RA,N,N,N,Y,Eligible,0,0,0,0,,,,0,exact_submission_number_only,2026-07-31,https://www.fda.gov/medical-devices/software-medical-device-samd/artificial-intelligence-enabled-medical-devices
K241847,510(k),2024-08-30,2024,Q3,Imbio PHA (4.0.0),"Imbio, Inc",Radiology,QIH,1,Imbio PHA (4.0.0),"Imbio, Inc.",2024-06-26,65,SESE,Substantially Equivalent,Special,N,,,,1,Automated Radiological Image Processing Software,2,892.2050,RA,Radiology,RA,N,N,N,N,Ineligible,0,0,0,0,,,,0,exact_submission_number_only,2026-07-31,https://www.fda.gov/medical-devices/software-medical-device-samd/artificial-intelligence-enabled-medical-devices
K242275,510(k),2024-08-30,2024,Q3,syngo.via MI Workflows; Scenium; syngo MBF,"Siemens Medical Solutions USA, Inc.",Radiology,QIH,1,syngo.via MI Workflows; Scenium; syngo MBF,"Siemens Medical Solutions USA, Inc.",2024-08-01,29,SESE,Substantially Equivalent,Special,N,,,,1,Automated Radiological Image Processing Software,2,892.2050,RA,Radiology,RA,N,N,N,N,Ineligible,0,0,0,0,,,,0,exact_submission_number_only,2026-07-31,https://www.fda.gov/medical-devices/software-medical-device-samd/artificial-intelligence-enabled-medical-devices
K242300,510(k),2024-08-30,2024,Q3,MI View&GO,"Siemens Medical Solutions USA, Inc.",Radiology,QIH,1,MI View&GO,"Siemens Medical Solutions USA, Inc.",2024-08-02,28,SESE,Substantially Equivalent,Special,N,,,,1,Automated Radiological Image Processing Software,2,892.2050,RA,Radiology,RA,N,N,N,N,Ineligible,0,0,0,0,,,,0,exact_submission_number_only,2026-07-31,https://www.fda.gov/medical-devices/software-medical-device-samd/artificial-intelligence-enabled-medical-devices
K233826,510(k),2024-08-29,2024,Q3,Kosmos,"EchoNous, Inc.",Radiology,IYN,1,Kosmos,"EchoNous, Inc.",2023-12-01,272,SESE,Substantially Equivalent,Traditional,N,,,,1,"System, Imaging, Pulsed Doppler, Ultrasonic",2,892.1550,RA,Radiology,RA,N,N,N,Y,Eligible,0,0,0,0,,,,0,exact_submission_number_only,2026-07-31,https://www.fda.gov/medical-devices/software-medical-device-samd/artificial-intelligence-enabled-medical-devices
K241684,510(k),2024-08-27,2024,Q3,Overjet Charting Assist,"Overjet, Inc",Radiology,QIH,1,Overjet Charting Assist,"Overjet, Inc.",2024-06-11,77,SESE,Substantially Equivalent,Traditional,N,,,,1,Automated Radiological Image Processing Software,2,892.2050,RA,Radiology,RA,N,N,N,N,Ineligible,0,0,0,0,,,,0,exact_submission_number_only,2026-07-31,https://www.fda.gov/medical-devices/software-medical-device-samd/artificial-intelligence-enabled-medical-devices
K241098,510(k),2024-08-22,2024,Q3,NeuroQuant,"CorTechs Labs, Inc.",Radiology,QIH,1,NeuroQuant,"Cortechs Labs, Inc.",2024-04-22,122,SESE,Substantially Equivalent,Traditional,N,,,,1,Automated Radiological Image Processing Software,2,892.2050,RA,Radiology,RA,N,N,N,N,Ineligible,0,0,0,0,,,,0,exact_submission_number_only,2026-07-31,https://www.fda.gov/medical-devices/software-medical-device-samd/artificial-intelligence-enabled-medical-devices
K240290,510(k),2024-08-21,2024,Q3,AiMIFY (1.x),"Subtle Medical, Inc.",Radiology,LLZ,1,AiMIFY (1.x),"Subtle Medical, Inc.",2024-02-01,202,SESE,Substantially Equivalent,Traditional,N,,,,1,"System, Image Processing, Radiological",2,892.2050,RA,Radiology,RA,N,N,N,Y,Eligible,0,0,0,0,,,,0,exact_submission_number_only,2026-07-31,https://www.fda.gov/medical-devices/software-medical-device-samd/artificial-intelligence-enabled-medical-devices
K240200,510(k),2024-08-20,2024,Q3,HYDROS Robotic System; HYDROS TRUS Probe; HYDROS Handpiece,Procept BioRobotics,General and Plastic Surgery,PZP,1,HYDROS Robotic System; HYDROS TRUS Probe; HYDROS Handpiece,Procept Biorobotics,2024-01-25,208,SESE,Substantially Equivalent,Traditional,N,,,,1,Fluid Jet Removal System,2,876.4350,SU,"General, Plastic Surgery",GU,N,N,N,N,Eligible,0,0,0,0,,,,0,exact_submission_number_only,2026-07-31,https://www.fda.gov/medical-devices/software-medical-device-samd/artificial-intelligence-enabled-medical-devices
K241496,510(k),2024-08-20,2024,Q3,"Vantage Galan 3T, MRT-3020, V10.0 with AiCE Reconstruction Processing Unit for MR",Canon Medical Systems Corporation,Radiology,LNH,1,"Vantage Galan 3T, MRT-3020, V10.0 with AiCE Reconstruction Processing Unit for MR",Canon Medical Systems Corporation,2024-05-28,84,SESE,Substantially Equivalent,Traditional,N,,,,1,"System, Nuclear Magnetic Resonance Imaging",2,892.1000,RA,Radiology,RA,N,N,N,Y,Eligible,0,0,0,0,,,,0,exact_submission_number_only,2026-07-31,https://www.fda.gov/medical-devices/software-medical-device-samd/artificial-intelligence-enabled-medical-devices
K241440,510(k),2024-08-19,2024,Q3,HealthCCSng,Nano-X AI Ltd.,Radiology,JAK,1,HealthCCSng,"Nano-X AI , Ltd.",2024-05-21,90,SESE,Substantially Equivalent,Special,N,,,,1,"System, X-Ray, Tomography, Computed",2,892.1750,RA,Radiology,RA,N,N,N,Y,Eligible,0,0,0,0,,,,0,exact_submission_number_only,2026-07-31,https://www.fda.gov/medical-devices/software-medical-device-samd/artificial-intelligence-enabled-medical-devices
K233755,510(k),2024-08-16,2024,Q3,HeartKey® Rhythm,B-Secur Limited,Cardiovascular,DQK,1,HeartKey® Rhythm,B-Secur Limited,2023-11-22,268,SESE,Substantially Equivalent,Traditional,N,,,,1,"Computer, Diagnostic, Programmable",2,870.1425,CV,Cardiovascular,CV,N,N,N,Y,Eligible,0,0,0,0,,,,0,exact_submission_number_only,2026-07-31,https://www.fda.gov/medical-devices/software-medical-device-samd/artificial-intelligence-enabled-medical-devices
K240740,510(k),2024-08-16,2024,Q3,qCT LN Quant,Qure.ai Technologies,Radiology,QIH,1,qCT LN Quant,Qure.Ai Technologies,2024-03-18,151,SESE,Substantially Equivalent,Traditional,N,,,,1,Automated Radiological Image Processing Software,2,892.2050,RA,Radiology,RA,N,N,N,N,Ineligible,0,0,0,0,,,,0,exact_submission_number_only,2026-07-31,https://www.fda.gov/medical-devices/software-medical-device-samd/artificial-intelligence-enabled-medical-devices
K241211,510(k),2024-08-15,2024,Q3,CoLumbo,Smart Soft Healthcare,Radiology,QIH,1,CoLumbo,Smart Soft Healthcare,2024-04-30,107,SESE,Substantially Equivalent,Traditional,N,,,,1,Automated Radiological Image Processing Software,2,892.2050,RA,Radiology,RA,N,N,N,N,Ineligible,0,0,0,0,,,,0,exact_submission_number_only,2026-07-31,https://www.fda.gov/medical-devices/software-medical-device-samd/artificial-intelligence-enabled-medical-devices
K241596,510(k),2024-08-15,2024,Q3,uMI Panvivo,"Shanghai United Imaging Healthcare Co., Ltd.",Radiology,KPS,1,uMI Panvivo,"Shanghai United Imaging Healthcare Co., Ltd.",2024-06-03,73,SESE,Substantially Equivalent,Traditional,N,,,,1,"System, Tomography, Computed, Emission",2,892.1200,RA,Radiology,RA,N,N,N,Y,Eligible,0,0,0,0,,,,0,exact_submission_number_only,2026-07-31,https://www.fda.gov/medical-devices/software-medical-device-samd/artificial-intelligence-enabled-medical-devices
K241429,510(k),2024-08-13,2024,Q3,ECHELON Synergy MRI System,FUJIFILM Healthcare Corporation,Radiology,LNH,1,ECHELON Synergy MRI System,Fujifilm Healthcare Corporation,2024-05-21,84,SESE,Substantially Equivalent,Traditional,N,,,,1,"System, Nuclear Magnetic Resonance Imaging",2,892.1000,RA,Radiology,RA,N,N,N,Y,Eligible,0,0,0,0,,,,0,exact_submission_number_only,2026-07-31,https://www.fda.gov/medical-devices/software-medical-device-samd/artificial-intelligence-enabled-medical-devices
K242054,510(k),2024-08-12,2024,Q3,OptimMRI (v2),"Rebrain, SAS",Radiology,QIH,1,OptimMRI (v2),"Rebrain, Sas",2024-07-15,28,SESE,Substantially Equivalent,Special,N,,,,1,Automated Radiological Image Processing Software,2,892.2050,RA,Radiology,RA,N,N,N,N,Ineligible,0,0,0,0,,,,0,exact_submission_number_only,2026-07-31,https://www.fda.gov/medical-devices/software-medical-device-samd/artificial-intelligence-enabled-medical-devices
K233822,510(k),2024-08-08,2024,Q3,i2Contour,MRIMath LLC,Radiology,QIH,1,i2Contour,"Mrimath, LLC",2023-12-01,251,SESE,Substantially Equivalent,Traditional,N,,,,1,Automated Radiological Image Processing Software,2,892.2050,RA,Radiology,RA,N,N,N,N,Ineligible,0,0,0,0,,,,0,exact_submission_number_only,2026-07-31,https://www.fda.gov/medical-devices/software-medical-device-samd/artificial-intelligence-enabled-medical-devices
K241665,510(k),2024-08-08,2024,Q3,Omni Legend,"GE Medical Systems Israel, Functional Imaging",Radiology,KPS,1,Omni Legend,"Ge Medical Systems Israel, Functional Imaging",2024-06-10,59,SESE,Substantially Equivalent,Traditional,N,,,,1,"System, Tomography, Computed, Emission",2,892.1200,RA,Radiology,RA,N,N,N,Y,Eligible,1,1,1,0,2025-12-24,2025-12-24,503.0,1,exact_submission_number_only,2026-07-31,https://www.fda.gov/medical-devices/software-medical-device-samd/artificial-intelligence-enabled-medical-devices
K233992,510(k),2024-08-05,2024,Q3,Precision AI Surgical Planning System (PAI-SPS),Precision AI Pty Ltd,Orthopedic,QHE,1,Precision AI Surgical Planning System (PAI-SPS),"Precision AI Pty, Ltd.",2023-12-18,231,SESE,Substantially Equivalent,Traditional,N,,,,1,Shoulder Arthroplasty Implantation System,2,888.3660,OR,Orthopedic,OR,N,N,N,N,Ineligible,0,0,0,0,,,,0,exact_submission_number_only,2026-07-31,https://www.fda.gov/medical-devices/software-medical-device-samd/artificial-intelligence-enabled-medical-devices
K240953,510(k),2024-08-05,2024,Q3,AI Platform 2.0 (AIP002),Exo Imaging,Radiology,QIH,1,AI Platform 2.0 (AIP002),Exo Imaging,2024-04-08,119,SESE,Substantially Equivalent,Traditional,N,,,,1,Automated Radiological Image Processing Software,2,892.2050,RA,Radiology,RA,N,N,N,N,Ineligible,0,0,0,0,,,,0,exact_submission_number_only,2026-07-31,https://www.fda.gov/medical-devices/software-medical-device-samd/artificial-intelligence-enabled-medical-devices
K233984,510(k),2024-08-02,2024,Q3,Acumen Assisted Fluid Management (AFM) Software Feature,"Edwards Lifesciences, LLC",Cardiovascular,QMS,1,Acumen Assisted Fluid Management (AFM) Software Feature,"Edwards Lifesciences, LLC",2023-12-18,228,SESE,Substantially Equivalent,Traditional,N,,,,1,Adjunctive Open Loop Fluid Therapy Recommender,2,870.5600,CV,Cardiovascular,CV,N,N,N,Y,Ineligible,0,0,0,0,,,,0,exact_submission_number_only,2026-07-31,https://www.fda.gov/medical-devices/software-medical-device-samd/artificial-intelligence-enabled-medical-devices
K233731,510(k),2024-08-01,2024,Q3,CardIQ Suite,GE Medical Systems SCS,Radiology,JAK,1,CardIQ Suite,GE Medical Systems SCS,2023-11-21,254,SESE,Substantially Equivalent,Traditional,N,,,,1,"System, X-Ray, Tomography, Computed",2,892.1750,RA,Radiology,RA,N,N,N,Y,Eligible,0,0,0,0,,,,0,exact_submission_number_only,2026-07-31,https://www.fda.gov/medical-devices/software-medical-device-samd/artificial-intelligence-enabled-medical-devices
K234141,510(k),2024-08-01,2024,Q3,AISAP Cardio V1.0,Aisap,Radiology,POK,1,AISAP Cardio V1.0,Aisap,2023-12-29,216,SESE,Substantially Equivalent,Traditional,N,,,,1,Computer-Assisted Diagnostic Software For Lesions Suspicious For Cancer,2,892.2060,RA,Radiology,RA,N,N,N,N,Eligible,0,0,0,0,,,,0,exact_submission_number_only,2026-07-31,https://www.fda.gov/medical-devices/software-medical-device-samd/artificial-intelligence-enabled-medical-devices
K240301,510(k),2024-08-01,2024,Q3,MammoScreen® (3),Therapixel,Radiology,QDQ,1,MammoScreen® (3),Therapixel,2024-02-01,182,SESE,Substantially Equivalent,Traditional,N,,,,1,Radiological Computer Assisted Detection/Diagnosis Software For Lesions Suspicious For Cancer,2,892.2090,RA,Radiology,RA,N,N,N,N,Ineligible,0,0,0,0,,,,0,exact_submission_number_only,2026-07-31,https://www.fda.gov/medical-devices/software-medical-device-samd/artificial-intelligence-enabled-medical-devices
K241887,510(k),2024-07-25,2024,Q3,GI Genius™ Module 100 (GGM100.US); GI Genius™ Module 200 (GGM200.US); ColonPRO™ 4.0 (CPRO40.US); GI Genius™ Module 300 (GGM300-US); ColonPRO™ 4.0 (CPRO40S-US),Cosmo Artificial Intelligence - AI Ltd,Gastroenterology-Urology,QNP,1,GI Genius™ Module 100 (GGM100.US); GI Genius™ Module 200 (GGM200.US); ColonPRO™ 4.0 (CPRO40.US); GI Genius™ Module 300 (GGM300-US); ColonPRO™ 4.0 (CPRO40S-US),"Cosmo Artificial Intelligence - Ai, Ltd.",2024-06-28,27,SESE,Substantially Equivalent,Special,N,,,,1,Gastrointesinal Lesion Software Detection System,2,876.1520,GU,"Gastroenterology, Urology",GU,N,N,N,N,Ineligible,0,0,0,0,,,,0,exact_submission_number_only,2026-07-31,https://www.fda.gov/medical-devices/software-medical-device-samd/artificial-intelligence-enabled-medical-devices
K240044,510(k),2024-07-24,2024,Q3,CADDIE,Odin Medical Limited,Gastroenterology-Urology,QNP,1,CADDIE,Odin Medical Limited,2024-01-05,201,SESE,Substantially Equivalent,Traditional,N,,,,1,Gastrointesinal Lesion Software Detection System,2,876.1520,GU,"Gastroenterology, Urology",GU,N,N,N,N,Ineligible,0,0,0,0,,,,0,exact_submission_number_only,2026-07-31,https://www.fda.gov/medical-devices/software-medical-device-samd/artificial-intelligence-enabled-medical-devices
K240704,510(k),2024-07-22,2024,Q3,"ACUSON Sequoia Diagnostic Ultrasound System, ACUSON Sequoia Select Diagnostic Ultrasound System, ACUSON Origin Diagnostic Ultrasound System, ACUSON Origin ICE  Diagnostic Ultrasound System","Siemens Medical Solutions, USA, Inc.",Radiology,IYN,1,"ACUSON Sequoia Diagnostic Ultrasound System, ACUSON Sequoia Select Diagnostic Ultrasound System, ACUSON Origin Diagnostic Ultrasound System, ACUSON Origin ICE  Diagnostic Ultrasound System","Siemens Medical Solutions USA, Inc.",2024-03-14,130,SESE,Substantially Equivalent,Traditional,Y,,,,1,"System, Imaging, Pulsed Doppler, Ultrasonic",2,892.1550,RA,Radiology,RA,N,N,N,Y,Eligible,0,0,0,0,,,,0,exact_submission_number_only,2026-07-31,https://www.fda.gov/medical-devices/software-medical-device-samd/artificial-intelligence-enabled-medical-devices
K240845,510(k),2024-07-17,2024,Q3,Rayvolve,AZmed SAS,Radiology,QBS,1,Rayvolve,Azmed Sas,2024-03-27,112,SESE,Substantially Equivalent,Traditional,N,,,,1,Radiological Computer Assisted Detection/Diagnosis Software For Fracture,2,892.2090,RA,Radiology,RA,N,N,N,N,Ineligible,0,0,0,0,,,,0,exact_submission_number_only,2026-07-31,https://www.fda.gov/medical-devices/software-medical-device-samd/artificial-intelligence-enabled-medical-devices
K241121,510(k),2024-07-17,2024,Q3,MICSI-RMT,"Microstructure Imaging, Inc.",Radiology,LLZ,1,MICSI-RMT,"Microstructure Imaging, Inc.",2024-04-23,85,SESE,Substantially Equivalent,Traditional,N,,,,1,"System, Image Processing, Radiological",2,892.2050,RA,Radiology,RA,N,N,N,Y,Eligible,0,0,0,0,,,,0,exact_submission_number_only,2026-07-31,https://www.fda.gov/medical-devices/software-medical-device-samd/artificial-intelligence-enabled-medical-devices
K240944,510(k),2024-07-16,2024,Q3,Swoop® Portable MR Imaging® System,"Hyperfine, Inc.",Radiology,LNH,1,Swoop® Portable MR Imaging® System,"Hyperfine, Inc.",2024-04-05,102,SESE,Substantially Equivalent,Special,N,,,,1,"System, Nuclear Magnetic Resonance Imaging",2,892.1000,RA,Radiology,RA,N,N,N,Y,Eligible,0,0,0,0,,,,0,exact_submission_number_only,2026-07-31,https://www.fda.gov/medical-devices/software-medical-device-samd/artificial-intelligence-enabled-medical-devices
K240285,510(k),2024-07-15,2024,Q3,Huxley SANSA Home Sleep Apnea Test (1000-00),Huxley Medical,Anesthesiology,MNR,1,Huxley SANSA Home Sleep Apnea Test (1000-00),Huxley Medical,2024-02-01,165,SESE,Substantially Equivalent,Traditional,N,,,,1,Ventilatory Effort Recorder,2,868.2375,AN,Anesthesiology,AN,N,N,N,Y,Eligible,0,0,0,0,,,,0,exact_submission_number_only,2026-07-31,https://www.fda.gov/medical-devices/software-medical-device-samd/artificial-intelligence-enabled-medical-devices
K233457,510(k),2024-07-12,2024,Q3,RUS,Hutom Inc.,Radiology,QIH,1,RUS,"Hutom, Inc.",2023-10-20,266,SESE,Substantially Equivalent,Traditional,N,,,,1,Automated Radiological Image Processing Software,2,892.2050,RA,Radiology,RA,N,N,N,N,Ineligible,0,0,0,0,,,,0,exact_submission_number_only,2026-07-31,https://www.fda.gov/medical-devices/software-medical-device-samd/artificial-intelligence-enabled-medical-devices
K234009,510(k),2024-07-12,2024,Q3,Acorn 3D Software (AC-SEG-4009); Acorn 3DP Model (AC-101-XX),Mighty Oak Medical,Radiology,QIH,1,Acorn 3D Software (AC-SEG-4009); Acorn 3DP Model (AC-101-XX),Mighty Oak Medical,2023-12-19,206,SESE,Substantially Equivalent,Traditional,N,,,,1,Automated Radiological Image Processing Software,2,892.2050,RA,Radiology,RA,N,N,N,N,Ineligible,0,0,0,0,,,,0,exact_submission_number_only,2026-07-31,https://www.fda.gov/medical-devices/software-medical-device-samd/artificial-intelligence-enabled-medical-devices
K241727,510(k),2024-07-12,2024,Q3,BriefCase-Triage,"Aidoc Medical, Ltd.",Radiology,QAS,1,BriefCase-Triage,"Aidoc Medical , Ltd.",2024-06-14,28,SESE,Substantially Equivalent,Special,N,,,,1,Radiological Computer-Assisted Triage And Notification Software,2,892.2080,RA,Radiology,RA,N,N,N,N,Ineligible,0,0,0,0,,,,0,exact_submission_number_only,2026-07-31,https://www.fda.gov/medical-devices/software-medical-device-samd/artificial-intelligence-enabled-medical-devices
K241329,510(k),2024-07-11,2024,Q3,SubtleSYNTH (1.x),"Subtle Medical, Inc.",Radiology,QIH,1,SubtleSYNTH (1.x),"Subtle Medical, Inc.",2024-05-10,62,SESE,Substantially Equivalent,Traditional,N,,,,1,Automated Radiological Image Processing Software,2,892.2050,RA,Radiology,RA,N,N,N,N,Ineligible,0,0,0,0,,,,0,exact_submission_number_only,2026-07-31,https://www.fda.gov/medical-devices/software-medical-device-samd/artificial-intelligence-enabled-medical-devices
K241508,510(k),2024-07-03,2024,Q3,SKOUT® system,"Iterative Scopes, Inc.",Gastroenterology-Urology,QNP,1,SKOUT® system,"Iterative Scopes, Inc.",2024-05-28,36,SESE,Substantially Equivalent,Special,N,,,,1,Gastrointesinal Lesion Software Detection System,2,876.1520,GU,"Gastroenterology, Urology",GU,N,N,N,N,Ineligible,0,0,0,0,,,,0,exact_submission_number_only,2026-07-31,https://www.fda.gov/medical-devices/software-medical-device-samd/artificial-intelligence-enabled-medical-devices
K240555,510(k),2024-07-02,2024,Q3,Tyto Insights for Crackles Detection,Tyto Care Ltd.,Anesthesiology,PHZ,1,Tyto Insights for Crackles Detection,"Tyto Care , Ltd.",2024-02-28,125,SESE,Substantially Equivalent,Traditional,N,,,,1,Abnormal Breath Sound Device,2,868.1900,AN,Anesthesiology,AN,N,N,N,Y,Eligible,0,0,0,0,,,,0,exact_submission_number_only,2026-07-31,https://www.fda.gov/medical-devices/software-medical-device-samd/artificial-intelligence-enabled-medical-devices
K240736,510(k),2024-07-02,2024,Q3,SMART Bun-Yo-Matic X-Ray,Disior Ltd,Radiology,QIH,1,SMART Bun-Yo-Matic X-Ray,"Disior, Ltd.",2024-03-18,106,SESE,Substantially Equivalent,Traditional,N,,,,1,Automated Radiological Image Processing Software,2,892.2050,RA,Radiology,RA,N,N,N,N,Ineligible,0,0,0,0,,,,0,exact_submission_number_only,2026-07-31,https://www.fda.gov/medical-devices/software-medical-device-samd/artificial-intelligence-enabled-medical-devices
K240353,510(k),2024-07-01,2024,Q3,Hyper Insight - ICH,SK Inc.,Radiology,QAS,1,Hyper Insight - ICH,"Sk, Inc.",2024-02-05,147,SESE,Substantially Equivalent,Traditional,N,,,,1,Radiological Computer-Assisted Triage And Notification Software,2,892.2080,RA,Radiology,RA,N,N,N,N,Ineligible,0,0,0,0,,,,0,exact_submission_number_only,2026-07-31,https://www.fda.gov/medical-devices/software-medical-device-samd/artificial-intelligence-enabled-medical-devices
K240582,510(k),2024-06-25,2024,Q2,VEA Align; spineEOS,EOS imaging,Radiology,QIH,1,VEA Align; spineEOS,Eos Imaging,2024-03-01,116,SESE,Substantially Equivalent,Traditional,N,,,,1,Automated Radiological Image Processing Software,2,892.2050,RA,Radiology,RA,N,N,N,N,Ineligible,0,0,0,0,,,,0,exact_submission_number_only,2026-07-31,https://www.fda.gov/medical-devices/software-medical-device-samd/artificial-intelligence-enabled-medical-devices
K233196,510(k),2024-06-21,2024,Q2,Medihub Prostate,JLK Inc.,Radiology,QIH,1,Medihub Prostate,"JLK, Inc.",2023-09-28,267,SESE,Substantially Equivalent,Traditional,N,,,,1,Automated Radiological Image Processing Software,2,892.2050,RA,Radiology,RA,N,N,N,N,Ineligible,0,0,0,0,,,,0,exact_submission_number_only,2026-07-31,https://www.fda.gov/medical-devices/software-medical-device-samd/artificial-intelligence-enabled-medical-devices
K233253,510(k),2024-06-21,2024,Q2,eCARTv5 Clinical Deterioration Suite (“eCART”),"AgileMD, Inc.",Cardiovascular,QNL,1,eCARTv5 Clinical Deterioration Suite (“eCART”),"Agilemd, Inc.",2023-09-28,267,SESE,Substantially Equivalent,Traditional,N,,,,1,Medium-Term Adjunctive Predictive Cardiovascular Indicator,2,870.2210,CV,Cardiovascular,CV,N,N,N,N,Ineligible,0,0,0,0,,,,0,exact_submission_number_only,2026-07-31,https://www.fda.gov/medical-devices/software-medical-device-samd/artificial-intelligence-enabled-medical-devices
K233549,510(k),2024-06-21,2024,Q2,Tempus ECG-AF,"Tempus AI, Inc.",Cardiovascular,SBQ,1,Tempus ECG-AF,"Tempus AI, Inc.",2023-11-03,231,SESE,Substantially Equivalent,Traditional,N,,,,1,Atrial Fibrillation Risk Prediction Machine Learning-Based Notification Software,2,870.2380,CV,Cardiovascular,CV,N,N,N,N,Ineligible,0,0,0,0,,,,0,exact_submission_number_only,2026-07-31,https://www.fda.gov/medical-devices/software-medical-device-samd/artificial-intelligence-enabled-medical-devices
K240465,510(k),2024-06-21,2024,Q2,O-arm O2 Imaging System,"Medtronic Navigation, Inc",Radiology,OWB,1,O-arm O2 Imaging System,"Medtronic Navigation, Inc.",2024-02-16,126,SESE,Substantially Equivalent,Traditional,N,,,,1,Interventional Fluoroscopic X-Ray System,2,892.1650,RA,Radiology,RA,N,N,N,Y,Eligible,2,2,2,0,2025-05-27,2026-05-19,340.0,1,exact_submission_number_only,2026-07-31,https://www.fda.gov/medical-devices/software-medical-device-samd/artificial-intelligence-enabled-medical-devices
K240631,510(k),2024-06-21,2024,Q2,"V8/XV8/XH8, V7/XV7/XH7, V6/XV6/XH6 Diagnostic Ultrasound System","Samsung Medison Co., Ltd.",Radiology,IYN,1,"V8/XV8/XH8, V7/XV7/XH7, V6/XV6/XH6 Diagnostic Ultrasound System","Samsung Medison Co., Ltd.",2024-03-06,107,SESE,Substantially Equivalent,Traditional,N,,,,1,"System, Imaging, Pulsed Doppler, Ultrasonic",2,892.1550,RA,Radiology,RA,N,N,N,Y,Eligible,0,0,0,0,,,,0,exact_submission_number_only,2026-07-31,https://www.fda.gov/medical-devices/software-medical-device-samd/artificial-intelligence-enabled-medical-devices
K240642,510(k),2024-06-20,2024,Q2,SMART Bun-Yo-Matic CT,Disior Ltd,Radiology,QIH,1,SMART Bun-Yo-Matic CT,"Disior, Ltd.",2024-03-06,106,SESE,Substantially Equivalent,Traditional,N,,,,1,Automated Radiological Image Processing Software,2,892.2050,RA,Radiology,RA,N,N,N,N,Ineligible,0,0,0,0,,,,0,exact_submission_number_only,2026-07-31,https://www.fda.gov/medical-devices/software-medical-device-samd/artificial-intelligence-enabled-medical-devices
K233955,510(k),2024-06-14,2024,Q2,Clarius OB AI,Clarius Mobile Health Corp.,Radiology,IYN,1,Clarius OB AI,Clarius Mobile Health Corp.,2023-12-15,182,SESE,Substantially Equivalent,Traditional,N,,,,1,"System, Imaging, Pulsed Doppler, Ultrasonic",2,892.1550,RA,Radiology,RA,N,N,N,Y,Eligible,0,0,0,0,,,,0,exact_submission_number_only,2026-07-31,https://www.fda.gov/medical-devices/software-medical-device-samd/artificial-intelligence-enabled-medical-devices
K241083,510(k),2024-06-14,2024,Q2,SIS System,"Surgical Information Sciences, Inc.",Radiology,QIH,1,SIS System,"Surgical Information Sciences, Inc.",2024-04-19,56,SESE,Substantially Equivalent,Traditional,N,,,,1,Automated Radiological Image Processing Software,2,892.2050,RA,Radiology,RA,N,N,N,N,Ineligible,0,0,0,0,,,,0,exact_submission_number_only,2026-07-31,https://www.fda.gov/medical-devices/software-medical-device-samd/artificial-intelligence-enabled-medical-devices
K233662,510(k),2024-06-13,2024,Q2,Radiography 7300 C,Philips Medical Systems DMC GmbH,Radiology,KPR,1,Radiography 7300 C,Philips Medical Systems Dmc GmbH,2023-11-15,211,SESE,Substantially Equivalent,Traditional,N,,,,1,"System, X-Ray, Stationary",2,892.1680,RA,Radiology,RA,N,N,N,Y,Eligible,1,1,1,0,2025-10-01,2025-10-01,475.0,1,exact_submission_number_only,2026-07-31,https://www.fda.gov/medical-devices/software-medical-device-samd/artificial-intelligence-enabled-medical-devices
K233925,510(k),2024-06-13,2024,Q2,Relu Creator,Relu BV,Radiology,QIH,1,Relu Creator,Relu BV,2023-12-13,183,SESE,Substantially Equivalent,Traditional,N,,,,1,Automated Radiological Image Processing Software,2,892.2050,RA,Radiology,RA,N,N,N,N,Ineligible,0,0,0,0,,,,0,exact_submission_number_only,2026-07-31,https://www.fda.gov/medical-devices/software-medical-device-samd/artificial-intelligence-enabled-medical-devices
K240516,510(k),2024-06-12,2024,Q2,RS85 Diagnostic Ultrasound System,"Samsung Medison Co., Ltd.",Radiology,IYN,1,RS85 Diagnostic Ultrasound System,"Samsung Medison Co., Ltd.",2024-02-23,110,SESE,Substantially Equivalent,Traditional,N,,,,1,"System, Imaging, Pulsed Doppler, Ultrasonic",2,892.1550,RA,Radiology,RA,N,N,N,Y,Eligible,0,0,0,0,,,,0,exact_submission_number_only,2026-07-31,https://www.fda.gov/medical-devices/software-medical-device-samd/artificial-intelligence-enabled-medical-devices
K231010,510(k),2024-06-07,2024,Q2,Corvair,"AliveCor, Inc.",Cardiovascular,MHX,1,Corvair,"AliveCor, Inc.",2023-04-07,427,SESE,Substantially Equivalent,Traditional,N,,,,1,"Monitor, Physiological, Patient(With Arrhythmia Detection Or Alarms)",2,870.1025,CV,Cardiovascular,CV,N,N,N,N,Eligible,0,0,0,0,,,,0,exact_submission_number_only,2026-07-31,https://www.fda.gov/medical-devices/software-medical-device-samd/artificial-intelligence-enabled-medical-devices
K232035,510(k),2024-06-07,2024,Q2,Impala,"AliveCor, Inc.",Cardiovascular,DPS,1,Impala,"AliveCor, Inc.",2023-07-07,336,SESE,Substantially Equivalent,Traditional,N,,,,1,Electrocardiograph,2,870.2340,CV,Cardiovascular,CV,N,N,N,Y,Eligible,0,0,0,0,,,,0,exact_submission_number_only,2026-07-31,https://www.fda.gov/medical-devices/software-medical-device-samd/artificial-intelligence-enabled-medical-devices
K234042,510(k),2024-06-07,2024,Q2,EFAI Bonesuite XR Bone Age Pro Assessment System (BAP-XR-100),"Ever Fortune.AI Co., Ltd.",Radiology,QIH,1,EFAI Bonesuite XR Bone Age Pro Assessment System (BAP-XR-100),"Ever Fortune.Ai, Co., Ltd.",2023-12-21,169,SESE,Substantially Equivalent,Traditional,N,,,,1,Automated Radiological Image Processing Software,2,892.2050,RA,Radiology,RA,N,N,N,N,Ineligible,0,0,0,0,,,,0,exact_submission_number_only,2026-07-31,https://www.fda.gov/medical-devices/software-medical-device-samd/artificial-intelligence-enabled-medical-devices
K241038,510(k),2024-06-07,2024,Q2,Cardiac CT Function Software Application,Circle Cardiovascular Imaging,Radiology,QIH,1,Cardiac CT Function Software Application,Circle Cardiovascular Imaging,2024-04-16,52,SESE,Substantially Equivalent,Traditional,N,,,,1,Automated Radiological Image Processing Software,2,892.2050,RA,Radiology,RA,N,N,N,N,Ineligible,0,0,0,0,,,,0,exact_submission_number_only,2026-07-31,https://www.fda.gov/medical-devices/software-medical-device-samd/artificial-intelligence-enabled-medical-devices
K240612,510(k),2024-05-31,2024,Q2,CINA-VCF,Avicenna.AI,Radiology,QFM,1,CINA-VCF,Avicenna.Ai,2024-03-05,87,SESE,Substantially Equivalent,Traditional,N,,,,1,Radiological Computer-Assisted Prioritization Software For Lesions,2,892.2080,RA,Radiology,RA,N,N,N,N,Ineligible,0,0,0,0,,,,0,exact_submission_number_only,2026-07-31,https://www.fda.gov/medical-devices/software-medical-device-samd/artificial-intelligence-enabled-medical-devices
K234154,510(k),2024-05-24,2024,Q2,uPMR 790,"Shanghai United Imaging Healthcare Co., Ltd.",Radiology,OUO,1,uPMR 790,"Shanghai United Imaging Healthcare Co., Ltd.",2023-12-29,147,SESE,Substantially Equivalent,Traditional,N,,,,1,Tomographic Imager Combining Emission Computed Tomography With Nuclear Magnetic Resonance,2,892.1200,RA,Radiology,RA,N,N,N,N,Eligible,0,0,0,0,,,,0,exact_submission_number_only,2026-07-31,https://www.fda.gov/medical-devices/software-medical-device-samd/artificial-intelligence-enabled-medical-devices
K240769,510(k),2024-05-24,2024,Q2,LVivo IQS,DiA Imaging Analysis Ltd.,Radiology,QIH,1,LVivo IQS,"Dia Imaging Analysis, Ltd.",2024-03-21,64,SESE,Substantially Equivalent,Special,N,,,,1,Automated Radiological Image Processing Software,2,892.2050,RA,Radiology,RA,N,N,N,N,Ineligible,0,0,0,0,,,,0,exact_submission_number_only,2026-07-31,https://www.fda.gov/medical-devices/software-medical-device-samd/artificial-intelligence-enabled-medical-devices
K233108,510(k),2024-05-23,2024,Q2,VinDr-Mammo,VinBigData Joint Stock Company,Radiology,QFM,1,VinDr-Mammo,Vinbigdata Joint Stock Company,2023-09-27,239,SESE,Substantially Equivalent,Traditional,N,,,,1,Radiological Computer-Assisted Prioritization Software For Lesions,2,892.2080,RA,Radiology,RA,N,N,N,N,Ineligible,0,0,0,0,,,,0,exact_submission_number_only,2026-07-31,https://www.fda.gov/medical-devices/software-medical-device-samd/artificial-intelligence-enabled-medical-devices
K240294,510(k),2024-05-23,2024,Q2,Syngo Carbon Enterprise Access (VA40A),Siemens Healthcare GmbH,Radiology,LLZ,1,Syngo Carbon Enterprise Access (VA40A),Siemens Healthcare GmbH,2024-02-01,112,SESE,Substantially Equivalent,Traditional,N,,,,1,"System, Image Processing, Radiological",2,892.2050,RA,Radiology,RA,N,N,N,Y,Eligible,0,0,0,0,,,,0,exact_submission_number_only,2026-07-31,https://www.fda.gov/medical-devices/software-medical-device-samd/artificial-intelligence-enabled-medical-devices
K233543,510(k),2024-05-21,2024,Q2,YSIO X.pree,Siemens Medical Solutions,Radiology,KPR,1,YSIO X.pree,Siemens Medical Solutions,2023-11-03,200,SESE,Substantially Equivalent,Traditional,N,,,,1,"System, X-Ray, Stationary",2,892.1680,RA,Radiology,RA,N,N,N,Y,Eligible,0,0,0,0,,,,0,exact_submission_number_only,2026-07-31,https://www.fda.gov/medical-devices/software-medical-device-samd/artificial-intelligence-enabled-medical-devices
DEN230035,De Novo,2024-05-17,2024,Q2,DentalMonitoring,Dental Monitoring SAS,Dental,SBC,1,DentalMonitoring,dental monitoring sas,2023-05-04,379,DENG,Granted,,,,Direct,N,1,Dental Image Analyzer,2,872.1770,DE,Dental,DE,N,N,N,N,Ineligible,0,0,0,0,,,,0,exact_submission_number_only,2026-07-31,https://www.fda.gov/medical-devices/software-medical-device-samd/artificial-intelligence-enabled-medical-devices
K233209,510(k),2024-05-17,2024,Q2,uOmnispace.CT,"Shanghai United Imaging Healthcare Co., Ltd.",Radiology,QIH,1,uOmnispace.CT,"Shanghai United Imaging Healthcare Co., Ltd.",2023-09-28,232,SESE,Substantially Equivalent,Traditional,N,,,,1,Automated Radiological Image Processing Software,2,892.2050,RA,Radiology,RA,N,N,N,N,Ineligible,0,0,0,0,,,,0,exact_submission_number_only,2026-07-31,https://www.fda.gov/medical-devices/software-medical-device-samd/artificial-intelligence-enabled-medical-devices
K233625,510(k),2024-05-16,2024,Q2,RAYDENT SW,"RAY Co., Ltd.",Dental,PNN,1,RAYDENT SW,"Ray Co., Ltd.",2023-11-13,185,SESE,Substantially Equivalent,Traditional,N,,,,1,Orthodontic Software,2,872.5470,DE,Dental,DE,N,N,N,Y,Eligible,0,0,0,0,,,,0,exact_submission_number_only,2026-07-31,https://www.fda.gov/medical-devices/software-medical-device-samd/artificial-intelligence-enabled-medical-devices
DEN230043,De Novo,2024-05-15,2024,Q2,Notal Vision Home Optical Coherence Tomography (OCT) System,Notal Vision Inc,Ophthalmic,SAX,1,Notal Vision Home Optical Coherence Tomography (OCT) System,"notal vision, inc.",2023-06-07,343,DENG,Granted,,,,Direct,N,1,Home Monitoring Ophthalmic Optical Coherence Tomography (Oct) Imaging Device,2,886.1600,OP,Ophthalmic,OP,N,N,N,N,Ineligible,0,0,0,0,,,,0,exact_submission_number_only,2026-07-31,https://www.fda.gov/medical-devices/software-medical-device-samd/artificial-intelligence-enabled-medical-devices
K233247,510(k),2024-05-15,2024,Q2,Heuron ICH,"Heuron Co., Ltd.",Radiology,QAS,1,Heuron ICH,"Heuron Co., Ltd.",2023-09-28,230,SESE,Substantially Equivalent,Traditional,N,,,,1,Radiological Computer-Assisted Triage And Notification Software,2,892.2080,RA,Radiology,RA,N,N,N,N,Ineligible,0,0,0,0,,,,0,exact_submission_number_only,2026-07-31,https://www.fda.gov/medical-devices/software-medical-device-samd/artificial-intelligence-enabled-medical-devices
K241112,510(k),2024-05-15,2024,Q2,BriefCase-Quantification,"Aidoc Medical, Ltd.",Radiology,QIH,1,BriefCase-Quantification,"Aidoc Medical , Ltd.",2024-04-22,23,SESE,Substantially Equivalent,Special,N,,,,1,Automated Radiological Image Processing Software,2,892.2050,RA,Radiology,RA,N,N,N,N,Ineligible,0,0,0,0,,,,0,exact_submission_number_only,2026-07-31,https://www.fda.gov/medical-devices/software-medical-device-samd/artificial-intelligence-enabled-medical-devices
K232410,510(k),2024-05-10,2024,Q2,SmartChest,Milvue,Radiology,QFM,1,SmartChest,Milvue,2023-08-10,274,SESE,Substantially Equivalent,Traditional,N,,,,1,Radiological Computer-Assisted Prioritization Software For Lesions,2,892.2080,RA,Radiology,RA,N,N,N,N,Ineligible,0,0,0,0,,,,0,exact_submission_number_only,2026-07-31,https://www.fda.gov/medical-devices/software-medical-device-samd/artificial-intelligence-enabled-medical-devices
K232928,510(k),2024-05-07,2024,Q2,DeepContour (V1.0),"Wisdom Technologies., Inc.",Radiology,QKB,1,DeepContour (V1.0),"Wisdom Technologies., Inc.",2023-09-20,230,SESE,Substantially Equivalent,Traditional,N,,,,1,Radiological Image Processing Software For Radiation Therapy,2,892.2050,RA,Radiology,RA,N,N,N,N,Ineligible,0,0,0,0,,,,0,exact_submission_number_only,2026-07-31,https://www.fda.gov/medical-devices/software-medical-device-samd/artificial-intelligence-enabled-medical-devices
K233864,510(k),2024-05-07,2024,Q2,ASSURE Wearable ECG,"Kestra Medical Technologies, Inc.",Cardiovascular,MWJ,1,ASSURE Wearable ECG,"Kestra Medical Technologies, Inc.",2023-12-06,153,SESE,Substantially Equivalent,Traditional,N,,,,1,"Electrocardiograph, Ambulatory (Without Analysis)",2,870.2800,CV,Cardiovascular,CV,N,N,N,N,Eligible,0,0,0,0,,,,0,exact_submission_number_only,2026-07-31,https://www.fda.gov/medical-devices/software-medical-device-samd/artificial-intelligence-enabled-medical-devices
K232416,510(k),2024-05-03,2024,Q2,AUTION EYE AI-4510 Urine Particle Analysis System,Arkray Inc.,Hematology,LKM,1,AUTION EYE AI-4510 Urine Particle Analysis System,"Arkray, Inc.",2023-08-11,266,SESE,Substantially Equivalent,Traditional,N,,,,1,"Counter, Urine Particle",2,864.5200,HE,Hematology,HE,N,N,N,Y,Eligible,0,0,0,0,,,,0,exact_submission_number_only,2026-07-31,https://www.fda.gov/medical-devices/software-medical-device-samd/artificial-intelligence-enabled-medical-devices
K232491,510(k),2024-05-03,2024,Q2,CT 5300,"Philips Healthcare (Suzhou) Co., Ltd.",Radiology,JAK,1,CT 5300,"Philips Healthcare (Suzhou) Co., Ltd.",2023-08-17,260,SESE,Substantially Equivalent,Traditional,N,,,,1,"System, X-Ray, Tomography, Computed",2,892.1750,RA,Radiology,RA,N,N,N,Y,Eligible,5,2,5,0,2025-09-25,2025-10-29,510.0,1,exact_submission_number_only,2026-07-31,https://www.fda.gov/medical-devices/software-medical-device-samd/artificial-intelligence-enabled-medical-devices
K233687,510(k),2024-05-03,2024,Q2,ECHELON Synergy V10.0,Fujifilm Healthcare Americas Corporation,Radiology,LNH,1,ECHELON Synergy V10.0,FUJIFILM Healthcare Americas Corporation,2023-11-17,168,SESE,Substantially Equivalent,Traditional,N,,,,1,"System, Nuclear Magnetic Resonance Imaging",2,892.1000,RA,Radiology,RA,N,N,N,Y,Eligible,0,0,0,0,,,,0,exact_submission_number_only,2026-07-31,https://www.fda.gov/medical-devices/software-medical-device-samd/artificial-intelligence-enabled-medical-devices
K232923,510(k),2024-04-30,2024,Q2,Ethos Treatment Management (3.0); Ethos Treatment Planning (2.0),Varian Medical Systems Inc.,Radiology,IYE,1,Ethos Treatment Management (3.0); Ethos Treatment Planning (2.0),"Varian Medical Systems, Inc.",2023-09-19,224,SESE,Substantially Equivalent,Traditional,N,,,,1,"Accelerator, Linear, Medical",2,892.5050,RA,Radiology,RA,N,N,N,N,Eligible,0,0,0,0,,,,0,exact_submission_number_only,2026-07-31,https://www.fda.gov/medical-devices/software-medical-device-samd/artificial-intelligence-enabled-medical-devices
K240062,510(k),2024-04-29,2024,Q2,ARVIS® Shoulder,"Insight Medical Systems, Inc.",Neurology,OLO,1,ARVIS® Shoulder,"Insight Medical Systems, Inc.",2024-01-09,111,SESE,Substantially Equivalent,Traditional,N,,,,1,Orthopedic Stereotaxic Instrument,2,882.4560,NE,Neurology,OR,N,N,N,N,Eligible,0,0,0,0,,,,0,exact_submission_number_only,2026-07-31,https://www.fda.gov/medical-devices/software-medical-device-samd/artificial-intelligence-enabled-medical-devices
K232799,510(k),2024-04-26,2024,Q2,syngo.via RT Image Suite,"Siemens Medical Solutions USA, Inc.",Radiology,MUJ,1,syngo.via RT Image Suite,"Siemens Medical Solutions USA, Inc.",2023-09-12,227,SESE,Substantially Equivalent,Traditional,N,,,,1,"System, Planning, Radiation Therapy Treatment",2,892.5050,RA,Radiology,RA,N,N,N,N,Eligible,0,0,0,0,,,,0,exact_submission_number_only,2026-07-31,https://www.fda.gov/medical-devices/software-medical-device-samd/artificial-intelligence-enabled-medical-devices
K233673,510(k),2024-04-26,2024,Q2,uMR Jupiter,"Shanghai United Imaging Healthcare Co., Ltd",Radiology,LNH,1,uMR Jupiter,"Shanghai United Imaging Healthcare Co., Ltd.",2023-11-16,162,SESE,Substantially Equivalent,Traditional,N,,,,1,"System, Nuclear Magnetic Resonance Imaging",2,892.1000,RA,Radiology,RA,N,N,N,Y,Eligible,0,0,0,0,,,,0,exact_submission_number_only,2026-07-31,https://www.fda.gov/medical-devices/software-medical-device-samd/artificial-intelligence-enabled-medical-devices
K240406,510(k),2024-04-26,2024,Q2,Sonio Detect,Sonio,Radiology,IYN,1,Sonio Detect,Sonio,2024-02-09,77,SESE,Substantially Equivalent,Traditional,N,,,,1,"System, Imaging, Pulsed Doppler, Ultrasonic",2,892.1550,RA,Radiology,RA,N,N,N,Y,Eligible,0,0,0,0,,,,0,exact_submission_number_only,2026-07-31,https://www.fda.gov/medical-devices/software-medical-device-samd/artificial-intelligence-enabled-medical-devices
K232331,510(k),2024-04-25,2024,Q2,InVision Precision LVEF (LVEF),InVision Medical Technology Corporation,Radiology,QIH,1,InVision Precision LVEF (LVEF),InVision Medical Technology Corporation,2023-08-04,265,SESE,Substantially Equivalent,Traditional,N,,,,1,Automated Radiological Image Processing Software,2,892.2050,RA,Radiology,RA,N,N,N,N,Ineligible,0,0,0,0,,,,0,exact_submission_number_only,2026-07-31,https://www.fda.gov/medical-devices/software-medical-device-samd/artificial-intelligence-enabled-medical-devices
K240850,510(k),2024-04-24,2024,Q2,EPIQ Series Diagnostic Ultrasound Systems; Affiniti Series Diagnostic Ultrasound Systems,Philips Ultrasound LLC,Radiology,IYN,1,EPIQ Series Diagnostic Ultrasound Systems; Affiniti Series Diagnostic Ultrasound Systems,"Philips Ultrasound, LLC",2024-03-27,28,SESE,Substantially Equivalent,Special,N,,,,1,"System, Imaging, Pulsed Doppler, Ultrasonic",2,892.1550,RA,Radiology,RA,N,N,N,Y,Eligible,0,0,0,0,,,,0,exact_submission_number_only,2026-07-31,https://www.fda.gov/medical-devices/software-medical-device-samd/artificial-intelligence-enabled-medical-devices
K240058,510(k),2024-04-23,2024,Q2,AEYE-DS,AEYE Health Inc.,Ophthalmic,PIB,1,AEYE-DS,"Aeye Health, Inc.",2024-01-08,106,SESE,Substantially Equivalent,Traditional,N,,,,1,Diabetic Retinopathy Detection Device,2,886.1100,OP,Ophthalmic,OP,N,N,N,N,Eligible,0,0,0,0,,,,0,exact_submission_number_only,2026-07-31,https://www.fda.gov/medical-devices/software-medical-device-samd/artificial-intelligence-enabled-medical-devices
K233582,510(k),2024-04-22,2024,Q2,Rapid,iSchema View Inc.,Radiology,LLZ,1,Rapid,"Ischemaview, Inc.",2023-11-02,172,SESE,Substantially Equivalent,Traditional,N,,,,1,"System, Image Processing, Radiological",2,892.2050,RA,Radiology,RA,N,N,N,Y,Eligible,0,0,0,0,,,,0,exact_submission_number_only,2026-07-31,https://www.fda.gov/medical-devices/software-medical-device-samd/artificial-intelligence-enabled-medical-devices
K234068,510(k),2024-04-22,2024,Q2,ART-Plan (v.2.2.0),Therapanacea SAS,Radiology,MUJ,1,ART-Plan (v.2.2.0),Therapanacea Sas,2023-12-22,122,SESE,Substantially Equivalent,Traditional,N,,,,1,"System, Planning, Radiation Therapy Treatment",2,892.5050,RA,Radiology,RA,N,N,N,N,Eligible,0,0,0,0,,,,0,exact_submission_number_only,2026-07-31,https://www.fda.gov/medical-devices/software-medical-device-samd/artificial-intelligence-enabled-medical-devices
K240781,510(k),2024-04-19,2024,Q2,SKOUT® system,"Iterative Scopes, Inc.",Gastroenterology-Urology,QNP,1,SKOUT® system,"Iterative Scopes, Inc.",2024-03-21,29,SESE,Substantially Equivalent,Special,N,,,,1,Gastrointesinal Lesion Software Detection System,2,876.1520,GU,"Gastroenterology, Urology",GU,N,N,N,N,Ineligible,0,0,0,0,,,,0,exact_submission_number_only,2026-07-31,https://www.fda.gov/medical-devices/software-medical-device-samd/artificial-intelligence-enabled-medical-devices
K233186,510(k),2024-04-17,2024,Q2,uOmnispace.MR,"Shanghai United Imaging Healthcare Co., Ltd.",Radiology,QIH,1,uOmnispace.MR,"Shanghai United Imaging Healthcare Co., Ltd.",2023-09-28,202,SESE,Substantially Equivalent,Traditional,N,,,,1,Automated Radiological Image Processing Software,2,892.2050,RA,Radiology,RA,N,N,N,N,Ineligible,0,0,0,0,,,,0,exact_submission_number_only,2026-07-31,https://www.fda.gov/medical-devices/software-medical-device-samd/artificial-intelligence-enabled-medical-devices
K240773,510(k),2024-04-15,2024,Q2,VisAble.IO,Techsomed,Radiology,QTZ,1,VisAble.IO,Techsomed,2024-03-21,25,SESE,Substantially Equivalent,Special,N,,,,1,Radiological Image Processing Software For Ablation Therapy Planning And Evaluation,2,892.2050,RA,Radiology,RA,N,N,N,N,Ineligible,0,0,0,0,,,,0,exact_submission_number_only,2026-07-31,https://www.fda.gov/medical-devices/software-medical-device-samd/artificial-intelligence-enabled-medical-devices
K240238,510(k),2024-04-12,2024,Q2,"Vantage Fortian/Orian 1.5T, MRT-1550, V9.0 with AiCE Reconstruction Processing Unit for MR",Canon Medical Systems Corporation,Radiology,LNH,1,"Vantage Fortian/Orian 1.5T, MRT-1550, V9.0 with AiCE Reconstruction Processing Unit for MR",Canon Medical Systems Corporation,2024-01-29,74,SESE,Substantially Equivalent,Traditional,N,,,,1,"System, Nuclear Magnetic Resonance Imaging",2,892.1000,RA,Radiology,RA,N,N,N,Y,Eligible,0,0,0,0,,,,0,exact_submission_number_only,2026-07-31,https://www.fda.gov/medical-devices/software-medical-device-samd/artificial-intelligence-enabled-medical-devices
K233698,510(k),2024-04-11,2024,Q2,True Enhance DL,GE Healthcare Japan Corporation,Radiology,JAK,1,True Enhance DL,Ge Healthcare Japan Corporation,2023-11-17,146,SESE,Substantially Equivalent,Traditional,N,,,,1,"System, X-Ray, Tomography, Computed",2,892.1750,RA,Radiology,RA,N,N,N,Y,Eligible,0,0,0,0,,,,0,exact_submission_number_only,2026-07-31,https://www.fda.gov/medical-devices/software-medical-device-samd/artificial-intelligence-enabled-medical-devices
K240744,510(k),2024-04-10,2024,Q2,uMR 680,"Shanghai United Imaging Healthcare Co., Ltd.",Radiology,LNH,1,uMR 680,"Shanghai United Imaging Healthcare Co., Ltd.",2024-03-18,23,SESE,Substantially Equivalent,Special,N,,,,1,"System, Nuclear Magnetic Resonance Imaging",2,892.1000,RA,Radiology,RA,N,N,N,Y,Eligible,0,0,0,0,,,,0,exact_submission_number_only,2026-07-31,https://www.fda.gov/medical-devices/software-medical-device-samd/artificial-intelligence-enabled-medical-devices
DEN230023,De Novo,2024-04-09,2024,Q2,Rho,16 Bit Inc,Radiology,SAO,1,Rho,"16 bit, inc.",2023-04-03,372,DENG,Granted,,,,Direct,N,1,Radiology Software For Opportunistic Evaluation Of Low Bone Mineral Density,2,892.1171,RA,Radiology,RA,N,N,N,N,Ineligible,0,0,0,0,,,,0,exact_submission_number_only,2026-07-31,https://www.fda.gov/medical-devices/software-medical-device-samd/artificial-intelligence-enabled-medical-devices
K240291,510(k),2024-04-08,2024,Q2,EFAI CARDIOSUITE CTA ACUTE AORTIC SYNDROME ASSESSMENT SYSTEM,"Ever Fortune.AI, Co., Ltd.",Radiology,QAS,1,EFAI CARDIOSUITE CTA ACUTE AORTIC SYNDROME ASSESSMENT SYSTEM,"Ever Fortune.Ai, Co., Ltd.",2024-02-01,67,SESE,Substantially Equivalent,Traditional,N,,,,1,Radiological Computer-Assisted Triage And Notification Software,2,892.2080,RA,Radiology,RA,N,N,N,N,Ineligible,0,0,0,0,,,,0,exact_submission_number_only,2026-07-31,https://www.fda.gov/medical-devices/software-medical-device-samd/artificial-intelligence-enabled-medical-devices
K233249,510(k),2024-04-05,2024,Q2,APPRAISE-HRI,"The Surgeon General, Department of the Army (TSG-DA)",Cardiovascular,SAR,1,APPRAISE-HRI,"The Surgeon General, Department of the Army (TSG-DA)",2023-09-28,190,SESE,Substantially Equivalent,Traditional,N,,,,1,Adjunctive Hemodynamic Indicator With Decision Point For Military Use,2,870.2220,CV,Cardiovascular,CV,N,N,N,N,Ineligible,0,0,0,0,,,,0,exact_submission_number_only,2026-07-31,https://www.fda.gov/medical-devices/software-medical-device-samd/artificial-intelligence-enabled-medical-devices
K233666,510(k),2024-04-05,2024,Q2,CorVista System with PH Add-On,"Analytics for Life, Inc.",Cardiovascular,SAT,1,CorVista System with PH Add-On,"Analytics For Life, Inc.",2023-11-15,142,SESE,Substantially Equivalent,Traditional,N,,,,1,Pulmonary Hypertension Machine Learning-Based Notification Software,2,870.2380,CV,Cardiovascular,CV,N,N,N,N,Ineligible,0,0,0,0,,,,0,exact_submission_number_only,2026-07-31,https://www.fda.gov/medical-devices/software-medical-device-samd/artificial-intelligence-enabled-medical-devices
K240172,510(k),2024-04-04,2024,Q2,Preview Shoulder,Genesis Software Innovations,Radiology,QIH,1,Preview Shoulder,Genesis Software Innovations,2024-01-22,73,SESE,Substantially Equivalent,Special,N,,,,1,Automated Radiological Image Processing Software,2,892.2050,RA,Radiology,RA,N,N,N,N,Ineligible,0,0,0,0,,,,0,exact_submission_number_only,2026-07-31,https://www.fda.gov/medical-devices/software-medical-device-samd/artificial-intelligence-enabled-medical-devices
K232899,510(k),2024-04-03,2024,Q2,AI-Rad Companion Organs RT,Siemens Medical Solutions U.S.A.,Radiology,QKB,1,AI-Rad Companion Organs RT,Siemens Medical Solutions U.S.A.,2023-09-18,198,SESE,Substantially Equivalent,Traditional,N,,,,1,Radiological Image Processing Software For Radiation Therapy,2,892.2050,RA,Radiology,RA,N,N,N,N,Ineligible,0,0,0,0,,,,0,exact_submission_number_only,2026-07-31,https://www.fda.gov/medical-devices/software-medical-device-samd/artificial-intelligence-enabled-medical-devices
K233618,510(k),2024-04-03,2024,Q2,Oxevision Sleep Device,Oxehealth Limited,Neurology,LEL,1,Oxevision Sleep Device,Oxehealth Limited,2023-11-13,142,SESE,Substantially Equivalent,Traditional,N,,,,1,"Device, Sleep Assessment",2,882.5050,NE,Neurology,NE,N,N,N,N,Eligible,0,0,0,0,,,,0,exact_submission_number_only,2026-07-31,https://www.fda.gov/medical-devices/software-medical-device-samd/artificial-intelligence-enabled-medical-devices
DEN230036,De Novo,2024-04-02,2024,Q2,Sepsis ImmunoScore,"Prenosis, Inc.",General Hospital,SAK,1,Sepsis ImmunoScore,"prenosis, inc.",2023-05-05,333,DENG,Granted,,,,Direct,N,1,Software Device To Aid In The Prediction Or Diagnosis Of Sepsis,2,880.6316,HO,General Hospital,GU,N,N,N,N,Ineligible,0,0,0,0,,,,0,exact_submission_number_only,2026-07-31,https://www.fda.gov/medical-devices/software-medical-device-samd/artificial-intelligence-enabled-medical-devices
K232835,510(k),2024-04-02,2024,Q2,Aquilion ONE (TSX-308A/3) V1.4 with PIQE Reconstruction System,Canon Medical Systems Corporation,Radiology,JAK,1,Aquilion ONE (TSX-308A/3) V1.4 with PIQE Reconstruction System,Canon Medical Systems Corporation,2023-09-14,201,SESE,Substantially Equivalent,Traditional,N,,,,1,"System, X-Ray, Tomography, Computed",2,892.1750,RA,Radiology,RA,N,N,N,Y,Eligible,0,0,0,0,,,,0,exact_submission_number_only,2026-07-31,https://www.fda.gov/medical-devices/software-medical-device-samd/artificial-intelligence-enabled-medical-devices
K233676,510(k),2024-04-01,2024,Q2,Us2.v2,Eko.ai Pte. Ltd d/b/a Us2.ai,Radiology,QIH,1,Us2.v2,Eko.Ai Pte Ltd. D/B/A Us2.Ai,2023-11-16,137,SESE,Substantially Equivalent,Traditional,N,,,,1,Automated Radiological Image Processing Software,2,892.2050,RA,Radiology,RA,N,N,N,N,Ineligible,0,0,0,0,,,,0,exact_submission_number_only,2026-07-31,https://www.fda.gov/medical-devices/software-medical-device-samd/artificial-intelligence-enabled-medical-devices
K233211,510(k),2024-03-29,2024,Q1,AVIEW CAC,"Coreline Soft Co., Ltd.",Radiology,QIH,1,AVIEW CAC,"Coreline Soft Co., Ltd.",2023-09-28,183,SESE,Substantially Equivalent,Traditional,N,,,,1,Automated Radiological Image Processing Software,2,892.2050,RA,Radiology,RA,N,N,N,N,Ineligible,0,0,0,0,,,,0,exact_submission_number_only,2026-07-31,https://www.fda.gov/medical-devices/software-medical-device-samd/artificial-intelligence-enabled-medical-devices
K233409,510(k),2024-03-28,2024,Q1,Eko Low Ejection Fraction Tool (ELEFT),"Eko Health, Inc.",Cardiovascular,QYE,1,Eko Low Ejection Fraction Tool (ELEFT),"Eko Health, Inc.",2023-10-06,174,SESE,Substantially Equivalent,Traditional,N,,,,1,Reduced Ejection Fraction Machine Learning-Based Notification Software,2,870.2380,CV,Cardiovascular,CV,N,N,N,N,Ineligible,0,0,0,0,,,,0,exact_submission_number_only,2026-07-31,https://www.fda.gov/medical-devices/software-medical-device-samd/artificial-intelligence-enabled-medical-devices
K233657,510(k),2024-03-28,2024,Q1,NAEOTOM Alpha,"Siemens Medical Solutions USA, Inc.",Radiology,JAK,1,NAEOTOM Alpha,"Siemens Medical Solutions USA, Inc.",2023-11-14,135,SESE,Substantially Equivalent,Traditional,N,,,,1,"System, X-Ray, Tomography, Computed",2,892.1750,RA,Radiology,RA,N,N,N,Y,Eligible,0,0,0,0,,,,0,exact_submission_number_only,2026-07-31,https://www.fda.gov/medical-devices/software-medical-device-samd/artificial-intelligence-enabled-medical-devices
K233650,510(k),2024-03-26,2024,Q1,SOMATOM go.Up; SOMATOM go.Now; SOMATOM go.All; SOMATOM go.Top; SOMATOM go.Sim; SOMATOM go.Open Pro; SOMATOM X.cite; SOMATOM X.ceed,"Siemens Medical Solutions USA, Inc.",Radiology,JAK,1,SOMATOM go.Up; SOMATOM go.Now; SOMATOM go.All; SOMATOM go.Top; SOMATOM go.Sim; SOMATOM go.Open Pro; SOMATOM X.cite; SOMATOM X.ceed,"Siemens Medical Solutions USA, Inc.",2023-11-14,133,SESE,Substantially Equivalent,Traditional,N,,,,1,"System, X-Ray, Tomography, Computed",2,892.1750,RA,Radiology,RA,N,N,N,Y,Eligible,1,1,1,0,2025-12-19,2025-12-19,633.0,1,exact_submission_number_only,2026-07-31,https://www.fda.gov/medical-devices/software-medical-device-samd/artificial-intelligence-enabled-medical-devices
K232322,510(k),2024-03-22,2024,Q1,MAGNETOM Terra; MAGNETOM Terra.X,"Siemens Medical Solutions USA, Inc.",Radiology,LNH,1,MAGNETOM Terra; MAGNETOM Terra.X,"Siemens Medical Solutions USA, Inc.",2023-08-03,232,SESE,Substantially Equivalent,Traditional,N,,,,1,"System, Nuclear Magnetic Resonance Imaging",2,892.1000,RA,Radiology,RA,N,N,N,Y,Eligible,0,0,0,0,,,,0,exact_submission_number_only,2026-07-31,https://www.fda.gov/medical-devices/software-medical-device-samd/artificial-intelligence-enabled-medical-devices
K232431,510(k),2024-03-22,2024,Q1,syngo.CT Brain Hemorrhage,"Siemens Medical Solutions USA, Inc.",Radiology,QAS,1,syngo.CT Brain Hemorrhage,"Siemens Medical Solutions USA, Inc.",2023-08-11,224,SESE,Substantially Equivalent,Traditional,N,,,,1,Radiological Computer-Assisted Triage And Notification Software,2,892.2080,RA,Radiology,RA,N,N,N,N,Ineligible,0,0,0,0,,,,0,exact_submission_number_only,2026-07-31,https://www.fda.gov/medical-devices/software-medical-device-samd/artificial-intelligence-enabled-medical-devices
K240540,510(k),2024-03-22,2024,Q1,uMR Omega,"Shanghai United Imaging Healthcare Co., Ltd.",Radiology,LNH,1,uMR Omega,"Shanghai United Imaging Healthcare Co., Ltd.",2024-02-26,25,SESE,Substantially Equivalent,Special,N,,,,1,"System, Nuclear Magnetic Resonance Imaging",2,892.1000,RA,Radiology,RA,N,N,N,Y,Eligible,0,0,0,0,,,,0,exact_submission_number_only,2026-07-31,https://www.fda.gov/medical-devices/software-medical-device-samd/artificial-intelligence-enabled-medical-devices
K233753,510(k),2024-03-21,2024,Q1,AI-Rad Companion (Pulmonary),Siemens Healthcare GmbH,Radiology,JAK,1,AI-Rad Companion (Pulmonary),Siemens Healthcare GmbH,2023-11-22,120,SESE,Substantially Equivalent,Abbreviated,N,,,,1,"System, X-Ray, Tomography, Computed",2,892.1750,RA,Radiology,RA,N,N,N,Y,Eligible,0,0,0,0,,,,0,exact_submission_number_only,2026-07-31,https://www.fda.gov/medical-devices/software-medical-device-samd/artificial-intelligence-enabled-medical-devices
K234047,510(k),2024-03-20,2024,Q1,Automatic Registration,Brainlab AG,Neurology,OLO,1,Automatic Registration,Brainlab AG,2023-12-21,90,SESE,Substantially Equivalent,Traditional,N,,,,1,Orthopedic Stereotaxic Instrument,2,882.4560,NE,Neurology,OR,N,N,N,N,Eligible,0,0,0,0,,,,0,exact_submission_number_only,2026-07-31,https://www.fda.gov/medical-devices/software-medical-device-samd/artificial-intelligence-enabled-medical-devices
K233342,510(k),2024-03-15,2024,Q1,CINA-ASPECTS,Avicenna.AI,Radiology,POK,1,CINA-ASPECTS,Avicenna.Ai,2023-09-29,168,SESE,Substantially Equivalent,Traditional,N,,,,1,Computer-Assisted Diagnostic Software For Lesions Suspicious For Cancer,2,892.2060,RA,Radiology,RA,N,N,N,N,Eligible,0,0,0,0,,,,0,exact_submission_number_only,2026-07-31,https://www.fda.gov/medical-devices/software-medical-device-samd/artificial-intelligence-enabled-medical-devices
K233968,510(k),2024-03-13,2024,Q1,CINA-iPE,Avicenna.AI,Radiology,QAS,1,CINA-iPE,Avicenna.Ai,2023-12-15,89,SESE,Substantially Equivalent,Traditional,N,,,,1,Radiological Computer-Assisted Triage And Notification Software,2,892.2080,RA,Radiology,RA,N,N,N,N,Ineligible,0,0,0,0,,,,0,exact_submission_number_only,2026-07-31,https://www.fda.gov/medical-devices/software-medical-device-samd/artificial-intelligence-enabled-medical-devices
K232140,510(k),2024-03-11,2024,Q1,OTS Hip,Ortoma AB,Neurology,OLO,1,OTS Hip,Ortoma AB,2023-07-18,237,SESE,Substantially Equivalent,Traditional,N,,,,1,Orthopedic Stereotaxic Instrument,2,882.4560,NE,Neurology,OR,N,N,N,N,Eligible,1,1,1,0,2025-07-28,2025-07-28,504.0,1,exact_submission_number_only,2026-07-31,https://www.fda.gov/medical-devices/software-medical-device-samd/artificial-intelligence-enabled-medical-devices
K233438,510(k),2024-03-08,2024,Q1,SleepStageML,"Beacon Biosignals, Inc.",Neurology,OLZ,1,SleepStageML,"Beacon Biosignals, Inc.",2023-10-13,147,SESE,Substantially Equivalent,Traditional,N,,,,1,Automatic Event Detection Software For Polysomnograph With Electroencephalograph,2,882.1400,NE,Neurology,NE,N,N,N,N,Eligible,0,0,0,0,,,,0,exact_submission_number_only,2026-07-31,https://www.fda.gov/medical-devices/software-medical-device-samd/artificial-intelligence-enabled-medical-devices
K233692,510(k),2024-03-07,2024,Q1,"Voluson Signature 20, Voluson Signature 18","GE Medical Systems Ultrasound and Primary care Diagnostics,",Radiology,IYN,1,"Voluson Signature 20, Voluson Signature 18",GE Medical Systems Ultrasound and Primary Care Diagnostics,2023-11-17,111,SESE,Substantially Equivalent,Traditional,N,,,,1,"System, Imaging, Pulsed Doppler, Ultrasonic",2,892.1550,RA,Radiology,RA,N,N,N,Y,Eligible,0,0,0,0,,,,0,exact_submission_number_only,2026-07-31,https://www.fda.gov/medical-devices/software-medical-device-samd/artificial-intelligence-enabled-medical-devices
K231677,510(k),2024-03-06,2024,Q1,EdgeFlow UH10,Edgecare Inc.,Radiology,IYO,1,EdgeFlow UH10,"Edgecare, Inc.",2023-06-09,271,SESE,Substantially Equivalent,Traditional,N,,,,1,"System, Imaging, Pulsed Echo, Ultrasonic",2,892.1560,RA,Radiology,RA,N,N,N,Y,Eligible,0,0,0,0,,,,0,exact_submission_number_only,2026-07-31,https://www.fda.gov/medical-devices/software-medical-device-samd/artificial-intelligence-enabled-medical-devices
K233738,510(k),2024-03-04,2024,Q1,Overjet Caries Assist-Pediatric,"Overjet, Inc",Radiology,MYN,1,Overjet Caries Assist-Pediatric,"Overjet, Inc.",2023-11-22,103,SESE,Substantially Equivalent,Traditional,N,,,,1,"Analyzer, Medical Image",2,892.2070,RA,Radiology,RA,N,N,N,N,Eligible,0,0,0,0,,,,0,exact_submission_number_only,2026-07-31,https://www.fda.gov/medical-devices/software-medical-device-samd/artificial-intelligence-enabled-medical-devices
K231690,510(k),2024-03-01,2024,Q1,iCAS-LV,HighRAD Ltd.,Radiology,QIH,1,iCAS-LV,"Highrad , Ltd.",2023-06-09,266,SESE,Substantially Equivalent,Traditional,N,,,,1,Automated Radiological Image Processing Software,2,892.2050,RA,Radiology,RA,N,N,N,N,Ineligible,0,0,0,0,,,,0,exact_submission_number_only,2026-07-31,https://www.fda.gov/medical-devices/software-medical-device-samd/artificial-intelligence-enabled-medical-devices
K233030,510(k),2024-03-01,2024,Q1,BoneMRI,MRIguidance B.V,Radiology,QIH,1,BoneMRI,Mriguidance B.V.,2023-09-25,158,SESE,Substantially Equivalent,Traditional,N,,,,1,Automated Radiological Image Processing Software,2,892.2050,RA,Radiology,RA,N,N,N,N,Ineligible,0,0,0,0,,,,0,exact_submission_number_only,2026-07-31,https://www.fda.gov/medical-devices/software-medical-device-samd/artificial-intelligence-enabled-medical-devices
K231683,510(k),2024-02-29,2024,Q1,inHEART Models,"inHEART, SAS",Radiology,QIH,1,inHEART Models,"Inheart, Sas",2023-06-09,265,SESE,Substantially Equivalent,Traditional,N,,,,1,Automated Radiological Image Processing Software,2,892.2050,RA,Radiology,RA,N,N,N,N,Ineligible,0,0,0,0,,,,0,exact_submission_number_only,2026-07-31,https://www.fda.gov/medical-devices/software-medical-device-samd/artificial-intelligence-enabled-medical-devices
K232765,510(k),2024-02-29,2024,Q1,MAGNETOM Cima.X Fit,"Siemens Medical Solutions USA, Inc.",Radiology,LNH,1,MAGNETOM Cima.X Fit,"Siemens Medical Solutions USA, Inc.",2023-09-08,174,SESE,Substantially Equivalent,Traditional,N,,,,1,"System, Nuclear Magnetic Resonance Imaging",2,892.1000,RA,Radiology,RA,N,N,N,Y,Eligible,0,0,0,0,,,,0,exact_submission_number_only,2026-07-31,https://www.fda.gov/medical-devices/software-medical-device-samd/artificial-intelligence-enabled-medical-devices
K232613,510(k),2024-02-28,2024,Q1,CT Cardiomegaly,"Innolitics, LLC",Radiology,QIH,1,CT Cardiomegaly,"Innolitics, LLC",2023-08-28,184,SESE,Substantially Equivalent,Traditional,N,,,,1,Automated Radiological Image Processing Software,2,892.2050,RA,Radiology,RA,N,N,N,N,Ineligible,0,0,0,0,,,,0,exact_submission_number_only,2026-07-31,https://www.fda.gov/medical-devices/software-medical-device-samd/artificial-intelligence-enabled-medical-devices
K233590,510(k),2024-02-23,2024,Q1,Overjet Charting Assist,"Overjet, Inc",Radiology,QIH,1,Overjet Charting Assist,"Overjet, Inc.",2023-11-08,107,SESE,Substantially Equivalent,Traditional,N,,,,1,Automated Radiological Image Processing Software,2,892.2050,RA,Radiology,RA,N,N,N,N,Ineligible,0,0,0,0,,,,0,exact_submission_number_only,2026-07-31,https://www.fda.gov/medical-devices/software-medical-device-samd/artificial-intelligence-enabled-medical-devices
K233749,510(k),2024-02-22,2024,Q1,Revolution Ascend Sliding,"GE Hangwei Medical Systems Co., Ltd.",Radiology,JAK,1,Revolution Ascend Sliding,"Ge Hangwei Medical Systems Co., Ltd.",2023-11-22,92,SESE,Substantially Equivalent,Special,N,,,,1,"System, X-Ray, Tomography, Computed",2,892.1750,RA,Radiology,RA,N,N,N,Y,Eligible,0,0,0,0,,,,0,exact_submission_number_only,2026-07-31,https://www.fda.gov/medical-devices/software-medical-device-samd/artificial-intelligence-enabled-medical-devices
K232148,510(k),2024-02-21,2024,Q1,X-Guide Surgical Navigation System,"X-Nav Technologies, LLC",Dental,QRY,1,X-Guide Surgical Navigation System,"X-Nav Technologies, LLC",2023-07-19,217,SESE,Substantially Equivalent,Traditional,N,,,,1,Dental Navigation System,2,872.4120,DE,Dental,DE,N,N,N,N,Ineligible,2,1,2,0,2024-03-04,2024-03-04,12.0,1,exact_submission_number_only,2026-07-31,https://www.fda.gov/medical-devices/software-medical-device-samd/artificial-intelligence-enabled-medical-devices
K232915,510(k),2024-02-15,2024,Q1,EpiMonitor,Empatica Srl,Neurology,POS,1,EpiMonitor,Empatica S.r.l.,2023-09-19,149,SESE,Substantially Equivalent,Traditional,N,,,,1,Physiological Signal Based Seizure Monitoring System,2,882.1580,NE,Neurology,NE,N,N,N,N,Eligible,0,0,0,0,,,,0,exact_submission_number_only,2026-07-31,https://www.fda.gov/medical-devices/software-medical-device-samd/artificial-intelligence-enabled-medical-devices
K231855,510(k),2024-02-13,2024,Q1,QOCA® image Smart RT Contouring System,Quanta Computer Inc.,Radiology,QKB,1,QOCA® image Smart RT Contouring System,"Quanta Computer, Inc.",2023-06-23,235,SESE,Substantially Equivalent,Traditional,N,,,,1,Radiological Image Processing Software For Radiation Therapy,2,892.2050,RA,Radiology,RA,N,N,N,N,Ineligible,0,0,0,0,,,,0,exact_submission_number_only,2026-07-31,https://www.fda.gov/medical-devices/software-medical-device-samd/artificial-intelligence-enabled-medical-devices
K233788,510(k),2024-02-13,2024,Q1,"EPIQ Series Diagnostic Ultrasound System, Affiniti Series Diagnostic Ultrasound System",Philips Ultrasound LLC,Radiology,IYN,1,"EPIQ Series Diagnostic Ultrasound System, Affiniti Series Diagnostic Ultrasound System","Philips Ultrasound, LLC",2023-11-28,77,SESE,Substantially Equivalent,Traditional,N,,,,1,"System, Imaging, Pulsed Doppler, Ultrasonic",2,892.1550,RA,Radiology,RA,N,N,N,Y,Eligible,1,1,1,0,2025-07-03,2025-07-03,506.0,1,exact_submission_number_only,2026-07-31,https://www.fda.gov/medical-devices/software-medical-device-samd/artificial-intelligence-enabled-medical-devices
K231355,510(k),2024-02-09,2024,Q1,Aurora,EnsoData,Anesthesiology,MNR,1,Aurora,Ensodata,2023-05-10,275,SESE,Substantially Equivalent,Traditional,N,,,,1,Ventilatory Effort Recorder,2,868.2375,AN,Anesthesiology,AN,N,N,N,Y,Eligible,0,0,0,0,,,,0,exact_submission_number_only,2026-07-31,https://www.fda.gov/medical-devices/software-medical-device-samd/artificial-intelligence-enabled-medical-devices
K233080,510(k),2024-02-08,2024,Q1,HealthFLD,Nano-X AI Ltd.,Radiology,JAK,1,HealthFLD,"Nano-X AI , Ltd.",2023-09-26,135,SESE,Substantially Equivalent,Traditional,N,,,,1,"System, X-Ray, Tomography, Computed",2,892.1750,RA,Radiology,RA,N,N,N,Y,Eligible,0,0,0,0,,,,0,exact_submission_number_only,2026-07-31,https://www.fda.gov/medical-devices/software-medical-device-samd/artificial-intelligence-enabled-medical-devices
DEN230041,De Novo,2024-02-06,2024,Q1,Sleep Apnea Feature,"Samsung Electronics Co., Ltd",Anesthesiology,QZW,1,Sleep Apnea Feature,"samsung electronics co., ltd.",2023-05-31,251,DENG,Granted,,,,Direct,N,1,Over-The-Counter Device To Assess Risk Of Sleep Apnea,2,868.2378,AN,Anesthesiology,AN,N,N,N,N,Ineligible,0,0,0,0,,,,0,exact_submission_number_only,2026-07-31,https://www.fda.gov/medical-devices/software-medical-device-samd/artificial-intelligence-enabled-medical-devices
K232363,510(k),2024-02-05,2024,Q1,"Viz HDS, Viz Volume Plus, Viz ICH+","Viz.ai, Inc.",Radiology,QIH,1,"Viz HDS, Viz Volume Plus, Viz ICH+","Viz. Ai, Inc.",2023-08-07,182,SESE,Substantially Equivalent,Traditional,N,,,,1,Automated Radiological Image Processing Software,2,892.2050,RA,Radiology,RA,N,N,N,N,Ineligible,0,0,0,0,,,,0,exact_submission_number_only,2026-07-31,https://www.fda.gov/medical-devices/software-medical-device-samd/artificial-intelligence-enabled-medical-devices
DEN210035,De Novo,2024-01-31,2024,Q1,“Genius™ Digital Diagnostics System with the Genius™ Cervical AI algorithm”,Hologic Inc.,Pathology,QYV,1,“Genius™ Digital Diagnostics System with the Genius™ Cervical AI algorithm”,"hologic, inc.",2021-08-27,887,DENG,Granted,,,,Direct,N,1,Digital Cervical Cytology Slide Imaging System With Artificial Intelligence Algorithm,2,864.3900,PA,Pathology,PA,N,N,N,N,Ineligible,0,0,0,0,,,,0,exact_submission_number_only,2026-07-31,https://www.fda.gov/medical-devices/software-medical-device-samd/artificial-intelligence-enabled-medical-devices
K231396,510(k),2024-01-31,2024,Q1,CEPHX- Cephalometric Analysis Software,Orca Dental AI LTD,Radiology,LLZ,1,CEPHX- Cephalometric Analysis Software,"Orca Dental AI , Ltd.",2023-05-15,261,SESE,Substantially Equivalent,Traditional,N,,,,1,"System, Image Processing, Radiological",2,892.2050,RA,Radiology,RA,N,N,N,Y,Eligible,0,0,0,0,,,,0,exact_submission_number_only,2026-07-31,https://www.fda.gov/medical-devices/software-medical-device-samd/artificial-intelligence-enabled-medical-devices
K233195,510(k),2024-01-24,2024,Q1,"Aplio i900, Aplio i800 and Aplio i700 Software V8.1 Diagnostic Ultrasound System",Canon Medical Systems Corporation,Radiology,IYN,1,"Aplio i900, Aplio i800 and Aplio i700 Software V8.1 Diagnostic Ultrasound System",Canon Medical Systems Corporation,2023-09-28,118,SESE,Substantially Equivalent,Traditional,N,,,,1,"System, Imaging, Pulsed Doppler, Ultrasonic",2,892.1550,RA,Radiology,RA,N,N,N,Y,Eligible,0,0,0,0,,,,0,exact_submission_number_only,2026-07-31,https://www.fda.gov/medical-devices/software-medical-device-samd/artificial-intelligence-enabled-medical-devices
K232156,510(k),2024-01-19,2024,Q1,Rapid ASPECTS (v3),"iSchemaView, Inc.",Radiology,POK,1,Rapid ASPECTS (v3),"Ischemaview, Inc.",2023-07-20,183,SESE,Substantially Equivalent,Traditional,N,,,,1,Computer-Assisted Diagnostic Software For Lesions Suspicious For Cancer,2,892.2060,RA,Radiology,RA,N,N,N,N,Eligible,0,0,0,0,,,,0,exact_submission_number_only,2026-07-31,https://www.fda.gov/medical-devices/software-medical-device-samd/artificial-intelligence-enabled-medical-devices
K233728,510(k),2024-01-19,2024,Q1,SIGNA Champion,GE Healthcare (Tianjin) Company Limited,Radiology,LNH,1,SIGNA Champion,Ge Healthcare (Tianjin) Company Limited,2023-11-21,59,SESE,Substantially Equivalent,Traditional,N,,,,1,"System, Nuclear Magnetic Resonance Imaging",2,892.1000,RA,Radiology,RA,N,N,N,Y,Eligible,0,0,0,0,,,,0,exact_submission_number_only,2026-07-31,https://www.fda.gov/medical-devices/software-medical-device-samd/artificial-intelligence-enabled-medical-devices
K232698,510(k),2024-01-18,2024,Q1,NemoScan,Software Nemotec S.L.,Radiology,QIH,1,NemoScan,Software Nemotec S.L.,2023-09-05,135,SESE,Substantially Equivalent,Traditional,N,,,,1,Automated Radiological Image Processing Software,2,892.2050,RA,Radiology,RA,N,N,N,N,Ineligible,0,0,0,0,,,,0,exact_submission_number_only,2026-07-31,https://www.fda.gov/medical-devices/software-medical-device-samd/artificial-intelligence-enabled-medical-devices
K231871,510(k),2024-01-17,2024,Q1,Radify Triage,Envisionit DeepAI Ltd,Radiology,QFM,1,Radify Triage,"Envisionit Deepai, Ltd.",2023-06-26,205,SESE,Substantially Equivalent,Abbreviated,N,,,,1,Radiological Computer-Assisted Prioritization Software For Lesions,2,892.2080,RA,Radiology,RA,N,N,N,N,Ineligible,0,0,0,0,,,,0,exact_submission_number_only,2026-07-31,https://www.fda.gov/medical-devices/software-medical-device-samd/artificial-intelligence-enabled-medical-devices
K233512,510(k),2024-01-16,2024,Q1,Rapid (6.0),"iSchemaView, Inc.",Radiology,QIH,1,Rapid (6.0),"Ischemaview, Inc.",2023-11-01,76,SESE,Substantially Equivalent,Special,N,,,,1,Automated Radiological Image Processing Software,2,892.2050,RA,Radiology,RA,N,N,N,N,Ineligible,0,0,0,0,,,,0,exact_submission_number_only,2026-07-31,https://www.fda.gov/medical-devices/software-medical-device-samd/artificial-intelligence-enabled-medical-devices
K233216,510(k),2024-01-13,2024,Q1,CLEWICU System,Clew Medical Ltd.,Cardiovascular,QNL,1,CLEWICU System,"Clew Medical , Ltd.",2023-09-28,107,SESE,Substantially Equivalent,Traditional,N,,,,1,Medium-Term Adjunctive Predictive Cardiovascular Indicator,2,870.2210,CV,Cardiovascular,CV,N,N,N,N,Ineligible,0,0,0,0,,,,0,exact_submission_number_only,2026-07-31,https://www.fda.gov/medical-devices/software-medical-device-samd/artificial-intelligence-enabled-medical-devices
DEN220040,De Novo,2024-01-12,2024,Q1,Fibresolve,"Imvaria, Inc",Radiology,QWO,1,Fibresolve,"imvaria, inc.",2022-06-29,562,DENG,Granted,,,,Direct,N,1,Radiology Software For Referral Of Findings Related To Fibrotic Lung Disease.,2,892.2085,RA,Radiology,RA,N,N,N,N,Ineligible,0,0,0,0,,,,0,exact_submission_number_only,2026-07-31,https://www.fda.gov/medical-devices/software-medical-device-samd/artificial-intelligence-enabled-medical-devices
DEN230008,De Novo,2024-01-12,2024,Q1,DermaSensor,DermaSensor Inc.,General and Plastic Surgery,QZS,1,DermaSensor,"dermasensor, inc.",2023-02-02,344,DENG,Granted,,,,Direct,N,1,Software-Aided Adjunctive Diagnostic Device For Use By Physicians On Lesions Suspicious For Skin Cancer,2,878.1830,SU,"General, Plastic Surgery",SU,N,N,N,N,Ineligible,0,0,0,0,,,,0,exact_submission_number_only,2026-07-31,https://www.fda.gov/medical-devices/software-medical-device-samd/artificial-intelligence-enabled-medical-devices
K233677,510(k),2024-01-12,2024,Q1,Biograph VK10,"Siemens Medical Solutions USA, Inc.",Radiology,KPS,1,Biograph VK10,"Siemens Medical Solutions USA, Inc.",2023-11-16,57,SESE,Substantially Equivalent,Traditional,N,,,,1,"System, Tomography, Computed, Emission",2,892.1200,RA,Radiology,RA,N,N,N,Y,Eligible,0,0,0,0,,,,0,exact_submission_number_only,2026-07-31,https://www.fda.gov/medical-devices/software-medical-device-samd/artificial-intelligence-enabled-medical-devices
K233964,510(k),2024-01-12,2024,Q1,GI Genius™ Module 100 (GGM100.US); GI Genius™ Module 200 (GGM200.US); ColonPRO™ 4.0 (CPRO40.US),Cosmo Artificial Intelligence - AI Ltd,Gastroenterology-Urology,QNP,1,GI Genius™ Module 100 (GGM100.US); GI Genius™ Module 200 (GGM200.US); ColonPRO™ 4.0 (CPRO40.US),"Cosmo Artificial Intelligence - Ai, Ltd.",2023-12-15,28,SESE,Substantially Equivalent,Special,N,,,,1,Gastrointesinal Lesion Software Detection System,2,876.1520,GU,"Gastroenterology, Urology",GU,N,N,N,N,Ineligible,0,0,0,0,,,,0,exact_submission_number_only,2026-07-31,https://www.fda.gov/medical-devices/software-medical-device-samd/artificial-intelligence-enabled-medical-devices
DEN220066,De Novo,2024-01-11,2024,Q1,BrainSee,"Darmiyan, Inc.",Neurology,QWT,1,BrainSee,"darmiyan, inc.",2022-09-29,469,DENG,Granted,,,,Direct,N,1,Prognostic Assessment Software Of Mild Cognitive Impairment,2,882.1454,NE,Neurology,NE,N,N,N,N,Ineligible,0,0,0,0,,,,0,exact_submission_number_only,2026-07-31,https://www.fda.gov/medical-devices/software-medical-device-samd/artificial-intelligence-enabled-medical-devices
K232250,510(k),2024-01-11,2024,Q1,SurgiCount+ System,Stryker Instruments,General Hospital,PBZ,1,SurgiCount+ System,Stryker Instruments,2023-07-28,167,SESE,Substantially Equivalent,Traditional,N,,,,1,Image Processing Device For Estimation Of External Blood Loss,2,880.2750,HO,General Hospital,SU,N,N,N,N,Eligible,0,0,0,0,,,,0,exact_submission_number_only,2026-07-31,https://www.fda.gov/medical-devices/software-medical-device-samd/artificial-intelligence-enabled-medical-devices
K231324,510(k),2024-01-08,2024,Q1,DASI Dimensions (V1.0),DASI Simulations,Radiology,QIH,1,DASI Dimensions (V1.0),Dasi Simulations,2023-05-08,245,SESE,Substantially Equivalent,Traditional,N,,,,1,Automated Radiological Image Processing Software,2,892.2050,RA,Radiology,RA,N,N,N,N,Ineligible,0,0,0,0,,,,0,exact_submission_number_only,2026-07-31,https://www.fda.gov/medical-devices/software-medical-device-samd/artificial-intelligence-enabled-medical-devices
K232412,510(k),2024-01-08,2024,Q1,LungQ v3.0.0,Thirona BV,Radiology,JAK,1,LungQ v3.0.0,Thirona BV,2023-08-10,151,SESE,Substantially Equivalent,Traditional,N,,,,1,"System, X-Ray, Tomography, Computed",2,892.1750,RA,Radiology,RA,N,N,N,Y,Eligible,0,0,0,0,,,,0,exact_submission_number_only,2026-07-31,https://www.fda.gov/medical-devices/software-medical-device-samd/artificial-intelligence-enabled-medical-devices
K231068,510(k),2024-01-07,2024,Q1,autoSCORE,Holberg EEG AS,Neurology,OMB,1,autoSCORE,Holberg Eeg AS,2023-04-14,268,SESE,Substantially Equivalent,Traditional,N,,,,1,Automatic Event Detection Software For Full-Montage Electroencephalograph,2,882.1400,NE,Neurology,NE,N,N,N,N,Eligible,0,0,0,0,,,,0,exact_submission_number_only,2026-07-31,https://www.fda.gov/medical-devices/software-medical-device-samd/artificial-intelligence-enabled-medical-devices
K231917,510(k),2024-01-05,2024,Q1,VEA Align,EOS imaging,Radiology,QIH,1,VEA Align,Eos Imaging,2023-06-29,190,SESE,Substantially Equivalent,Traditional,N,,,,1,Automated Radiological Image Processing Software,2,892.2050,RA,Radiology,RA,N,N,N,N,Ineligible,0,0,0,0,,,,0,exact_submission_number_only,2026-07-31,https://www.fda.gov/medical-devices/software-medical-device-samd/artificial-intelligence-enabled-medical-devices
K232808,510(k),2024-01-04,2024,Q1,Butterfly iQ3 Ultrasound System,"Butterfly Network, Inc.",Radiology,IYN,1,Butterfly iQ3 Ultrasound System,"Butterfly Network, Inc.",2023-09-12,114,SESE,Substantially Equivalent,Traditional,N,,,,1,"System, Imaging, Pulsed Doppler, Ultrasonic",2,892.1550,RA,Radiology,RA,N,N,N,Y,Eligible,0,0,0,0,,,,0,exact_submission_number_only,2026-07-31,https://www.fda.gov/medical-devices/software-medical-device-samd/artificial-intelligence-enabled-medical-devices
K231779,510(k),2024-01-03,2024,Q1,REMI AI Discrete Detection Module,"Epitel, Inc.",Neurology,OMB,1,REMI AI Discrete Detection Module,"Epitel, Inc.",2023-06-16,201,SESE,Substantially Equivalent,Traditional,N,,,,1,Automatic Event Detection Software For Full-Montage Electroencephalograph,2,882.1400,NE,Neurology,NE,N,N,N,N,Eligible,0,0,0,0,,,,0,exact_submission_number_only,2026-07-31,https://www.fda.gov/medical-devices/software-medical-device-samd/artificial-intelligence-enabled-medical-devices
K231130,510(k),2023-12-26,2023,Q4,TumorSight Viz,"SimBioSys, Inc.",Radiology,QIH,1,TumorSight Viz,"SimBioSys, Inc.",2023-04-20,250,SESE,Substantially Equivalent,Traditional,N,,,,1,Automated Radiological Image Processing Software,2,892.2050,RA,Radiology,RA,N,N,N,N,Ineligible,0,0,0,0,,,,0,exact_submission_number_only,2026-07-31,https://www.fda.gov/medical-devices/software-medical-device-samd/artificial-intelligence-enabled-medical-devices
K231805,510(k),2023-12-22,2023,Q4,qXR-LN,Qure.ai Technologies,Radiology,MYN,1,qXR-LN,Qure.Ai Technologies,2023-06-20,185,SESE,Substantially Equivalent,Traditional,N,,,,1,"Analyzer, Medical Image",2,892.2070,RA,Radiology,RA,N,N,N,N,Eligible,0,0,0,0,,,,0,exact_submission_number_only,2026-07-31,https://www.fda.gov/medical-devices/software-medical-device-samd/artificial-intelligence-enabled-medical-devices
K232479,510(k),2023-12-22,2023,Q4,ART-Plan,TheraPanacea,Radiology,MUJ,1,ART-Plan,Therapanacea,2023-08-16,128,SESE,Substantially Equivalent,Traditional,N,,,,1,"System, Planning, Radiation Therapy Treatment",2,892.5050,RA,Radiology,RA,N,N,N,N,Eligible,0,0,0,0,,,,0,exact_submission_number_only,2026-07-31,https://www.fda.gov/medical-devices/software-medical-device-samd/artificial-intelligence-enabled-medical-devices
K232535,510(k),2023-12-22,2023,Q4,MAGNETOM Sola; MAGNETOM Altea,"Siemens Medical Solutions USA, Inc.",Radiology,LNH,1,MAGNETOM Sola; MAGNETOM Altea,"Siemens Medical Solutions USA, Inc.",2023-08-21,123,SESE,Substantially Equivalent,Traditional,N,,,,1,"System, Nuclear Magnetic Resonance Imaging",2,892.1000,RA,Radiology,RA,N,N,N,Y,Eligible,0,0,0,0,,,,0,exact_submission_number_only,2026-07-31,https://www.fda.gov/medical-devices/software-medical-device-samd/artificial-intelligence-enabled-medical-devices
K233112,510(k),2023-12-21,2023,Q4,HM70 EVO Diagnostic Ultrasound System,"Samsung Medison CO., LTD.",Radiology,IYN,1,HM70 EVO Diagnostic Ultrasound System,"Samsung Medison Co., Ltd.",2023-09-27,85,SESE,Substantially Equivalent,Traditional,N,,,,1,"System, Imaging, Pulsed Doppler, Ultrasonic",2,892.1550,RA,Radiology,RA,N,N,N,Y,Eligible,0,0,0,0,,,,0,exact_submission_number_only,2026-07-31,https://www.fda.gov/medical-devices/software-medical-device-samd/artificial-intelligence-enabled-medical-devices
K230850,510(k),2023-12-20,2023,Q4,United Orthopedic Knee Patient Specific Instrumentation,"Enhatch, Inc.",Orthopedic,OOG,1,United Orthopedic Knee Patient Specific Instrumentation,"Enhatch, Inc.",2023-03-28,267,SESE,Substantially Equivalent,Traditional,N,,,,1,Knee Arthroplasty Implantation System,2,888.3560,OR,Orthopedic,OR,N,N,N,N,Eligible,0,0,0,0,,,,0,exact_submission_number_only,2026-07-31,https://www.fda.gov/medical-devices/software-medical-device-samd/artificial-intelligence-enabled-medical-devices
K233176,510(k),2023-12-20,2023,Q4,uOmnispace.MI,"Shanghai United Imaging Healthcare Co., Ltd.",Radiology,LLZ,1,uOmnispace.MI,"Shanghai United Imaging Healthcare Co., Ltd.",2023-09-28,83,SESE,Substantially Equivalent,Traditional,N,,,,1,"System, Image Processing, Radiological",2,892.2050,RA,Radiology,RA,N,N,N,Y,Eligible,0,0,0,0,,,,0,exact_submission_number_only,2026-07-31,https://www.fda.gov/medical-devices/software-medical-device-samd/artificial-intelligence-enabled-medical-devices
K231587,510(k),2023-12-18,2023,Q4,MAGNETOM Cima.X,"Siemens Medical Solutions USA, Inc.",Radiology,LNH,1,MAGNETOM Cima.X,"Siemens Medical Solutions USA, Inc.",2023-05-31,201,SESE,Substantially Equivalent,Traditional,N,,,,1,"System, Nuclear Magnetic Resonance Imaging",2,892.1000,RA,Radiology,RA,N,N,N,Y,Eligible,1,1,1,0,2025-10-01,2025-10-01,653.0,1,exact_submission_number_only,2026-07-31,https://www.fda.gov/medical-devices/software-medical-device-samd/artificial-intelligence-enabled-medical-devices
K231929,510(k),2023-12-18,2023,Q4,iQ-solutions,Sydney Neuroimaging Analysis Centre Pty Ltd,Radiology,QIH,1,iQ-solutions,"Sydney Neuroimaging Analysis Centre Pty, Ltd.",2023-06-30,171,SESE,Substantially Equivalent,Traditional,N,,,,1,Automated Radiological Image Processing Software,2,892.2050,RA,Radiology,RA,N,N,N,N,Ineligible,0,0,0,0,,,,0,exact_submission_number_only,2026-07-31,https://www.fda.gov/medical-devices/software-medical-device-samd/artificial-intelligence-enabled-medical-devices
K230751,510(k),2023-12-15,2023,Q4,EW10-EC02 Endoscopy Support Program,FUJIFILM Corporation,Gastroenterology-Urology,QNP,1,EW10-EC02 Endoscopy Support Program,Fujifilm Corporation,2023-03-17,273,SESE,Substantially Equivalent,Traditional,N,,,,1,Gastrointesinal Lesion Software Detection System,2,876.1520,GU,"Gastroenterology, Urology",GU,N,N,N,N,Ineligible,0,0,0,0,,,,0,exact_submission_number_only,2026-07-31,https://www.fda.gov/medical-devices/software-medical-device-samd/artificial-intelligence-enabled-medical-devices
K232384,510(k),2023-12-15,2023,Q4,Videa Dental Assist,"VideaHealth, Inc.",Radiology,MYN,1,Videa Dental Assist,"Videahealth, Inc.",2023-08-08,129,SESE,Substantially Equivalent,Traditional,N,,,,1,"Analyzer, Medical Image",2,892.2070,RA,Radiology,RA,N,N,N,N,Eligible,0,0,0,0,,,,0,exact_submission_number_only,2026-07-31,https://www.fda.gov/medical-devices/software-medical-device-samd/artificial-intelligence-enabled-medical-devices
K231570,510(k),2023-12-14,2023,Q4,StrokeViewer Perfusion,NICo-Lab B.V.,Radiology,LLZ,1,StrokeViewer Perfusion,Nico-Lab B.V.,2023-05-31,197,SESE,Substantially Equivalent,Traditional,N,,,,1,"System, Image Processing, Radiological",2,892.2050,RA,Radiology,RA,N,N,N,Y,Eligible,0,0,0,0,,,,0,exact_submission_number_only,2026-07-31,https://www.fda.gov/medical-devices/software-medical-device-samd/artificial-intelligence-enabled-medical-devices
K232231,510(k),2023-12-13,2023,Q4,QP-Brain®,Quibim S.L.,Radiology,QIH,1,QP-Brain®,Quibim S.L.,2023-07-27,139,SESE,Substantially Equivalent,Traditional,N,,,,1,Automated Radiological Image Processing Software,2,892.2050,RA,Radiology,RA,N,N,N,N,Ineligible,0,0,0,0,,,,0,exact_submission_number_only,2026-07-31,https://www.fda.gov/medical-devices/software-medical-device-samd/artificial-intelligence-enabled-medical-devices
K232237,510(k),2023-12-13,2023,Q4,Tyto Insights for Wheeze Detection,Tyto Care Ltd.,Anesthesiology,PHZ,1,Tyto Insights for Wheeze Detection,"Tyto Care , Ltd.",2023-07-28,138,SESE,Substantially Equivalent,Traditional,N,,,,1,Abnormal Breath Sound Device,2,868.1900,AN,Anesthesiology,AN,N,N,N,Y,Eligible,0,0,0,0,,,,0,exact_submission_number_only,2026-07-31,https://www.fda.gov/medical-devices/software-medical-device-samd/artificial-intelligence-enabled-medical-devices
DEN230027,De Novo,2023-12-12,2023,Q4,NaviCam ProScan,"Ankon Technologies co., ltd",Gastroenterology-Urology,QZF,1,NaviCam ProScan,"ankon technologies co., ltd.",2023-04-14,242,DENG,Granted,,,,Direct,N,1,Gastrointestinal Capsule Endoscopy Analysis Software Device,2,876.1540,GU,"Gastroenterology, Urology",GU,N,N,N,N,Ineligible,0,0,0,0,,,,0,exact_submission_number_only,2026-07-31,https://www.fda.gov/medical-devices/software-medical-device-samd/artificial-intelligence-enabled-medical-devices
K232096,510(k),2023-12-11,2023,Q4,Transpara Density 1.0.0,Screenpoint Medical B.V.,Radiology,QIH,1,Transpara Density 1.0.0,Screenpoint Medical B.V.,2023-07-13,151,SESE,Substantially Equivalent,Traditional,N,,,,1,Automated Radiological Image Processing Software,2,892.2050,RA,Radiology,RA,N,N,N,N,Ineligible,0,0,0,0,,,,0,exact_submission_number_only,2026-07-31,https://www.fda.gov/medical-devices/software-medical-device-samd/artificial-intelligence-enabled-medical-devices
K223757,510(k),2023-12-08,2023,Q4,Bonelogic,Disior Ltd,Radiology,LLZ,1,Bonelogic,"Disior, Ltd.",2022-12-15,358,SESE,Substantially Equivalent,Traditional,N,,,,1,"System, Image Processing, Radiological",2,892.2050,RA,Radiology,RA,N,N,N,Y,Eligible,0,0,0,0,,,,0,exact_submission_number_only,2026-07-31,https://www.fda.gov/medical-devices/software-medical-device-samd/artificial-intelligence-enabled-medical-devices
K231898,510(k),2023-12-08,2023,Q4,DTX Studio Clinic (4.0),Nobel Biocare AB,Radiology,LLZ,1,DTX Studio Clinic (4.0),Nobel Biocare AB,2023-06-28,163,SESE,Substantially Equivalent,Traditional,N,,,,1,"System, Image Processing, Radiological",2,892.2050,RA,Radiology,RA,N,N,N,Y,Eligible,0,0,0,0,,,,0,exact_submission_number_only,2026-07-31,https://www.fda.gov/medical-devices/software-medical-device-samd/artificial-intelligence-enabled-medical-devices
K232381,510(k),2023-12-07,2023,Q4,LOGIQ Totus,"GE Medical Systems Ultrasound and Primary care Diagnostics,",Radiology,IYN,1,LOGIQ Totus,GE Medical Systems Ultrasound and Primary Care Diagnostics,2023-08-08,121,SESE,Substantially Equivalent,Traditional,N,,,,1,"System, Imaging, Pulsed Doppler, Ultrasonic",2,892.1550,RA,Radiology,RA,N,N,N,Y,Eligible,0,0,0,0,,,,0,exact_submission_number_only,2026-07-31,https://www.fda.gov/medical-devices/software-medical-device-samd/artificial-intelligence-enabled-medical-devices
K232661,510(k),2023-12-07,2023,Q4,Myocardial Strain Software Application,Circle Cardiovascular Imaging,Radiology,LLZ,1,Myocardial Strain Software Application,Circle Cardiovascular Imaging,2023-08-31,98,SESE,Substantially Equivalent,Traditional,N,,,,1,"System, Image Processing, Radiological",2,892.2050,RA,Radiology,RA,N,N,N,Y,Eligible,0,0,0,0,,,,0,exact_submission_number_only,2026-07-31,https://www.fda.gov/medical-devices/software-medical-device-samd/artificial-intelligence-enabled-medical-devices
K233334,510(k),2023-12-06,2023,Q4,Aquilion Serve SP (TSX-307B/1) V1.3,Canon Medical Systems Corporation,Radiology,JAK,1,Aquilion Serve SP (TSX-307B/1) V1.3,Canon Medical Systems Corporation,2023-09-29,68,SESE,Substantially Equivalent,Special,N,,,,1,"System, X-Ray, Tomography, Computed",2,892.1750,RA,Radiology,RA,N,N,N,Y,Eligible,0,0,0,0,,,,0,exact_submission_number_only,2026-07-31,https://www.fda.gov/medical-devices/software-medical-device-samd/artificial-intelligence-enabled-medical-devices
K233562,510(k),2023-12-06,2023,Q4,LINQ II Insertable Cardiac Monitor,"Medtronic, Inc.",Cardiovascular,MXD,1,LINQ II Insertable Cardiac Monitor,"Medtronic, Inc.",2023-11-06,30,SESE,Substantially Equivalent,Special,N,,,,1,"Recorder, Event, Implantable Cardiac, (With Arrhythmia Detection)",2,870.1025,CV,Cardiovascular,CV,Y,N,N,N,Eligible,1,1,1,0,2023-11-03,2023-11-03,-33.0,1,exact_submission_number_only,2026-07-31,https://www.fda.gov/medical-devices/software-medical-device-samd/artificial-intelligence-enabled-medical-devices
K232440,510(k),2023-12-05,2023,Q4,Adravision Perio,Adra Corporation,Radiology,QIH,1,Adravision Perio,Adra Corporation,2023-08-14,113,SESE,Substantially Equivalent,Traditional,N,,,,1,Automated Radiological Image Processing Software,2,892.2050,RA,Radiology,RA,N,N,N,N,Ineligible,0,0,0,0,,,,0,exact_submission_number_only,2026-07-31,https://www.fda.gov/medical-devices/software-medical-device-samd/artificial-intelligence-enabled-medical-devices
K233568,510(k),2023-12-05,2023,Q4,Ceevra Reveal 3+,"Ceevra, Inc.",Radiology,QIH,1,Ceevra Reveal 3+,"Ceevra, Inc.",2023-11-06,29,SESE,Substantially Equivalent,Special,N,,,,1,Automated Radiological Image Processing Software,2,892.2050,RA,Radiology,RA,N,N,N,N,Ineligible,0,0,0,0,,,,0,exact_submission_number_only,2026-07-31,https://www.fda.gov/medical-devices/software-medical-device-samd/artificial-intelligence-enabled-medical-devices
K232856,510(k),2023-12-01,2023,Q4,Syngo Carbon Clinicals,Siemens Healthcare GmbH,Radiology,QIH,1,Syngo Carbon Clinicals,Siemens Healthcare GmbH,2023-09-15,77,SESE,Substantially Equivalent,Traditional,N,,,,1,Automated Radiological Image Processing Software,2,892.2050,RA,Radiology,RA,N,N,N,N,Ineligible,0,0,0,0,,,,0,exact_submission_number_only,2026-07-31,https://www.fda.gov/medical-devices/software-medical-device-samd/artificial-intelligence-enabled-medical-devices
K233545,510(k),2023-11-30,2023,Q4,EPIQ Series Diagnostic Ultrasound System,Philips Ultrasound LLC,Radiology,IYN,1,EPIQ Series Diagnostic Ultrasound System,"Philips Ultrasound, LLC",2023-11-03,27,SESE,Substantially Equivalent,Traditional,Y,,,,1,"System, Imaging, Pulsed Doppler, Ultrasonic",2,892.1550,RA,Radiology,RA,N,N,N,Y,Eligible,1,1,1,0,2025-07-03,2025-07-03,581.0,1,exact_submission_number_only,2026-07-31,https://www.fda.gov/medical-devices/software-medical-device-samd/artificial-intelligence-enabled-medical-devices
K230179,510(k),2023-11-29,2023,Q4,6440 MyLabX90,Esaote S.p.A.,Radiology,IYN,1,6440 MyLabX90,"Esaote, S.p.A.",2023-01-23,310,SESE,Substantially Equivalent,Traditional,N,,,,1,"System, Imaging, Pulsed Doppler, Ultrasonic",2,892.1550,RA,Radiology,RA,N,N,N,Y,Eligible,1,1,0,1,2025-03-14,2025-03-14,471.0,1,exact_submission_number_only,2026-07-31,https://www.fda.gov/medical-devices/software-medical-device-samd/artificial-intelligence-enabled-medical-devices
K231631,510(k),2023-11-28,2023,Q4,BriefCase-Quantification,"Aidoc Medical, Ltd.",Radiology,JAK,1,BriefCase-Quantification,"Aidoc Medical , Ltd.",2023-06-05,176,SESE,Substantially Equivalent,Traditional,N,,,,1,"System, X-Ray, Tomography, Computed",2,892.1750,RA,Radiology,RA,N,N,N,Y,Eligible,0,0,0,0,,,,0,exact_submission_number_only,2026-07-31,https://www.fda.gov/medical-devices/software-medical-device-samd/artificial-intelligence-enabled-medical-devices
K232000,510(k),2023-11-28,2023,Q4,syngo.via MI Workflows; Scenium; syngo MBF,"Siemens Medical Solutions USA, Inc.",Radiology,QIH,1,syngo.via MI Workflows; Scenium; syngo MBF,"Siemens Medical Solutions USA, Inc.",2023-07-05,146,SESE,Substantially Equivalent,Traditional,N,,,,1,Automated Radiological Image Processing Software,2,892.2050,RA,Radiology,RA,N,N,N,N,Ineligible,0,0,0,0,,,,0,exact_submission_number_only,2026-07-31,https://www.fda.gov/medical-devices/software-medical-device-samd/artificial-intelligence-enabled-medical-devices
K233243,510(k),2023-11-27,2023,Q4,ClearPoint System (Software Version 2.2),ClearPoint Neuro Inc.,Neurology,HAW,1,ClearPoint System (Software Version 2.2),"ClearPoint Neuro, Inc.",2023-09-28,60,SESE,Substantially Equivalent,Traditional,N,,,,1,Neurological Stereotaxic Instrument,2,882.4560,NE,Neurology,NE,N,N,N,N,Ineligible,0,0,0,0,,,,0,exact_submission_number_only,2026-07-31,https://www.fda.gov/medical-devices/software-medical-device-samd/artificial-intelligence-enabled-medical-devices
K232496,510(k),2023-11-21,2023,Q4,Brainomix 360 Triage Stroke,Brainomix Limited,Radiology,QAS,1,Brainomix 360 Triage Stroke,Brainomix Limited,2023-08-17,96,SESE,Substantially Equivalent,Traditional,N,,,,1,Radiological Computer-Assisted Triage And Notification Software,2,892.2080,RA,Radiology,RA,N,N,N,N,Ineligible,0,0,0,0,,,,0,exact_submission_number_only,2026-07-31,https://www.fda.gov/medical-devices/software-medical-device-samd/artificial-intelligence-enabled-medical-devices
K232501,510(k),2023-11-17,2023,Q4,AI Platform (AIP001),Exo Inc,Radiology,QIH,1,AI Platform (AIP001),"Exo, Inc.",2023-08-17,92,SESE,Substantially Equivalent,Traditional,N,,,,1,Automated Radiological Image Processing Software,2,892.2050,RA,Radiology,RA,N,N,N,N,Ineligible,0,0,0,0,,,,0,exact_submission_number_only,2026-07-31,https://www.fda.gov/medical-devices/software-medical-device-samd/artificial-intelligence-enabled-medical-devices
K232841,510(k),2023-11-15,2023,Q4,Axial3D Insight,Axial Medical Printing Limited,Radiology,QIH,1,Axial3D Insight,Axial Medical Printing Limited,2023-09-14,62,SESE,Substantially Equivalent,Special,N,,,,1,Automated Radiological Image Processing Software,2,892.2050,RA,Radiology,RA,N,N,N,N,Ineligible,0,0,0,0,,,,0,exact_submission_number_only,2026-07-31,https://www.fda.gov/medical-devices/software-medical-device-samd/artificial-intelligence-enabled-medical-devices
K232494,510(k),2023-11-14,2023,Q4,MAGNETOM Avanto fit; MAGNETOM Skyra fit,"Siemens Medical Solutions USA, Inc.",Radiology,LNH,1,MAGNETOM Avanto fit; MAGNETOM Skyra fit,"Siemens Medical Solutions USA, Inc.",2023-08-17,89,SESE,Substantially Equivalent,Traditional,N,,,,1,"System, Nuclear Magnetic Resonance Imaging",2,892.1000,RA,Radiology,RA,N,N,N,Y,Eligible,1,1,1,0,2025-08-28,2025-08-28,653.0,1,exact_submission_number_only,2026-07-31,https://www.fda.gov/medical-devices/software-medical-device-samd/artificial-intelligence-enabled-medical-devices
K232083,510(k),2023-11-13,2023,Q4,BriefCase-Quantification,"Aidoc Medical, Ltd.",Radiology,QIH,1,BriefCase-Quantification,"Aidoc Medical , Ltd.",2023-07-13,123,SESE,Substantially Equivalent,Traditional,N,,,,1,Automated Radiological Image Processing Software,2,892.2050,RA,Radiology,RA,N,N,N,N,Ineligible,0,0,0,0,,,,0,exact_submission_number_only,2026-07-31,https://www.fda.gov/medical-devices/software-medical-device-samd/artificial-intelligence-enabled-medical-devices
K232257,510(k),2023-11-13,2023,Q4,Clarius Bladder AI,Clarius Mobile Health Corp.,Radiology,QIH,1,Clarius Bladder AI,Clarius Mobile Health Corp.,2023-07-28,108,SESE,Substantially Equivalent,Traditional,N,,,,1,Automated Radiological Image Processing Software,2,892.2050,RA,Radiology,RA,N,N,N,N,Ineligible,0,0,0,0,,,,0,exact_submission_number_only,2026-07-31,https://www.fda.gov/medical-devices/software-medical-device-samd/artificial-intelligence-enabled-medical-devices
K223754,510(k),2023-11-09,2023,Q4,BraveCX,Bering Ltd,Radiology,QFM,1,BraveCX,"Bering, Ltd.",2022-12-15,329,SESE,Substantially Equivalent,Traditional,N,,,,1,Radiological Computer-Assisted Prioritization Software For Lesions,2,892.2080,RA,Radiology,RA,N,N,N,N,Ineligible,0,0,0,0,,,,0,exact_submission_number_only,2026-07-31,https://www.fda.gov/medical-devices/software-medical-device-samd/artificial-intelligence-enabled-medical-devices
K231617,510(k),2023-11-09,2023,Q4,MAGNETOM Free.Max; MAGNETOM Free.Star,"Siemens Medical Solutions USA, Inc.",Radiology,LNH,1,MAGNETOM Free.Max; MAGNETOM Free.Star,"Siemens Medical Solutions USA, Inc.",2023-06-02,160,SESE,Substantially Equivalent,Traditional,N,,,,1,"System, Nuclear Magnetic Resonance Imaging",2,892.1000,RA,Radiology,RA,N,N,N,Y,Eligible,0,0,0,0,,,,0,exact_submission_number_only,2026-07-31,https://www.fda.gov/medical-devices/software-medical-device-samd/artificial-intelligence-enabled-medical-devices
K230534,510(k),2023-11-08,2023,Q4,BriefCase-Quantification,"Aidoc Medical, Ltd.",Radiology,QIH,1,BriefCase-Quantification,"Aidoc Medical , Ltd.",2023-02-27,254,SESE,Substantially Equivalent,Traditional,N,,,,1,Automated Radiological Image Processing Software,2,892.2050,RA,Radiology,RA,N,N,N,N,Ineligible,0,0,0,0,,,,0,exact_submission_number_only,2026-07-31,https://www.fda.gov/medical-devices/software-medical-device-samd/artificial-intelligence-enabled-medical-devices
K231765,510(k),2023-11-08,2023,Q4,Contour ProtégéAI,MIM Software Inc.,Radiology,QKB,1,Contour ProtégéAI,"Mim Software, Inc.",2023-06-16,145,SESE,Substantially Equivalent,Special,N,,,,1,Radiological Image Processing Software For Radiation Therapy,2,892.2050,RA,Radiology,RA,N,N,N,N,Ineligible,0,0,0,0,,,,0,exact_submission_number_only,2026-07-31,https://www.fda.gov/medical-devices/software-medical-device-samd/artificial-intelligence-enabled-medical-devices
K231966,510(k),2023-11-07,2023,Q4,LOGIQ E10,"GE Medical Systems Ultrasound and Primary care Diagnostics,",Radiology,IYN,1,LOGIQ E10,GE Medical Systems Ultrasound and Primary Care Diagnostics,2023-07-03,127,SESE,Substantially Equivalent,Traditional,N,,,,1,"System, Imaging, Pulsed Doppler, Ultrasonic",2,892.1550,RA,Radiology,RA,N,N,N,Y,Eligible,0,0,0,0,,,,0,exact_submission_number_only,2026-07-31,https://www.fda.gov/medical-devices/software-medical-device-samd/artificial-intelligence-enabled-medical-devices
K231989,510(k),2023-11-07,2023,Q4,"LOGIQ E10s, LOGIQ Fortis","GE Medical Systems Ultrasound and Primary Care Diagnostic,",Radiology,IYN,1,"LOGIQ E10s, LOGIQ Fortis","Ge Medical Systems Ultrasound and Primary Care Diagnostic,",2023-07-05,125,SESE,Substantially Equivalent,Traditional,N,,,,1,"System, Imaging, Pulsed Doppler, Ultrasonic",2,892.1550,RA,Radiology,RA,N,N,N,Y,Eligible,0,0,0,0,,,,0,exact_submission_number_only,2026-07-31,https://www.fda.gov/medical-devices/software-medical-device-samd/artificial-intelligence-enabled-medical-devices
K231470,510(k),2023-11-06,2023,Q4,Lunit INSIGHT DBT,Lunit Inc.,Radiology,QDQ,1,Lunit INSIGHT DBT,"Lunit, Inc.",2023-05-22,168,SESE,Substantially Equivalent,Traditional,N,,,,1,Radiological Computer Assisted Detection/Diagnosis Software For Lesions Suspicious For Cancer,2,892.2090,RA,Radiology,RA,N,N,N,N,Ineligible,0,0,0,0,,,,0,exact_submission_number_only,2026-07-31,https://www.fda.gov/medical-devices/software-medical-device-samd/artificial-intelligence-enabled-medical-devices
K231955,510(k),2023-11-03,2023,Q4,aprevo® Digital Segmentation,"Carlsmed, Inc.",Radiology,QIH,1,aprevo® Digital Segmentation,"Carlsmed, Inc.",2023-07-03,123,SESE,Substantially Equivalent,Traditional,N,,,,1,Automated Radiological Image Processing Software,2,892.2050,RA,Radiology,RA,N,N,N,N,Ineligible,0,0,0,0,,,,0,exact_submission_number_only,2026-07-31,https://www.fda.gov/medical-devices/software-medical-device-samd/artificial-intelligence-enabled-medical-devices
K231965,510(k),2023-10-30,2023,Q4,"Voluson Expert 22, Voluson Expert 20, Voluson Expert 18","GE Medical Systems Ultrasound and Primary Care Diagnostics,",Radiology,IYN,1,"Voluson Expert 22, Voluson Expert 20, Voluson Expert 18",GE Medical Systems Ultrasound and Primary Care Diagnostics,2023-07-03,119,SESE,Substantially Equivalent,Traditional,N,,,,1,"System, Imaging, Pulsed Doppler, Ultrasonic",2,892.1550,RA,Radiology,RA,N,N,N,Y,Eligible,0,0,0,0,,,,0,exact_submission_number_only,2026-07-31,https://www.fda.gov/medical-devices/software-medical-device-samd/artificial-intelligence-enabled-medical-devices
K232145,510(k),2023-10-30,2023,Q4,"ACUSON Sequoia Diagnostic Ultrasound System, ACUSON Sequoia Select Diagnostic Ultrasound System, ACUSON Origin Diagnostic Ultrasound System","Siemens Medical Solutions USA, Inc.",Radiology,IYN,1,"ACUSON Sequoia Diagnostic Ultrasound System, ACUSON Sequoia Select Diagnostic Ultrasound System, ACUSON Origin Diagnostic Ultrasound System","Siemens Medical Solutions USA, Inc.",2023-07-19,103,SESE,Substantially Equivalent,Traditional,N,,,,1,"System, Imaging, Pulsed Doppler, Ultrasonic",2,892.1550,RA,Radiology,RA,N,N,N,Y,Eligible,0,0,0,0,,,,0,exact_submission_number_only,2026-07-31,https://www.fda.gov/medical-devices/software-medical-device-samd/artificial-intelligence-enabled-medical-devices
K232751,510(k),2023-10-30,2023,Q4,BriefCase-Triage,"Aidoc Medical, Ltd.",Radiology,QAS,1,BriefCase-Triage,"Aidoc Medical , Ltd.",2023-09-08,52,SESE,Substantially Equivalent,Traditional,N,,,,1,Radiological Computer-Assisted Triage And Notification Software,2,892.2080,RA,Radiology,RA,N,N,N,N,Ineligible,0,0,0,0,,,,0,exact_submission_number_only,2026-07-31,https://www.fda.gov/medical-devices/software-medical-device-samd/artificial-intelligence-enabled-medical-devices
K230854,510(k),2023-10-27,2023,Q4,SwiftMR,AIRS Medical Inc.,Radiology,LLZ,1,SwiftMR,"Airs Medical, Inc.",2023-03-28,213,SESE,Substantially Equivalent,Traditional,N,,,,1,"System, Image Processing, Radiological",2,892.2050,RA,Radiology,RA,N,N,N,Y,Eligible,0,0,0,0,,,,0,exact_submission_number_only,2026-07-31,https://www.fda.gov/medical-devices/software-medical-device-samd/artificial-intelligence-enabled-medical-devices
K232045,510(k),2023-10-27,2023,Q4,MeVis Liver Suite,MeVis Medical Solutions AG,Radiology,JAK,1,MeVis Liver Suite,MeVis Medical Solutions AG,2023-07-10,109,SESE,Substantially Equivalent,Traditional,N,,,,1,"System, X-Ray, Tomography, Computed",2,892.1750,RA,Radiology,RA,N,N,N,Y,Eligible,0,0,0,0,,,,0,exact_submission_number_only,2026-07-31,https://www.fda.gov/medical-devices/software-medical-device-samd/artificial-intelligence-enabled-medical-devices
K232500,510(k),2023-10-26,2023,Q4,Lumify Diagnostic Ultrasound System,Philips Ultrasound,Radiology,IYN,1,Lumify Diagnostic Ultrasound System,Philips Ultrasound,2023-08-17,70,SESE,Substantially Equivalent,Traditional,N,,,,1,"System, Imaging, Pulsed Doppler, Ultrasonic",2,892.1550,RA,Radiology,RA,N,N,N,Y,Eligible,1,1,1,0,2025-10-31,2025-10-31,736.0,1,exact_submission_number_only,2026-07-31,https://www.fda.gov/medical-devices/software-medical-device-samd/artificial-intelligence-enabled-medical-devices
K230842,510(k),2023-10-25,2023,Q4,SignalHF (IM008),Implicity Inc.,Cardiovascular,QNL,1,SignalHF (IM008),"Implicity, Inc.",2023-03-28,211,SESE,Substantially Equivalent,Traditional,N,,,,1,Medium-Term Adjunctive Predictive Cardiovascular Indicator,2,870.2210,CV,Cardiovascular,CV,N,N,N,N,Ineligible,0,0,0,0,,,,0,exact_submission_number_only,2026-07-31,https://www.fda.gov/medical-devices/software-medical-device-samd/artificial-intelligence-enabled-medical-devices
K232436,510(k),2023-10-25,2023,Q4,Rapid SDH,"iSchemaView, Inc.",Radiology,QAS,1,Rapid SDH,"Ischemaview, Inc.",2023-08-14,72,SESE,Substantially Equivalent,Traditional,N,,,,1,Radiological Computer-Assisted Triage And Notification Software,2,892.2080,RA,Radiology,RA,N,N,N,N,Ineligible,0,0,0,0,,,,0,exact_submission_number_only,2026-07-31,https://www.fda.gov/medical-devices/software-medical-device-samd/artificial-intelligence-enabled-medical-devices
K231560,510(k),2023-10-23,2023,Q4,MAGNETOM Vida; MAGNETOM Lumina; MAGNETOM Aera; MAGNETOM Skyra; MAGNETOM Prisma; MAGNETOM Prisma fit,"Siemens Medical Solutions USA, Inc.",Radiology,LNH,1,MAGNETOM Vida; MAGNETOM Lumina; MAGNETOM Aera; MAGNETOM Skyra; MAGNETOM Prisma; MAGNETOM Prisma fit,"Siemens Medical Solutions USA, Inc.",2023-05-30,146,SESE,Substantially Equivalent,Traditional,N,,,,1,"System, Nuclear Magnetic Resonance Imaging",2,892.1000,RA,Radiology,RA,N,N,N,Y,Eligible,4,1,4,0,2025-08-28,2025-08-28,675.0,1,exact_submission_number_only,2026-07-31,https://www.fda.gov/medical-devices/software-medical-device-samd/artificial-intelligence-enabled-medical-devices
K231764,510(k),2023-10-23,2023,Q4,Ultrasound System 1300,BK Medical Aps,Radiology,IYN,1,Ultrasound System 1300,Bk Medical Aps,2023-06-16,129,SESE,Substantially Equivalent,Traditional,N,,,,1,"System, Imaging, Pulsed Doppler, Ultrasonic",2,892.1550,RA,Radiology,RA,N,N,N,Y,Eligible,1,1,1,0,2025-10-09,2025-10-09,717.0,1,exact_submission_number_only,2026-07-31,https://www.fda.gov/medical-devices/software-medical-device-samd/artificial-intelligence-enabled-medical-devices
K232305,510(k),2023-10-23,2023,Q4,AI-Rad Companion Brain MR,Siemens Medical Solutions U.S.A.,Radiology,QIH,1,AI-Rad Companion Brain MR,Siemens Medical Solutions U.S.A.,2023-08-01,83,SESE,Substantially Equivalent,Traditional,N,,,,1,Automated Radiological Image Processing Software,2,892.2050,RA,Radiology,RA,N,N,N,N,Ineligible,0,0,0,0,,,,0,exact_submission_number_only,2026-07-31,https://www.fda.gov/medical-devices/software-medical-device-samd/artificial-intelligence-enabled-medical-devices
K230209,510(k),2023-10-20,2023,Q4,Sonix Health,"Ontact Health Co., Ltd.",Radiology,QIH,1,Sonix Health,"Ontact Health Co., Ltd.",2023-01-25,268,SESE,Substantially Equivalent,Traditional,N,,,,1,Automated Radiological Image Processing Software,2,892.2050,RA,Radiology,RA,N,N,N,N,Ineligible,0,0,0,0,,,,0,exact_submission_number_only,2026-07-31,https://www.fda.gov/medical-devices/software-medical-device-samd/artificial-intelligence-enabled-medical-devices
K230370,510(k),2023-10-13,2023,Q4,SpotLight/SpotLight Duo (with DLIR option),Arineta Ltd.,Radiology,JAK,1,SpotLight/SpotLight Duo (with DLIR option),"Arineta , Ltd.",2023-02-10,245,SESE,Substantially Equivalent,Traditional,N,,,,1,"System, X-Ray, Tomography, Computed",2,892.1750,RA,Radiology,RA,N,N,N,Y,Eligible,0,0,0,0,,,,0,exact_submission_number_only,2026-07-31,https://www.fda.gov/medical-devices/software-medical-device-samd/artificial-intelligence-enabled-medical-devices
K231642,510(k),2023-10-13,2023,Q4,Veuron-Brain-pAb3,"Heuron Co., Ltd.",Radiology,LLZ,1,Veuron-Brain-pAb3,"Heuron Co., Ltd.",2023-06-05,130,SESE,Substantially Equivalent,Traditional,N,,,,1,"System, Image Processing, Radiological",2,892.2050,RA,Radiology,RA,N,N,N,Y,Eligible,0,0,0,0,,,,0,exact_submission_number_only,2026-07-31,https://www.fda.gov/medical-devices/software-medical-device-samd/artificial-intelligence-enabled-medical-devices
K230220,510(k),2023-10-11,2023,Q4,NeuViz 128 Multi-Slice CT Scanner System,"Neusoft Medical Systems Co., Ltd.",Radiology,JAK,1,NeuViz 128 Multi-Slice CT Scanner System,"Neusoft Medical Systems Co., Ltd.",2023-01-26,258,SESE,Substantially Equivalent,Traditional,N,,,,1,"System, X-Ray, Tomography, Computed",2,892.1750,RA,Radiology,RA,N,N,N,Y,Eligible,0,0,0,0,,,,0,exact_submission_number_only,2026-07-31,https://www.fda.gov/medical-devices/software-medical-device-samd/artificial-intelligence-enabled-medical-devices
K223905,510(k),2023-10-06,2023,Q4,Vivio® LVEDP System,"Avicena, LLC",Cardiovascular,QUO,1,Vivio® LVEDP System,"Avicena, LLC",2022-12-28,282,SESE,Substantially Equivalent,Traditional,N,,,,1,Adjunctive Heart Failure Status Indicator,2,870.2200,CV,Cardiovascular,CV,N,N,N,N,Ineligible,0,0,0,0,,,,0,exact_submission_number_only,2026-07-31,https://www.fda.gov/medical-devices/software-medical-device-samd/artificial-intelligence-enabled-medical-devices
K230144,510(k),2023-10-06,2023,Q4,Denti.AI Detect,"Denti.AI Technology, Inc.",Radiology,MYN,1,Denti.AI Detect,"Denti.Ai Technology, Inc.",2023-01-18,261,SESE,Substantially Equivalent,Traditional,N,,,,1,"Analyzer, Medical Image",2,892.2070,RA,Radiology,RA,N,N,N,N,Eligible,0,0,0,0,,,,0,exact_submission_number_only,2026-07-31,https://www.fda.gov/medical-devices/software-medical-device-samd/artificial-intelligence-enabled-medical-devices
K232760,510(k),2023-10-06,2023,Q4,Swoop® Portable MR Imaging System®,"Hyperfine, Inc.",Radiology,LNH,1,Swoop® Portable MR Imaging System®,"Hyperfine, Inc.",2023-09-08,28,SESE,Substantially Equivalent,Special,N,,,,1,"System, Nuclear Magnetic Resonance Imaging",2,892.1000,RA,Radiology,RA,N,N,N,Y,Eligible,0,0,0,0,,,,0,exact_submission_number_only,2026-07-31,https://www.fda.gov/medical-devices/software-medical-device-samd/artificial-intelligence-enabled-medical-devices
K232787,510(k),2023-10-06,2023,Q4,ScanNav Anatomy Peripheral Nerve Block,Intelligent Ultrasound Limited,Anesthesiology,QRG,1,ScanNav Anatomy Peripheral Nerve Block,Intelligent Ultrasound Limited,2023-09-11,25,SESE,Substantially Equivalent,Special,N,,,,1,Ultrasound Guided Nerve Block Assist,2,868.1980,AN,Anesthesiology,AN,N,N,N,N,Ineligible,0,0,0,0,,,,0,exact_submission_number_only,2026-07-31,https://www.fda.gov/medical-devices/software-medical-device-samd/artificial-intelligence-enabled-medical-devices
K231001,510(k),2023-10-05,2023,Q4,DeepTek CXR Analyzer v1.0,DeepTek Medical Imaging Pvt Ltd,Radiology,MYN,1,DeepTek CXR Analyzer v1.0,"Deeptek Medical Imaging Pvt, Ltd.",2023-04-07,181,SESE,Substantially Equivalent,Traditional,N,,,,1,"Analyzer, Medical Image",2,892.2070,RA,Radiology,RA,N,N,N,N,Eligible,0,0,0,0,,,,0,exact_submission_number_only,2026-07-31,https://www.fda.gov/medical-devices/software-medical-device-samd/artificial-intelligence-enabled-medical-devices
K232367,510(k),2023-10-05,2023,Q4,cmAngio® V1.0,"CureMetrix, Inc.",Radiology,QIH,1,cmAngio® V1.0,"Curemetrix, Inc.",2023-08-08,58,SESE,Substantially Equivalent,Traditional,N,,,,1,Automated Radiological Image Processing Software,2,892.2050,RA,Radiology,RA,N,N,N,N,Ineligible,0,0,0,0,,,,0,exact_submission_number_only,2026-07-31,https://www.fda.gov/medical-devices/software-medical-device-samd/artificial-intelligence-enabled-medical-devices
K232704,510(k),2023-10-05,2023,Q4,Clarius Ultrasound Scanner,Clarius Mobile Health Corp.,Radiology,IYN,1,Clarius Ultrasound Scanner,Clarius Mobile Health Corp.,2023-09-05,30,SESE,Substantially Equivalent,Special,N,,,,1,"System, Imaging, Pulsed Doppler, Ultrasonic",2,892.1550,RA,Radiology,RA,N,N,N,Y,Eligible,0,0,0,0,,,,0,exact_submission_number_only,2026-07-31,https://www.fda.gov/medical-devices/software-medical-device-samd/artificial-intelligence-enabled-medical-devices
K231025,510(k),2023-10-04,2023,Q4,EFAI NeuroSuite CT ICH Assessment System,"Ever Fortune.AI Co., Ltd.",Radiology,QAS,1,EFAI NeuroSuite CT ICH Assessment System,"Ever Fortune.Ai, Co., Ltd.",2023-04-11,176,SESE,Substantially Equivalent,Traditional,N,,,,1,Radiological Computer-Assisted Triage And Notification Software,2,892.2080,RA,Radiology,RA,N,N,N,N,Ineligible,0,0,0,0,,,,0,exact_submission_number_only,2026-07-31,https://www.fda.gov/medical-devices/software-medical-device-samd/artificial-intelligence-enabled-medical-devices
K231398,510(k),2023-10-04,2023,Q4,VUNO Med-DeepBrain,VUNO Inc.,Radiology,QIH,1,VUNO Med-DeepBrain,"Vuno, Inc.",2023-05-15,142,SESE,Substantially Equivalent,Traditional,N,,,,1,Automated Radiological Image Processing Software,2,892.2050,RA,Radiology,RA,N,N,N,N,Ineligible,0,0,0,0,,,,0,exact_submission_number_only,2026-07-31,https://www.fda.gov/medical-devices/software-medical-device-samd/artificial-intelligence-enabled-medical-devices
K232023,510(k),2023-10-04,2023,Q4,Momentum Spine,Momentum Health Inc.,Radiology,LDK,1,Momentum Spine,"Momentum Health, Inc.",2023-07-07,89,SESE,Substantially Equivalent,Traditional,N,,,,1,"Device, Sensing, Optical Contour",U,,,Unknown,PM,N,N,N,N,Eligible,0,0,0,0,,,,0,exact_submission_number_only,2026-07-31,https://www.fda.gov/medical-devices/software-medical-device-samd/artificial-intelligence-enabled-medical-devices
K230085,510(k),2023-10-03,2023,Q4,Lung-CAD,"Imagen Technologies, Inc",Radiology,MYN,1,Lung-CAD,"Imagen Technologies, Inc.",2023-01-11,265,SESE,Substantially Equivalent,Traditional,N,,,,1,"Analyzer, Medical Image",2,892.2070,RA,Radiology,RA,N,N,N,N,Eligible,0,0,0,0,,,,0,exact_submission_number_only,2026-07-31,https://www.fda.gov/medical-devices/software-medical-device-samd/artificial-intelligence-enabled-medical-devices
K231772,510(k),2023-10-03,2023,Q4,"V8/H8 Diagnostic Ultrasound System, V7/H7 Diagnostic Ultrasound System, V6/H6 Diagnostic Ultrasound System","Samsung Medison Co., Ltd.",Radiology,IYN,1,"V8/H8 Diagnostic Ultrasound System, V7/H7 Diagnostic Ultrasound System, V6/H6 Diagnostic Ultrasound System","Samsung Medison Co., Ltd.",2023-06-16,109,SESE,Substantially Equivalent,Traditional,N,,,,1,"System, Imaging, Pulsed Doppler, Ultrasonic",2,892.1550,RA,Radiology,RA,N,N,N,Y,Eligible,0,0,0,0,,,,0,exact_submission_number_only,2026-07-31,https://www.fda.gov/medical-devices/software-medical-device-samd/artificial-intelligence-enabled-medical-devices
K232712,510(k),2023-10-03,2023,Q4,uMI Panorama,"Shanghai United Imaging Healthcare Co., Ltd.",Radiology,KPS,1,uMI Panorama,"Shanghai United Imaging Healthcare Co., Ltd.",2023-09-05,28,SESE,Substantially Equivalent,Special,N,,,,1,"System, Tomography, Computed, Emission",2,892.1200,RA,Radiology,RA,N,N,N,Y,Eligible,1,1,1,0,2025-09-12,2025-09-12,710.0,1,exact_submission_number_only,2026-07-31,https://www.fda.gov/medical-devices/software-medical-device-samd/artificial-intelligence-enabled-medical-devices
K230045,510(k),2023-09-29,2023,Q3,HipCheck,Stryker Corp.,Radiology,QIH,1,HipCheck,Stryker Corp.,2023-01-06,266,SESE,Substantially Equivalent,Traditional,N,,,,1,Automated Radiological Image Processing Software,2,892.2050,RA,Radiology,RA,N,N,N,N,Ineligible,0,0,0,0,,,,0,exact_submission_number_only,2026-07-31,https://www.fda.gov/medical-devices/software-medical-device-samd/artificial-intelligence-enabled-medical-devices
K231837,510(k),2023-09-28,2023,Q3,Brainomix 360 Triage LVO,Brainomix Limited,Radiology,QAS,1,Brainomix 360 Triage LVO,Brainomix Limited,2023-06-22,98,SESE,Substantially Equivalent,Traditional,N,,,,1,Radiological Computer-Assisted Triage And Notification Software,2,892.2080,RA,Radiology,RA,N,N,N,N,Ineligible,0,0,0,0,,,,0,exact_submission_number_only,2026-07-31,https://www.fda.gov/medical-devices/software-medical-device-samd/artificial-intelligence-enabled-medical-devices
K232699,510(k),2023-09-28,2023,Q3,Low Ejection Fraction AI-ECG Algorithm,"Anumana, Inc.",Cardiovascular,QYE,1,Low Ejection Fraction AI-ECG Algorithm,"Anumana, Inc.",2023-09-05,23,SESE,Substantially Equivalent,Traditional,N,,,,1,Reduced Ejection Fraction Machine Learning-Based Notification Software,2,870.2380,CV,Cardiovascular,CV,N,N,N,N,Ineligible,0,0,0,0,,,,0,exact_submission_number_only,2026-07-31,https://www.fda.gov/medical-devices/software-medical-device-samd/artificial-intelligence-enabled-medical-devices
K232616,510(k),2023-09-27,2023,Q3,Volta AF-Xplorer,Volta Medical,Cardiovascular,DQK,1,Volta AF-Xplorer,Volta Medical,2023-08-28,30,SESE,Substantially Equivalent,Special,N,,,,1,"Computer, Diagnostic, Programmable",2,870.1425,CV,Cardiovascular,CV,N,N,N,Y,Eligible,0,0,0,0,,,,0,exact_submission_number_only,2026-07-31,https://www.fda.gov/medical-devices/software-medical-device-samd/artificial-intelligence-enabled-medical-devices
K230252,510(k),2023-09-26,2023,Q3,OFIX MIS App,Orthofix US LLC,Radiology,LLZ,1,OFIX MIS App,"Orthofix US, LLC",2023-01-30,239,SESE,Substantially Equivalent,Traditional,N,,,,1,"System, Image Processing, Radiological",2,892.2050,RA,Radiology,RA,N,N,N,Y,Eligible,0,0,0,0,,,,0,exact_submission_number_only,2026-07-31,https://www.fda.gov/medical-devices/software-medical-device-samd/artificial-intelligence-enabled-medical-devices
K231928,510(k),2023-09-25,2023,Q3,EFAI RTSUITE CT HCAP-Segmentation System,"Ever Fortune.AI Co., Ltd.",Radiology,QKB,1,EFAI RTSUITE CT HCAP-Segmentation System,"Ever Fortune.Ai, Co., Ltd.",2023-06-30,87,SESE,Substantially Equivalent,Special,N,,,,1,Radiological Image Processing Software For Radiation Therapy,2,892.2050,RA,Radiology,RA,N,N,N,N,Ineligible,0,0,0,0,,,,0,exact_submission_number_only,2026-07-31,https://www.fda.gov/medical-devices/software-medical-device-samd/artificial-intelligence-enabled-medical-devices
K223659,510(k),2023-09-22,2023,Q3,Jazz,AI Medical AG,Radiology,LLZ,1,Jazz,Ai Medical AG,2022-12-06,290,SESE,Substantially Equivalent,Traditional,N,,,,1,"System, Image Processing, Radiological",2,892.2050,RA,Radiology,RA,N,N,N,Y,Eligible,0,0,0,0,,,,0,exact_submission_number_only,2026-07-31,https://www.fda.gov/medical-devices/software-medical-device-samd/artificial-intelligence-enabled-medical-devices
K231149,510(k),2023-09-22,2023,Q3,qXR-CTR,Qure.ai Technologies,Radiology,QIH,1,qXR-CTR,Qure.Ai Technologies,2023-04-21,154,SESE,Substantially Equivalent,Traditional,N,,,,1,Automated Radiological Image Processing Software,2,892.2050,RA,Radiology,RA,N,N,N,N,Ineligible,0,0,0,0,,,,0,exact_submission_number_only,2026-07-31,https://www.fda.gov/medical-devices/software-medical-device-samd/artificial-intelligence-enabled-medical-devices
K231384,510(k),2023-09-22,2023,Q3,Annalise Enterprise CTB Triage Trauma,Annalise-AI Pty Ltd.,Radiology,QAS,1,Annalise Enterprise CTB Triage Trauma,"Annalise-Ai Pty , Ltd.",2023-05-12,133,SESE,Substantially Equivalent,Traditional,N,,,,1,Radiological Computer-Assisted Triage And Notification Software,2,892.2080,RA,Radiology,RA,N,N,N,N,Ineligible,0,0,0,0,,,,0,exact_submission_number_only,2026-07-31,https://www.fda.gov/medical-devices/software-medical-device-samd/artificial-intelligence-enabled-medical-devices
K231767,510(k),2023-09-22,2023,Q3,Annalise Enterprise CTB Triage Trauma,Annalise-AI Pty Ltd,Radiology,QAS,1,Annalise Enterprise CTB Triage Trauma,"Annalise-Ai Pty , Ltd.",2023-06-16,98,SESE,Substantially Equivalent,Traditional,N,,,,1,Radiological Computer-Assisted Triage And Notification Software,2,892.2080,RA,Radiology,RA,N,N,N,N,Ineligible,0,0,0,0,,,,0,exact_submission_number_only,2026-07-31,https://www.fda.gov/medical-devices/software-medical-device-samd/artificial-intelligence-enabled-medical-devices
K231678,510(k),2023-09-21,2023,Q3,Overjet Periapical Radiolucency Assist,"Overjet, Inc",Radiology,MYN,1,Overjet Periapical Radiolucency Assist,"Overjet, Inc.",2023-06-09,104,SESE,Substantially Equivalent,Traditional,N,,,,1,"Analyzer, Medical Image",2,892.2070,RA,Radiology,RA,N,N,N,N,Eligible,0,0,0,0,,,,0,exact_submission_number_only,2026-07-31,https://www.fda.gov/medical-devices/software-medical-device-samd/artificial-intelligence-enabled-medical-devices
K221309,510(k),2023-09-19,2023,Q3,AI100 with Shonit,SigTuple Technologies Pvt. Ltd.,Hematology,JOY,1,AI100 with Shonit,"Sigtuple Technologies Pvt. , Ltd.",2022-05-05,502,SESE,Substantially Equivalent,Traditional,N,,,,1,"Device, Automated Cell-Locating",2,864.5260,HE,Hematology,HE,N,N,N,Y,Eligible,0,0,0,0,,,,0,exact_submission_number_only,2026-07-31,https://www.fda.gov/medical-devices/software-medical-device-samd/artificial-intelligence-enabled-medical-devices
K231281,510(k),2023-09-19,2023,Q3,Aquilion Serve (TSX-307A/1) V1.3,Canon Medical Systems Corporation,Radiology,JAK,1,Aquilion Serve (TSX-307A/1) V1.3,Canon Medical Systems Corporation,2023-05-03,139,SESE,Substantially Equivalent,Traditional,N,,,,1,"System, X-Ray, Tomography, Computed",2,892.1750,RA,Radiology,RA,N,N,N,Y,Eligible,0,0,0,0,,,,0,exact_submission_number_only,2026-07-31,https://www.fda.gov/medical-devices/software-medical-device-samd/artificial-intelligence-enabled-medical-devices
K220034,510(k),2023-09-14,2023,Q3,NEUROShield,In-Med Prognostics L3C,Radiology,LLZ,1,NEUROShield,In-Med Prognostics L3c,2022-01-05,617,SESE,Substantially Equivalent,Traditional,N,,,,0,"System, Image Processing, Radiological",2,892.2050,RA,Radiology,RA,N,N,N,Y,Eligible,0,0,0,0,,,,0,exact_submission_number_only,2026-07-31,https://www.fda.gov/medical-devices/software-medical-device-samd/artificial-intelligence-enabled-medical-devices
K223811,510(k),2023-09-13,2023,Q3,Lung-CAD,"Imagen Technologies, Inc",Radiology,MYN,1,Lung-CAD,"Imagen Technologies, Inc.",2022-12-20,267,SESE,Substantially Equivalent,Traditional,N,,,,1,"Analyzer, Medical Image",2,892.2070,RA,Radiology,RA,N,N,N,N,Eligible,0,0,0,0,,,,0,exact_submission_number_only,2026-07-31,https://www.fda.gov/medical-devices/software-medical-device-samd/artificial-intelligence-enabled-medical-devices
K231748,510(k),2023-09-12,2023,Q3,Cartesion Prime (PCD-1000A/3) V10.15,Canon Medical Systems Corporation,Radiology,KPS,1,Cartesion Prime (PCD-1000A/3) V10.15,Canon Medical Systems Corporation,2023-06-15,89,SESE,Substantially Equivalent,Traditional,N,,,,1,"System, Tomography, Computed, Emission",2,892.1200,RA,Radiology,RA,N,N,N,Y,Eligible,1,1,1,0,2024-09-17,2024-09-17,371.0,1,exact_submission_number_only,2026-07-31,https://www.fda.gov/medical-devices/software-medical-device-samd/artificial-intelligence-enabled-medical-devices
K232526,510(k),2023-09-12,2023,Q3,"XIDF-AWS801, Angio Workstation (Alphenix Workstation), V9.5",Canon Medical Systems Corporation,Radiology,JAA,1,"XIDF-AWS801, Angio Workstation (Alphenix Workstation), V9.5",Canon Medical Systems Corporation,2023-08-21,22,SESE,Substantially Equivalent,Special,N,,,,1,"System, X-Ray, Fluoroscopic, Image-Intensified",2,892.1650,RA,Radiology,RA,N,N,N,Y,Eligible,0,0,0,0,,,,0,exact_submission_number_only,2026-07-31,https://www.fda.gov/medical-devices/software-medical-device-samd/artificial-intelligence-enabled-medical-devices
K223864,510(k),2023-09-09,2023,Q3,"Alignment System Cranial, Alignment Software Cranial, Cirq Alignment Software Cranial Biopsy, Cirq Alignment Software Cranial sEEG, Varioguide Alignment Software Cranial",Brainlab AG,Neurology,HAW,1,"Alignment System Cranial, Alignment Software Cranial, Cirq Alignment Software Cranial Biopsy, Cirq Alignment Software Cranial sEEG, Varioguide Alignment Software Cranial",Brainlab AG,2022-12-23,260,SESE,Substantially Equivalent,Traditional,N,,,,1,Neurological Stereotaxic Instrument,2,882.4560,NE,Neurology,NE,N,N,N,N,Ineligible,0,0,0,0,,,,0,exact_submission_number_only,2026-07-31,https://www.fda.gov/medical-devices/software-medical-device-samd/artificial-intelligence-enabled-medical-devices
K222921,510(k),2023-09-08,2023,Q3,Minuteful-kidney test,Healthy.io Ltd.,Clinical Chemistry,JIR,1,Minuteful-kidney test,"Healthy.Io, Ltd.",2022-09-26,347,SESE,Substantially Equivalent,Traditional,N,,,,1,"Indicator Method, Protein Or Albumin (Urinary, Non-Quant.)",1,862.1645,CH,Clinical Chemistry,CH,N,N,N,N,Eligible,0,0,0,0,,,,0,exact_submission_number_only,2026-07-31,https://www.fda.gov/medical-devices/software-medical-device-samd/artificial-intelligence-enabled-medical-devices
K223621,510(k),2023-09-08,2023,Q3,DeepXray,"Alpha Intelligence Manifolds, Inc.",Radiology,QIH,1,DeepXray,"Alpha Intelligence Manifolds, Inc.",2022-12-05,277,SESE,Substantially Equivalent,Traditional,N,,,,1,Automated Radiological Image Processing Software,2,892.2050,RA,Radiology,RA,N,N,N,N,Ineligible,0,0,0,0,,,,0,exact_submission_number_only,2026-07-31,https://www.fda.gov/medical-devices/software-medical-device-samd/artificial-intelligence-enabled-medical-devices
K231335,510(k),2023-09-08,2023,Q3,Cleerly ISCHEMIA,"Cleerly, Inc",Cardiovascular,QXZ,1,Cleerly ISCHEMIA,"Cleerly, Inc.",2023-05-08,123,SESE,Substantially Equivalent,Traditional,N,,,,1,Adjunctive Epicardial Vascular Physiologic Status Indicator,2,870.2200,CV,Cardiovascular,CV,N,N,N,N,Ineligible,0,0,0,0,,,,0,exact_submission_number_only,2026-07-31,https://www.fda.gov/medical-devices/software-medical-device-samd/artificial-intelligence-enabled-medical-devices
K232686,510(k),2023-09-08,2023,Q3,CorVista® System,"CorVista Health, Inc.",Cardiovascular,QXX,1,CorVista® System,"Corvista Health, Inc.",2023-09-01,7,SESE,Substantially Equivalent,Traditional,N,,,,1,Coronary Artery Disease Machine Learning-Based Notification Software,2,870.2380,CV,Cardiovascular,CV,N,N,N,N,Ineligible,0,0,0,0,,,,0,exact_submission_number_only,2026-07-31,https://www.fda.gov/medical-devices/software-medical-device-samd/artificial-intelligence-enabled-medical-devices
K231207,510(k),2023-09-07,2023,Q3,"CARTO™ 3 EP Navigation System Software V8.0 (FG-5400-00, FG-5400-00U)","Biosense Webster, Inc.",Cardiovascular,DQK,1,"CARTO™ 3 EP Navigation System Software V8.0 (FG-5400-00, FG-5400-00U)","Biosense Webster, Inc.",2023-04-27,133,SESE,Substantially Equivalent,Traditional,N,,,,1,"Computer, Diagnostic, Programmable",2,870.1425,CV,Cardiovascular,CV,N,N,N,Y,Eligible,0,0,0,0,,,,0,exact_submission_number_only,2026-07-31,https://www.fda.gov/medical-devices/software-medical-device-samd/artificial-intelligence-enabled-medical-devices
K232482,510(k),2023-09-06,2023,Q3,MAGNETOM Viato.Mobile,"Siemens Medical Solutions USA, Inc.",Radiology,LNH,1,MAGNETOM Viato.Mobile,"Siemens Medical Solutions USA, Inc.",2023-08-16,21,SESE,Substantially Equivalent,Special,N,,,,1,"System, Nuclear Magnetic Resonance Imaging",2,892.1000,RA,Radiology,RA,N,N,N,Y,Eligible,0,0,0,0,,,,0,exact_submission_number_only,2026-07-31,https://www.fda.gov/medical-devices/software-medical-device-samd/artificial-intelligence-enabled-medical-devices
K223622,510(k),2023-09-01,2023,Q3,FaceHeart Vitals Software Development Kit (FH vitals SDK),FaceHeart Corp.,Cardiovascular,QME,1,FaceHeart Vitals Software Development Kit (FH vitals SDK),Faceheart Corp.,2022-12-05,270,SESE,Substantially Equivalent,Traditional,N,,,,1,"Software For Optical Camera-Based Measurement Of Pulse Rate, Heart Rate, Breathing Rate, And/Or Respiratory Rate",2,870.2785,CV,Cardiovascular,CV,N,N,N,N,Ineligible,0,0,0,0,,,,0,exact_submission_number_only,2026-07-31,https://www.fda.gov/medical-devices/software-medical-device-samd/artificial-intelligence-enabled-medical-devices
K230355,510(k),2023-08-30,2023,Q3,"Vantage Galan 3T, MRT-3020, V9.0 with AiCE Reconstruction Processing Unit for MR",Canon Medical Systems Corporation,Radiology,LNH,1,"Vantage Galan 3T, MRT-3020, V9.0 with AiCE Reconstruction Processing Unit for MR",Canon Medical Systems Corporation,2023-02-09,202,SESE,Substantially Equivalent,Traditional,N,,,,1,"System, Nuclear Magnetic Resonance Imaging",2,892.1000,RA,Radiology,RA,N,N,N,Y,Eligible,2,2,2,0,2024-05-10,2025-12-19,254.0,1,exact_submission_number_only,2026-07-31,https://www.fda.gov/medical-devices/software-medical-device-samd/artificial-intelligence-enabled-medical-devices
K223639,510(k),2023-08-28,2023,Q3,VisAble.IO,TechsoMed,Radiology,QTZ,1,VisAble.IO,Techsomed,2022-12-05,266,SESE,Substantially Equivalent,Traditional,N,,,,1,Radiological Image Processing Software For Ablation Therapy Planning And Evaluation,2,892.2050,RA,Radiology,RA,N,N,N,N,Ineligible,0,0,0,0,,,,0,exact_submission_number_only,2026-07-31,https://www.fda.gov/medical-devices/software-medical-device-samd/artificial-intelligence-enabled-medical-devices
K223180,510(k),2023-08-25,2023,Q3,AIRAscore,AIRAmed GmbH,Radiology,LLZ,1,AIRAscore,Airamed GmbH,2022-10-11,318,SESE,Substantially Equivalent,Traditional,N,,,,1,"System, Image Processing, Radiological",2,892.2050,RA,Radiology,RA,N,N,N,Y,Eligible,0,0,0,0,,,,0,exact_submission_number_only,2026-07-31,https://www.fda.gov/medical-devices/software-medical-device-samd/artificial-intelligence-enabled-medical-devices
K230812,510(k),2023-08-23,2023,Q3,Withings Scan Monitor 2.0,Withings,Cardiovascular,DPS,1,Withings Scan Monitor 2.0,Withings,2023-03-24,152,SESE,Substantially Equivalent,Traditional,N,,,,1,Electrocardiograph,2,870.2340,CV,Cardiovascular,CV,N,N,N,Y,Eligible,0,0,0,0,,,,0,exact_submission_number_only,2026-07-31,https://www.fda.gov/medical-devices/software-medical-device-samd/artificial-intelligence-enabled-medical-devices
K230899,510(k),2023-08-22,2023,Q3,qXR-PTX-PE,Qure.ai Technologies,Radiology,QFM,1,qXR-PTX-PE,Qure.Ai Technologies,2023-03-31,144,SESE,Substantially Equivalent,Traditional,N,,,,1,Radiological Computer-Assisted Prioritization Software For Lesions,2,892.2080,RA,Radiology,RA,N,N,N,N,Ineligible,0,0,0,0,,,,0,exact_submission_number_only,2026-07-31,https://www.fda.gov/medical-devices/software-medical-device-samd/artificial-intelligence-enabled-medical-devices
K223539,510(k),2023-08-18,2023,Q3,Dreem 3S,"Beacon Biosignals, Inc.",Neurology,OLZ,1,Dreem 3S,"Beacon Biosignals, Inc.",2022-11-23,268,SESE,Substantially Equivalent,Traditional,N,,,,1,Automatic Event Detection Software For Polysomnograph With Electroencephalograph,2,882.1400,NE,Neurology,NE,N,N,N,N,Eligible,0,0,0,0,,,,0,exact_submission_number_only,2026-07-31,https://www.fda.gov/medical-devices/software-medical-device-samd/artificial-intelligence-enabled-medical-devices
K231094,510(k),2023-08-15,2023,Q3,Annalise Enterprise CTB Triage-OH,Annalise-AI Pty Ltd,Radiology,QAS,1,Annalise Enterprise CTB Triage-OH,"Annalise-Ai Pty , Ltd.",2023-04-18,119,SESE,Substantially Equivalent,Traditional,N,,,,1,Radiological Computer-Assisted Triage And Notification Software,2,892.2080,RA,Radiology,RA,N,N,N,N,Ineligible,0,0,0,0,,,,0,exact_submission_number_only,2026-07-31,https://www.fda.gov/medical-devices/software-medical-device-samd/artificial-intelligence-enabled-medical-devices
DEN230003,De Novo,2023-08-03,2023,Q3,Viz HCM,"Viz.ai, Inc.",Cardiovascular,QXO,1,Viz HCM,"viz. ai, inc.",2023-01-10,205,DENG,Granted,,,,Direct,N,1,Cardiovascular Machine Learning-Based Notification Software,2,870.2380,CV,Cardiovascular,CV,N,N,N,N,Ineligible,0,0,0,0,,,,0,exact_submission_number_only,2026-07-31,https://www.fda.gov/medical-devices/software-medical-device-samd/artificial-intelligence-enabled-medical-devices
K223133,510(k),2023-08-03,2023,Q3,VisiRad XR,Imidex Inc.,Radiology,MYN,1,VisiRad XR,"Imidex, Inc.",2022-10-03,304,SESE,Substantially Equivalent,Traditional,N,,,,1,"Analyzer, Medical Image",2,892.2070,RA,Radiology,RA,N,N,N,N,Eligible,0,0,0,0,,,,0,exact_submission_number_only,2026-07-31,https://www.fda.gov/medical-devices/software-medical-device-samd/artificial-intelligence-enabled-medical-devices
K223553,510(k),2023-08-02,2023,Q3,"Spine Planning (2.0), Elements Spine Planning, Elements Planning Spine",Brainlab AG,Neurology,OLO,1,"Spine Planning (2.0), Elements Spine Planning, Elements Planning Spine",Brainlab AG,2022-11-25,250,SESE,Substantially Equivalent,Traditional,N,,,,1,Orthopedic Stereotaxic Instrument,2,882.4560,NE,Neurology,OR,N,N,N,N,Eligible,0,0,0,0,,,,0,exact_submission_number_only,2026-07-31,https://www.fda.gov/medical-devices/software-medical-device-samd/artificial-intelligence-enabled-medical-devices
K230074,510(k),2023-07-27,2023,Q3,Rapid Aneurysm Triage and Notification,iSchemaView Inc.,Radiology,QFM,1,Rapid Aneurysm Triage and Notification,"Ischemaview, Inc.",2023-01-10,198,SESE,Substantially Equivalent,Traditional,N,,,,1,Radiological Computer-Assisted Prioritization Software For Lesions,2,892.2080,RA,Radiology,RA,N,N,N,N,Ineligible,0,0,0,0,,,,0,exact_submission_number_only,2026-07-31,https://www.fda.gov/medical-devices/software-medical-device-samd/artificial-intelligence-enabled-medical-devices
K231195,510(k),2023-07-27,2023,Q3,Brainomix 360 Triage ICH,Brainomix Limited,Radiology,QAS,1,Brainomix 360 Triage ICH,Brainomix Limited,2023-04-27,91,SESE,Substantially Equivalent,Traditional,N,,,,1,Radiological Computer-Assisted Triage And Notification Software,2,892.2080,RA,Radiology,RA,N,N,N,N,Ineligible,0,0,0,0,,,,0,exact_submission_number_only,2026-07-31,https://www.fda.gov/medical-devices/software-medical-device-samd/artificial-intelligence-enabled-medical-devices
K231038,510(k),2023-07-26,2023,Q3,Global Hypoperfusion Index (GHI) Algorithm,"Edwards Lifesciences, LLC",Cardiovascular,QNL,1,Global Hypoperfusion Index (GHI) Algorithm,"Edwards Lifesciences, LLC",2023-04-12,105,SESE,Substantially Equivalent,Traditional,N,,,,1,Medium-Term Adjunctive Predictive Cardiovascular Indicator,2,870.2210,CV,Cardiovascular,CV,N,N,N,N,Ineligible,0,0,0,0,,,,0,exact_submission_number_only,2026-07-31,https://www.fda.gov/medical-devices/software-medical-device-samd/artificial-intelligence-enabled-medical-devices
K231572,510(k),2023-07-26,2023,Q3,uMI Panorama,"Shanghai United Imaging Healthcare Co., Ltd.",Radiology,KPS,1,uMI Panorama,"Shanghai United Imaging Healthcare Co., Ltd.",2023-05-31,56,SESE,Substantially Equivalent,Traditional,N,,,,1,"System, Tomography, Computed, Emission",2,892.1200,RA,Radiology,RA,N,N,N,Y,Eligible,0,0,0,0,,,,0,exact_submission_number_only,2026-07-31,https://www.fda.gov/medical-devices/software-medical-device-samd/artificial-intelligence-enabled-medical-devices
K223473,510(k),2023-07-25,2023,Q3,ME-APDS™; MAGENTIQ-COLO™,Magentiq Eye LTD,Gastroenterology-Urology,QNP,1,ME-APDS™; MAGENTIQ-COLO™,"Magentiq Eye, Ltd.",2022-11-17,250,SESE,Substantially Equivalent,Traditional,N,,,,1,Gastrointesinal Lesion Software Detection System,2,876.1520,GU,"Gastroenterology, Urology",GU,N,N,N,N,Ineligible,0,0,0,0,,,,0,exact_submission_number_only,2026-07-31,https://www.fda.gov/medical-devices/software-medical-device-samd/artificial-intelligence-enabled-medical-devices
K230365,510(k),2023-07-25,2023,Q3,Sonio Detect,Sonio,Radiology,IYN,1,Sonio Detect,Sonio,2023-02-10,165,SESE,Substantially Equivalent,Traditional,N,,,,1,"System, Imaging, Pulsed Doppler, Ultrasonic",2,892.1550,RA,Radiology,RA,N,N,N,Y,Eligible,0,0,0,0,,,,0,exact_submission_number_only,2026-07-31,https://www.fda.gov/medical-devices/software-medical-device-samd/artificial-intelligence-enabled-medical-devices
K230913,510(k),2023-07-25,2023,Q3,ANDI,"Imeka Solutions, Inc.",Radiology,QIH,1,ANDI,"Imeka Solutions, Inc.",2023-03-31,116,SESE,Substantially Equivalent,Traditional,N,,,,1,Automated Radiological Image Processing Software,2,892.2050,RA,Radiology,RA,N,N,N,N,Ineligible,0,0,0,0,,,,0,exact_submission_number_only,2026-07-31,https://www.fda.gov/medical-devices/software-medical-device-samd/artificial-intelligence-enabled-medical-devices
K223347,510(k),2023-07-24,2023,Q3,UltraSight AI Guidance,UltraSight Inc.,Radiology,QJU,1,UltraSight AI Guidance,"Ultrasight, Inc.",2022-11-01,265,SESE,Substantially Equivalent,Traditional,N,,,,1,Image Acquisition And/Or Optimization Guided By Artificial Intelligence,2,892.2100,RA,Radiology,RA,N,N,N,N,Ineligible,0,0,0,0,,,,0,exact_submission_number_only,2026-07-31,https://www.fda.gov/medical-devices/software-medical-device-samd/artificial-intelligence-enabled-medical-devices
K223288,510(k),2023-07-21,2023,Q3,"Cranial Navigation, Navigation Software Cranial, Navigation Software Craniofacial, Cranial EM System, Automatic Registration iMRI",Brainlab AG,Neurology,HAW,1,"Cranial Navigation, Navigation Software Cranial, Navigation Software Craniofacial, Cranial EM System, Automatic Registration iMRI",Brainlab AG,2022-10-25,269,SESE,Substantially Equivalent,Traditional,N,,,,1,Neurological Stereotaxic Instrument,2,882.4560,NE,Neurology,NE,N,N,N,N,Ineligible,0,0,0,0,,,,0,exact_submission_number_only,2026-07-31,https://www.fda.gov/medical-devices/software-medical-device-samd/artificial-intelligence-enabled-medical-devices
K230150,510(k),2023-07-21,2023,Q3,OptimMRI,"RebrAIn, SAS",Radiology,QIH,1,OptimMRI,"Rebrain, Sas",2023-01-19,183,SESE,Substantially Equivalent,Traditional,N,,,,1,Automated Radiological Image Processing Software,2,892.2050,RA,Radiology,RA,N,N,N,N,Ineligible,0,0,0,0,,,,0,exact_submission_number_only,2026-07-31,https://www.fda.gov/medical-devices/software-medical-device-samd/artificial-intelligence-enabled-medical-devices
K231173,510(k),2023-07-21,2023,Q3,Irregular Rhythm Notification Feature (IRNF),Apple Inc.,Cardiovascular,QDB,1,Irregular Rhythm Notification Feature (IRNF),"Apple, Inc.",2023-04-25,87,SESE,Substantially Equivalent,Traditional,N,,,,1,Photoplethysmograph Analysis Software For Over-The-Counter Use,2,870.2790,CV,Cardiovascular,CV,N,N,N,N,Ineligible,0,0,0,0,,,,0,exact_submission_number_only,2026-07-31,https://www.fda.gov/medical-devices/software-medical-device-samd/artificial-intelligence-enabled-medical-devices
K230039,510(k),2023-07-20,2023,Q3,uOmnispace,"Shanghai United Imaging Healthcare Co., Ltd",Radiology,QIH,1,uOmnispace,"Shanghai United Imaging Healthcare Co., Ltd.",2023-01-06,195,SESE,Substantially Equivalent,Traditional,N,,,,1,Automated Radiological Image Processing Software,2,892.2050,RA,Radiology,RA,N,N,N,N,Ineligible,0,0,0,0,,,,0,exact_submission_number_only,2026-07-31,https://www.fda.gov/medical-devices/software-medical-device-samd/artificial-intelligence-enabled-medical-devices
K231157,510(k),2023-07-19,2023,Q3,syngo.CT Lung CAD (Version VD30),Siemens Healthcare GmbH,Radiology,OEB,1,syngo.CT Lung CAD (Version VD30),Siemens Healthcare GmbH,2023-04-24,86,SESE,Substantially Equivalent,Traditional,N,,,,1,"Lung Computed Tomography System, Computer-Aided Detection",2,892.2050,RA,Radiology,RA,N,N,N,N,Eligible,0,0,0,0,,,,0,exact_submission_number_only,2026-07-31,https://www.fda.gov/medical-devices/software-medical-device-samd/artificial-intelligence-enabled-medical-devices
K223106,510(k),2023-07-14,2023,Q3,"Brainlab Elements Image Fusion, Contouring (4.5);Image Fusion  (4.5);Fibertracking (2.0);BOLD MRI Mapping  (1.0);Image Fusion Angio  (1.0)",Brainlab AG,Radiology,QIH,1,"Brainlab Elements Image Fusion, Contouring (4.5);Image Fusion  (4.5);Fibertracking (2.0);BOLD MRI Mapping  (1.0);Image Fusion Angio  (1.0)",Brainlab AG,2022-09-30,287,SESE,Substantially Equivalent,Traditional,N,,,,1,Automated Radiological Image Processing Software,2,892.2050,RA,Radiology,RA,N,N,N,N,Ineligible,0,0,0,0,,,,0,exact_submission_number_only,2026-07-31,https://www.fda.gov/medical-devices/software-medical-device-samd/artificial-intelligence-enabled-medical-devices
K231757,510(k),2023-07-14,2023,Q3,Ez3D-i /E3,"Ewoosoft Co., Ltd",Radiology,QIH,1,Ez3D-i /E3,"Ewoosoft Co., Ltd.",2023-06-16,28,SESE,Substantially Equivalent,Special,N,,,,1,Automated Radiological Image Processing Software,2,892.2050,RA,Radiology,RA,N,N,N,N,Ineligible,0,0,0,0,,,,0,exact_submission_number_only,2026-07-31,https://www.fda.gov/medical-devices/software-medical-device-samd/artificial-intelligence-enabled-medical-devices
K223424,510(k),2023-07-13,2023,Q3,Spine Auto Views,GE Medical Systems SCS,Radiology,JAK,1,Spine Auto Views,GE Medical Systems SCS,2022-11-14,241,SESE,Substantially Equivalent,Traditional,N,,,,1,"System, X-Ray, Tomography, Computed",2,892.1750,RA,Radiology,RA,N,N,N,Y,Eligible,0,0,0,0,,,,0,exact_submission_number_only,2026-07-31,https://www.fda.gov/medical-devices/software-medical-device-samd/artificial-intelligence-enabled-medical-devices
K223426,510(k),2023-07-13,2023,Q3,ECHELON Synergy MRI system,FUJIFILM Healthcare Corporation,Radiology,LNH,1,ECHELON Synergy MRI system,Fujifilm Healthcare Corporation,2022-11-14,241,SESE,Substantially Equivalent,Traditional,N,,,,1,"System, Nuclear Magnetic Resonance Imaging",2,892.1000,RA,Radiology,RA,N,N,N,Y,Eligible,0,0,0,0,,,,0,exact_submission_number_only,2026-07-31,https://www.fda.gov/medical-devices/software-medical-device-samd/artificial-intelligence-enabled-medical-devices
K231833,510(k),2023-07-13,2023,Q3,Biograph Vision.X and Biograph Vision.X Edge,"Siemens Medical Solutions USA, Inc.",Radiology,KPS,1,Biograph Vision.X and Biograph Vision.X Edge,"Siemens Medical Solutions USA, Inc.",2023-06-22,21,SESE,Substantially Equivalent,Special,N,,,,1,"System, Tomography, Computed, Emission",2,892.1200,RA,Radiology,RA,N,N,N,Y,Eligible,0,0,0,0,,,,0,exact_submission_number_only,2026-07-31,https://www.fda.gov/medical-devices/software-medical-device-samd/artificial-intelligence-enabled-medical-devices
K230823,510(k),2023-07-12,2023,Q3,AusculThing ACC,AusculThing Oy,Cardiovascular,DQD,1,AusculThing ACC,Ausculthing OY,2023-03-24,110,SESE,Substantially Equivalent,Traditional,N,,,,1,"Stethoscope, Electronic",2,870.1875,CV,Cardiovascular,CV,N,N,N,Y,Eligible,0,0,0,0,,,,0,exact_submission_number_only,2026-07-31,https://www.fda.gov/medical-devices/software-medical-device-samd/artificial-intelligence-enabled-medical-devices
K223724,510(k),2023-07-10,2023,Q3,MOZI TPS,"Manteia Technologies Co., Ltd.",Radiology,MUJ,1,MOZI TPS,"Manteia Technologies Co., Ltd.",2022-12-13,209,SESE,Substantially Equivalent,Traditional,N,,,,1,"System, Planning, Radiation Therapy Treatment",2,892.5050,RA,Radiology,RA,N,N,N,N,Eligible,0,0,0,0,,,,0,exact_submission_number_only,2026-07-31,https://www.fda.gov/medical-devices/software-medical-device-samd/artificial-intelligence-enabled-medical-devices
K231668,510(k),2023-07-07,2023,Q3,Spine CAMP™ (1.1),"Medical Metrics, Inc.",Radiology,QIH,1,Spine CAMP™ (1.1),"Medical Metrics, Inc.",2023-06-07,30,SESE,Substantially Equivalent,Special,N,,,,1,Automated Radiological Image Processing Software,2,892.2050,RA,Radiology,RA,N,N,N,N,Ineligible,0,0,0,0,,,,0,exact_submission_number_only,2026-07-31,https://www.fda.gov/medical-devices/software-medical-device-samd/artificial-intelligence-enabled-medical-devices
K222745,510(k),2023-07-03,2023,Q3,Axial3D Insight,Axial Medical Printing Limited,Radiology,QIH,1,Axial3D Insight,Axial Medical Printing Limited,2022-09-12,294,SESE,Substantially Equivalent,Traditional,N,,,,1,Automated Radiological Image Processing Software,2,892.2050,RA,Radiology,RA,N,N,N,N,Ineligible,0,0,0,0,,,,0,exact_submission_number_only,2026-07-31,https://www.fda.gov/medical-devices/software-medical-device-samd/artificial-intelligence-enabled-medical-devices
DEN200052,De Novo,2023-06-29,2023,Q2,KidneyIntelX.dkd,"Renalytix AI, Inc.",Clinical Chemistry,QWZ,1,KidneyIntelX.dkd,"renalytix ai, inc.",2020-08-26,1037,DENG,Granted,,,,Direct,N,1,Prognostic Test For Assessment Of Chronic Kidney Disease Progression,2,862.1223,CH,Clinical Chemistry,CH,N,N,N,N,Ineligible,0,0,0,0,,,,0,exact_submission_number_only,2026-07-31,https://www.fda.gov/medical-devices/software-medical-device-samd/artificial-intelligence-enabled-medical-devices
K230337,510(k),2023-06-29,2023,Q2,EarliPoint,"EarliTec Diagnostics, Inc",Neurology,QPF,1,EarliPoint,"Earlitec Diagnostics, Inc.",2023-02-07,142,SESE,Substantially Equivalent,Traditional,N,,,,1,Pediatric Autism Spectrum Disorder Diagnosis Aid,2,882.1491,NE,Neurology,NE,N,N,N,N,Ineligible,0,0,0,0,,,,0,exact_submission_number_only,2026-07-31,https://www.fda.gov/medical-devices/software-medical-device-samd/artificial-intelligence-enabled-medical-devices
K230497,510(k),2023-06-22,2023,Q2,Bladder AI (AIBV01),Exo Inc,Radiology,QIH,1,Bladder AI (AIBV01),"Exo, Inc.",2023-02-24,118,SESE,Substantially Equivalent,Traditional,N,,,,1,Automated Radiological Image Processing Software,2,892.2050,RA,Radiology,RA,N,N,N,N,Ineligible,0,0,0,0,,,,0,exact_submission_number_only,2026-07-31,https://www.fda.gov/medical-devices/software-medical-device-samd/artificial-intelligence-enabled-medical-devices
K230346,510(k),2023-06-20,2023,Q2,Voluson SWIFT; Voluson SWIFT+,"GE Medical Systems Ultrasound & Primary Care Diagnostic, LLC",Radiology,IYN,1,Voluson SWIFT; Voluson SWIFT+,"Ge Medical Systems Ultrasound & Primary Care Diagnostic, LLC",2023-02-08,132,SESE,Substantially Equivalent,Traditional,N,,,,1,"System, Imaging, Pulsed Doppler, Ultrasonic",2,892.1550,RA,Radiology,RA,N,N,N,Y,Eligible,0,0,0,0,,,,0,exact_submission_number_only,2026-07-31,https://www.fda.gov/medical-devices/software-medical-device-samd/artificial-intelligence-enabled-medical-devices
K231459,510(k),2023-06-20,2023,Q2,HepaFatSmart (V2.0.0),Resonance Health Analysis Services Pty Ltd,Radiology,LNH,1,HepaFatSmart (V2.0.0),"Resonance Health Analysis Services Pty, Ltd.",2023-05-19,32,SESE,Substantially Equivalent,Special,N,,,,1,"System, Nuclear Magnetic Resonance Imaging",2,892.1000,RA,Radiology,RA,N,N,N,Y,Eligible,0,0,0,0,,,,0,exact_submission_number_only,2026-07-31,https://www.fda.gov/medical-devices/software-medical-device-samd/artificial-intelligence-enabled-medical-devices
K223357,510(k),2023-06-16,2023,Q2,EyeArt v2.2.0,"Eyenuk, Inc.",Ophthalmic,PIB,1,EyeArt v2.2.0,"Eyenuk, Inc.",2022-11-02,226,SESE,Substantially Equivalent,Traditional,N,,,,1,Diabetic Retinopathy Detection Device,2,886.1100,OP,Ophthalmic,OP,N,N,N,N,Eligible,0,0,0,0,,,,0,exact_submission_number_only,2026-07-31,https://www.fda.gov/medical-devices/software-medical-device-samd/artificial-intelligence-enabled-medical-devices
K223556,510(k),2023-06-16,2023,Q2,DeepCatch,"MEDICALIP Co., Ltd",Radiology,QIH,1,DeepCatch,"Medical IP Co., Ltd.",2022-11-28,200,SESE,Substantially Equivalent,Traditional,N,,,,1,Automated Radiological Image Processing Software,2,892.2050,RA,Radiology,RA,N,N,N,N,Ineligible,0,0,0,0,,,,0,exact_submission_number_only,2026-07-31,https://www.fda.gov/medical-devices/software-medical-device-samd/artificial-intelligence-enabled-medical-devices
K223646,510(k),2023-06-16,2023,Q2,IB Lab LAMA,IB Lab GmbH,Radiology,QIH,1,IB Lab LAMA,Ib Lab GmbH,2022-12-06,192,SESE,Substantially Equivalent,Traditional,N,,,,1,Automated Radiological Image Processing Software,2,892.2050,RA,Radiology,RA,N,N,N,N,Ineligible,0,0,0,0,,,,0,exact_submission_number_only,2026-07-31,https://www.fda.gov/medical-devices/software-medical-device-samd/artificial-intelligence-enabled-medical-devices
K230112,510(k),2023-06-13,2023,Q2,CAC Software,"Imbio, Inc.",Radiology,JAK,1,CAC Software,"Imbio, Inc.",2023-01-17,147,SESE,Substantially Equivalent,Traditional,N,,,,1,"System, X-Ray, Tomography, Computed",2,892.1750,RA,Radiology,RA,N,N,N,Y,Eligible,0,0,0,0,,,,0,exact_submission_number_only,2026-07-31,https://www.fda.gov/medical-devices/software-medical-device-samd/artificial-intelligence-enabled-medical-devices
K223855,510(k),2023-06-06,2023,Q2,"FEops HEARTguideTM, FEops HEARTguideTM ALPACA",FEops nv,Radiology,QIH,1,"FEops HEARTguideTM, FEops HEARTguideTM ALPACA",Feops NV,2022-12-23,165,SESE,Substantially Equivalent,Traditional,N,,,,1,Automated Radiological Image Processing Software,2,892.2050,RA,Radiology,RA,N,N,N,N,Ineligible,0,0,0,0,,,,0,exact_submission_number_only,2026-07-31,https://www.fda.gov/medical-devices/software-medical-device-samd/artificial-intelligence-enabled-medical-devices
K223523,510(k),2023-05-30,2023,Q2,Sonic DL,"GE Medical Systems,LLC (GE Healthcare)",Radiology,LNH,1,Sonic DL,"Ge Medical Systems,Llc (Ge Healthcare)",2022-11-23,188,SESE,Substantially Equivalent,Traditional,N,,,,1,"System, Nuclear Magnetic Resonance Imaging",2,892.1000,RA,Radiology,RA,N,N,N,Y,Eligible,0,0,0,0,,,,0,exact_submission_number_only,2026-07-31,https://www.fda.gov/medical-devices/software-medical-device-samd/artificial-intelligence-enabled-medical-devices
K223491,510(k),2023-05-25,2023,Q2,"Critical Care Suite with Pneumothorax Detection AI Algorithm, Critical Care Suite 2.1, Critical Care Suite","GE Medical Systems, LLC",Radiology,QBS,1,"Critical Care Suite with Pneumothorax Detection AI Algorithm, Critical Care Suite 2.1, Critical Care Suite","Ge Medical Systems, LLC",2022-11-21,185,SESE,Substantially Equivalent,Traditional,N,,,,1,Radiological Computer Assisted Detection/Diagnosis Software For Fracture,2,892.2090,RA,Radiology,RA,N,N,N,N,Ineligible,0,0,0,0,,,,0,exact_submission_number_only,2026-07-31,https://www.fda.gov/medical-devices/software-medical-device-samd/artificial-intelligence-enabled-medical-devices
K230273,510(k),2023-05-25,2023,Q2,Saranas Early Bird Bleed Monitoring System,Saranas Inc.,Cardiovascular,QFJ,1,Saranas Early Bird Bleed Monitoring System,"Saranas, Inc.",2023-01-31,114,SESE,Substantially Equivalent,Traditional,N,,,,1,Intravascular Bleed Monitor,2,870.1345,CV,Cardiovascular,CV,N,N,N,N,Ineligible,0,0,0,0,,,,0,exact_submission_number_only,2026-07-31,https://www.fda.gov/medical-devices/software-medical-device-samd/artificial-intelligence-enabled-medical-devices
K223504,510(k),2023-05-23,2023,Q2,Ceribell Status Epilepticus Monitor,"Ceribell, Inc.",Neurology,OMB,1,Ceribell Status Epilepticus Monitor,"Ceribell, Inc.",2022-11-22,182,SESE,Substantially Equivalent,Traditional,N,,,,1,Automatic Event Detection Software For Full-Montage Electroencephalograph,2,882.1400,NE,Neurology,NE,N,N,N,N,Eligible,0,0,0,0,,,,0,exact_submission_number_only,2026-07-31,https://www.fda.gov/medical-devices/software-medical-device-samd/artificial-intelligence-enabled-medical-devices
K230096,510(k),2023-05-23,2023,Q2,Genius AI Detection 2.0 with CC-MLO Correlation,"Hologic, Inc.",Radiology,QDQ,1,Genius AI Detection 2.0 with CC-MLO Correlation,"Hologic, Inc.",2023-01-13,130,SESE,Substantially Equivalent,Traditional,N,,,,1,Radiological Computer Assisted Detection/Diagnosis Software For Lesions Suspicious For Cancer,2,892.2090,RA,Radiology,RA,N,N,N,N,Ineligible,0,0,0,0,,,,0,exact_submission_number_only,2026-07-31,https://www.fda.gov/medical-devices/software-medical-device-samd/artificial-intelligence-enabled-medical-devices
K212758,510(k),2023-05-19,2023,Q2,Autoplaque,Cedars-Sinai Medical Center: AIM,Radiology,LLZ,1,Autoplaque,Cedars-Sinai Medical Center: Aim,2021-08-31,626,SESE,Substantially Equivalent,Traditional,N,,,,1,"System, Image Processing, Radiological",2,892.2050,RA,Radiology,RA,N,N,N,Y,Eligible,0,0,0,0,,,,0,exact_submission_number_only,2026-07-31,https://www.fda.gov/medical-devices/software-medical-device-samd/artificial-intelligence-enabled-medical-devices
K231143,510(k),2023-05-19,2023,Q2,GI Genius System 100 and GI Genius System 200,Cosmo Artificial Intelligence - AI Ltd,Gastroenterology-Urology,QNP,1,GI Genius System 100 and GI Genius System 200,"Cosmo Artificial Intelligence - Ai, Ltd.",2023-04-21,28,SESE,Substantially Equivalent,Special,N,,,,1,Gastrointesinal Lesion Software Detection System,2,876.1520,GU,"Gastroenterology, Urology",GU,N,N,N,N,Ineligible,0,0,0,0,,,,0,exact_submission_number_only,2026-07-31,https://www.fda.gov/medical-devices/software-medical-device-samd/artificial-intelligence-enabled-medical-devices
K222728,510(k),2023-05-17,2023,Q2,Radiation Planning Assistant (RPA),"University of Texas, MD Anderson Cancer Center",Radiology,MUJ,1,Radiation Planning Assistant (RPA),"University of Texas, MD Anderson Cancer Center",2022-09-08,251,SESE,Substantially Equivalent,Traditional,N,,,,1,"System, Planning, Radiation Therapy Treatment",2,892.5050,RA,Radiology,RA,N,N,N,N,Eligible,0,0,0,0,,,,0,exact_submission_number_only,2026-07-31,https://www.fda.gov/medical-devices/software-medical-device-samd/artificial-intelligence-enabled-medical-devices
K231190,510(k),2023-05-12,2023,Q2,EPIQ Series Diagnostic Ultrasound System,Philips Ultrasound LLC,Radiology,IYN,1,EPIQ Series Diagnostic Ultrasound System,"Philips Ultrasound, LLC",2023-04-26,16,SESE,Substantially Equivalent,Traditional,Y,,,,1,"System, Imaging, Pulsed Doppler, Ultrasonic",2,892.1550,RA,Radiology,RA,N,N,N,Y,Eligible,4,3,1,3,2022-07-14,2025-07-03,-302.0,1,exact_submission_number_only,2026-07-31,https://www.fda.gov/medical-devices/software-medical-device-samd/artificial-intelligence-enabled-medical-devices
K223623,510(k),2023-05-11,2023,Q2,SubtleMR (2.3.x),Subtle Medical Inc.,Radiology,LLZ,1,SubtleMR (2.3.x),"Subtle Medical, Inc.",2022-12-05,157,SESE,Substantially Equivalent,Traditional,N,,,,1,"System, Image Processing, Radiological",2,892.2050,RA,Radiology,RA,N,N,N,Y,Eligible,0,0,0,0,,,,0,exact_submission_number_only,2026-07-31,https://www.fda.gov/medical-devices/software-medical-device-samd/artificial-intelligence-enabled-medical-devices
K220437,510(k),2023-05-10,2023,Q2,Neurophet AQUA,"NEUROPHET, Inc.",Radiology,LLZ,1,Neurophet AQUA,"Neurophet., Inc.",2022-02-16,448,SESE,Substantially Equivalent,Traditional,N,,,,1,"System, Image Processing, Radiological",2,892.2050,RA,Radiology,RA,N,N,N,Y,Eligible,0,0,0,0,,,,0,exact_submission_number_only,2026-07-31,https://www.fda.gov/medical-devices/software-medical-device-samd/artificial-intelligence-enabled-medical-devices
K223771,510(k),2023-05-04,2023,Q2,Lumify Diagnostic Ultrasound System,Philips Ultrasound,Radiology,IYN,1,Lumify Diagnostic Ultrasound System,Philips Ultrasound,2022-12-16,139,SESE,Substantially Equivalent,Traditional,N,,,,1,"System, Imaging, Pulsed Doppler, Ultrasonic",2,892.1550,RA,Radiology,RA,N,N,N,Y,Eligible,2,2,2,0,2025-07-03,2025-10-31,791.0,1,exact_submission_number_only,2026-07-31,https://www.fda.gov/medical-devices/software-medical-device-samd/artificial-intelligence-enabled-medical-devices
K230082,510(k),2023-05-04,2023,Q2,Auto Segmentation,"GE Medical Systems, LLC",Radiology,QKB,1,Auto Segmentation,"Ge Medical Systems, LLC",2023-01-11,113,SESE,Substantially Equivalent,Traditional,N,,,,1,Radiological Image Processing Software For Radiation Therapy,2,892.2050,RA,Radiology,RA,N,N,N,N,Ineligible,0,0,0,0,,,,0,exact_submission_number_only,2026-07-31,https://www.fda.gov/medical-devices/software-medical-device-samd/artificial-intelligence-enabled-medical-devices
K230292,510(k),2023-05-02,2023,Q2,Samsung ECG Monitor Application with Irregular Heart Rhythm Notification,"Samsung Electronics Co., Ltd",Cardiovascular,QDA,1,Samsung ECG Monitor Application with Irregular Heart Rhythm Notification,"Samsung Electronics Co., Ltd.",2023-02-02,89,SESE,Substantially Equivalent,Traditional,N,,,,1,Electrocardiograph Software For Over-The-Counter Use,2,870.2345,CV,Cardiovascular,CV,N,N,N,N,Ineligible,0,0,0,0,,,,0,exact_submission_number_only,2026-07-31,https://www.fda.gov/medical-devices/software-medical-device-samd/artificial-intelligence-enabled-medical-devices
K230977,510(k),2023-05-02,2023,Q2,SIS System,"Surgical Information Sciences, Inc.",Radiology,QIH,1,SIS System,"Surgical Information Sciences, Inc.",2023-04-05,27,SESE,Substantially Equivalent,Special,N,,,,1,Automated Radiological Image Processing Software,2,892.2050,RA,Radiology,RA,N,N,N,N,Ineligible,0,0,0,0,,,,0,exact_submission_number_only,2026-07-31,https://www.fda.gov/medical-devices/software-medical-device-samd/artificial-intelligence-enabled-medical-devices
P210011,PMA,2023-04-28,2023,Q2,xT CDx,"Tempus Labs, Inc.",Pathology,PQP,1,xT CDx,"Tempus Labs, Inc.",2021-03-23,766,APPR,Approved,,,N,,,1,"Next Generation Sequencing Oncology Panel, Somatic Or Germline Variant Detection System",3,,,Unknown,PA,N,N,N,N,Eligible,0,0,0,0,,,,0,exact_submission_number_only,2026-07-31,https://www.fda.gov/medical-devices/software-medical-device-samd/artificial-intelligence-enabled-medical-devices
K223212,510(k),2023-04-27,2023,Q2,Precision DL,GE Healthcare,Radiology,KPS,1,Precision DL,GE Healthcare,2022-10-17,192,SESE,Substantially Equivalent,Traditional,N,,,,1,"System, Tomography, Computed, Emission",2,892.1200,RA,Radiology,RA,N,N,N,Y,Eligible,0,0,0,0,,,,0,exact_submission_number_only,2026-07-31,https://www.fda.gov/medical-devices/software-medical-device-samd/artificial-intelligence-enabled-medical-devices
K223734,510(k),2023-04-27,2023,Q2,ENT EM,Brainlab AG,Neurology,PGW,1,ENT EM,Brainlab AG,2022-12-13,135,SESE,Substantially Equivalent,Traditional,N,,,,1,"Ear, Nose, And Throat Stereotaxic Instrument",2,882.4560,NE,Neurology,EN,N,N,N,N,Eligible,0,0,0,0,,,,0,exact_submission_number_only,2026-07-31,https://www.fda.gov/medical-devices/software-medical-device-samd/artificial-intelligence-enabled-medical-devices
K230552,510(k),2023-04-26,2023,Q2,MR DWI/FLAIR Measurement V1.0,Olea Medical,Radiology,LLZ,1,MR DWI/FLAIR Measurement V1.0,Olea Medical,2023-02-28,57,SESE,Substantially Equivalent,Traditional,N,,,,1,"System, Image Processing, Radiological",2,892.2050,RA,Radiology,RA,N,N,N,Y,Eligible,0,0,0,0,,,,0,exact_submission_number_only,2026-07-31,https://www.fda.gov/medical-devices/software-medical-device-samd/artificial-intelligence-enabled-medical-devices
K230553,510(k),2023-04-26,2023,Q2,"LINQ II Insertable Cardiac Monitor, CareLink SmartSync LINQ II ICM Application","Medtronic, Inc.",Cardiovascular,MXD,1,"LINQ II Insertable Cardiac Monitor, CareLink SmartSync LINQ II ICM Application","Medtronic, Inc.",2023-02-28,57,SESE,Substantially Equivalent,Traditional,N,,,,1,"Recorder, Event, Implantable Cardiac, (With Arrhythmia Detection)",2,870.1025,CV,Cardiovascular,CV,Y,N,N,N,Eligible,1,1,1,0,2023-11-03,2023-11-03,191.0,1,exact_submission_number_only,2026-07-31,https://www.fda.gov/medical-devices/software-medical-device-samd/artificial-intelligence-enabled-medical-devices
K222676,510(k),2023-04-25,2023,Q2,Ceevra Reveal 3,"Ceevra, Inc.",Radiology,QIH,1,Ceevra Reveal 3,"Ceevra, Inc.",2022-09-06,231,SESE,Substantially Equivalent,Traditional,N,,,,1,Automated Radiological Image Processing Software,2,892.2050,RA,Radiology,RA,N,N,N,N,Ineligible,0,0,0,0,,,,0,exact_submission_number_only,2026-07-31,https://www.fda.gov/medical-devices/software-medical-device-samd/artificial-intelligence-enabled-medical-devices
K230223,510(k),2023-04-25,2023,Q2,iCAC Device,"Bunkerhill, Inc",Radiology,JAK,1,iCAC Device,"Bunkerhill, Inc.",2023-01-26,89,SESE,Substantially Equivalent,Traditional,N,,,,1,"System, X-Ray, Tomography, Computed",2,892.1750,RA,Radiology,RA,N,N,N,Y,Eligible,0,0,0,0,,,,0,exact_submission_number_only,2026-07-31,https://www.fda.gov/medical-devices/software-medical-device-samd/artificial-intelligence-enabled-medical-devices
K223501,510(k),2023-04-21,2023,Q2,ViewFinder Software Version 1.1,Elaitra Ltd,Radiology,QIH,1,ViewFinder Software Version 1.1,"Elaitra, Ltd.",2022-11-21,151,SESE,Substantially Equivalent,Traditional,N,,,,1,Automated Radiological Image Processing Software,2,892.2050,RA,Radiology,RA,N,N,N,N,Ineligible,0,0,0,0,,,,0,exact_submission_number_only,2026-07-31,https://www.fda.gov/medical-devices/software-medical-device-samd/artificial-intelligence-enabled-medical-devices
K230084,510(k),2023-04-21,2023,Q2,HERA W10 Diagnostic Ultrasound System; HERA W9 Diagnostic Ultrasound System,"Samsung Medison CO., LTD.",Radiology,IYN,1,HERA W10 Diagnostic Ultrasound System; HERA W9 Diagnostic Ultrasound System,"Samsung Medison Co., Ltd.",2023-01-11,100,SESE,Substantially Equivalent,Traditional,N,,,,1,"System, Imaging, Pulsed Doppler, Ultrasonic",2,892.1550,RA,Radiology,RA,N,N,N,Y,Eligible,0,0,0,0,,,,0,exact_submission_number_only,2026-07-31,https://www.fda.gov/medical-devices/software-medical-device-samd/artificial-intelligence-enabled-medical-devices
K223287,510(k),2023-04-20,2023,Q2,Velacur,Sonic Incytes,Radiology,IYO,1,Velacur,Sonic Incytes,2022-10-25,177,SESE,Substantially Equivalent,Traditional,N,,,,1,"System, Imaging, Pulsed Echo, Ultrasonic",2,892.1560,RA,Radiology,RA,N,N,N,Y,Eligible,0,0,0,0,,,,0,exact_submission_number_only,2026-07-31,https://www.fda.gov/medical-devices/software-medical-device-samd/artificial-intelligence-enabled-medical-devices
K230807,510(k),2023-04-20,2023,Q2,Deep Learning Image Reconstruction,GE Healthcare Japan Corporation,Radiology,JAK,1,Deep Learning Image Reconstruction,Ge Healthcare Japan Corporation,2023-03-23,28,SESE,Substantially Equivalent,Special,N,,,,1,"System, X-Ray, Tomography, Computed",2,892.1750,RA,Radiology,RA,N,N,N,Y,Eligible,0,0,0,0,,,,0,exact_submission_number_only,2026-07-31,https://www.fda.gov/medical-devices/software-medical-device-samd/artificial-intelligence-enabled-medical-devices
K223552,510(k),2023-04-19,2023,Q2,"Brainlab Elements – Trajectory Planning (2.6), Elements Stereotaxy, Elements Lead Localization, Elements Trajectory Planning Cranial",Brainlab AG,Neurology,HAW,1,"Brainlab Elements – Trajectory Planning (2.6), Elements Stereotaxy, Elements Lead Localization, Elements Trajectory Planning Cranial",Brainlab AG,2022-11-25,145,SESE,Substantially Equivalent,Traditional,N,,,,1,Neurological Stereotaxic Instrument,2,882.4560,NE,Neurology,NE,N,N,N,N,Ineligible,0,0,0,0,,,,0,exact_submission_number_only,2026-07-31,https://www.fda.gov/medical-devices/software-medical-device-samd/artificial-intelligence-enabled-medical-devices
K230023,510(k),2023-04-19,2023,Q2,ART-Plan,Therapanacea SAS,Radiology,QKB,1,ART-Plan,Therapanacea Sas,2023-01-04,105,SESE,Substantially Equivalent,Special,N,,,,1,Radiological Image Processing Software For Radiation Therapy,2,892.2050,RA,Radiology,RA,N,N,N,N,Ineligible,0,0,0,0,,,,0,exact_submission_number_only,2026-07-31,https://www.fda.gov/medical-devices/software-medical-device-samd/artificial-intelligence-enabled-medical-devices
K230772,510(k),2023-04-17,2023,Q2,Quantib Prostate,Quantib BV,Radiology,LLZ,1,Quantib Prostate,Quantib B.V.,2023-03-21,27,SESE,Substantially Equivalent,Special,N,,,,1,"System, Image Processing, Radiological",2,892.2050,RA,Radiology,RA,N,N,N,Y,Eligible,0,0,0,0,,,,0,exact_submission_number_only,2026-07-31,https://www.fda.gov/medical-devices/software-medical-device-samd/artificial-intelligence-enabled-medical-devices
K230685,510(k),2023-04-14,2023,Q2,AutoContour Model RADAC V3,"Radformation, Inc.",Radiology,QKB,1,AutoContour Model RADAC V3,"Radformation, Inc.",2023-03-13,32,SESE,Substantially Equivalent,Special,N,,,,1,Radiological Image Processing Software For Radiation Therapy,2,892.2050,RA,Radiology,RA,N,N,N,N,Ineligible,0,0,0,0,,,,0,exact_submission_number_only,2026-07-31,https://www.fda.gov/medical-devices/software-medical-device-samd/artificial-intelligence-enabled-medical-devices
K213986,510(k),2023-04-13,2023,Q2,CerebralGo Plus,"Yukun (Beijing) Technology Co., Ltd",Radiology,QIH,1,CerebralGo Plus,"Yukun (Beijing) Technology Co., Ltd.",2021-12-20,479,SESE,Substantially Equivalent,Traditional,N,,,,1,Automated Radiological Image Processing Software,2,892.2050,RA,Radiology,RA,N,N,N,N,Ineligible,0,0,0,0,,,,0,exact_submission_number_only,2026-07-31,https://www.fda.gov/medical-devices/software-medical-device-samd/artificial-intelligence-enabled-medical-devices
K230264,510(k),2023-04-13,2023,Q2,Ezra Flash,"Ezra AI, Inc.",Radiology,LLZ,1,Ezra Flash,"Ezra Ai, Inc.",2023-01-31,72,SESE,Substantially Equivalent,Traditional,N,,,,1,"System, Image Processing, Radiological",2,892.2050,RA,Radiology,RA,N,N,N,Y,Eligible,0,0,0,0,,,,0,exact_submission_number_only,2026-07-31,https://www.fda.gov/medical-devices/software-medical-device-samd/artificial-intelligence-enabled-medical-devices
K223830,510(k),2023-04-11,2023,Q2,Ultrasound System 2300,BK Medical Aps,Radiology,IYN,1,Ultrasound System 2300,Bk Medical Aps,2022-12-21,111,SESE,Substantially Equivalent,Traditional,N,,,,1,"System, Imaging, Pulsed Doppler, Ultrasonic",2,892.1550,RA,Radiology,RA,N,N,N,Y,Eligible,6,3,6,0,2023-11-30,2025-10-09,233.0,1,exact_submission_number_only,2026-07-31,https://www.fda.gov/medical-devices/software-medical-device-samd/artificial-intelligence-enabled-medical-devices
K230575,510(k),2023-04-07,2023,Q2,Limbus Contour,Limbus AI Inc.,Radiology,LLZ,1,Limbus Contour,"Limbus Ai, Inc.",2023-03-01,37,SESE,Substantially Equivalent,Special,N,,,,1,"System, Image Processing, Radiological",2,892.2050,RA,Radiology,RA,N,N,N,Y,Eligible,0,0,0,0,,,,0,exact_submission_number_only,2026-07-31,https://www.fda.gov/medical-devices/software-medical-device-samd/artificial-intelligence-enabled-medical-devices
K230658,510(k),2023-04-07,2023,Q2,SKOUT® system,Iterative Scopes Inc.,Gastroenterology-Urology,QNP,1,SKOUT® system,"Iterative Scopes, Inc.",2023-03-09,29,SESE,Substantially Equivalent,Special,N,,,,1,Gastrointesinal Lesion Software Detection System,2,876.1520,GU,"Gastroenterology, Urology",GU,N,N,N,N,Ineligible,0,0,0,0,,,,0,exact_submission_number_only,2026-07-31,https://www.fda.gov/medical-devices/software-medical-device-samd/artificial-intelligence-enabled-medical-devices
K222360,510(k),2023-04-06,2023,Q2,AI-Rad Companion (Cardiovascular),Siemens Medical Solutions U.S.A.,Radiology,JAK,1,AI-Rad Companion (Cardiovascular),Siemens Medical Solutions U.S.A.,2022-08-04,245,SESE,Substantially Equivalent,Traditional,N,,,,1,"System, X-Ray, Tomography, Computed",2,892.1750,RA,Radiology,RA,N,N,N,Y,Eligible,0,0,0,0,,,,0,exact_submission_number_only,2026-07-31,https://www.fda.gov/medical-devices/software-medical-device-samd/artificial-intelligence-enabled-medical-devices
K223458,510(k),2023-04-06,2023,Q2,"Ingenia, Ingenia CX, Ingenia Elition, Ingenia Ambition, MR 5300 and MR 7700 MR Systems",Philips Medical Systems Nederland B.V.,Radiology,LNH,1,"Ingenia, Ingenia CX, Ingenia Elition, Ingenia Ambition, MR 5300 and MR 7700 MR Systems",Philips Medical Systems Nederland B.V.,2022-11-16,141,SESE,Substantially Equivalent,Abbreviated,N,,,,1,"System, Nuclear Magnetic Resonance Imaging",2,892.1000,RA,Radiology,RA,N,N,N,Y,Eligible,8,1,8,0,2026-04-14,2026-04-14,1104.0,1,exact_submission_number_only,2026-07-31,https://www.fda.gov/medical-devices/software-medical-device-samd/artificial-intelligence-enabled-medical-devices
K223774,510(k),2023-04-06,2023,Q2,Contour ProtégéAI,MIM Software Inc.,Radiology,QKB,1,Contour ProtégéAI,"Mim Software, Inc.",2022-12-16,111,SESE,Substantially Equivalent,Traditional,N,,,,1,Radiological Image Processing Software For Radiation Therapy,2,892.2050,RA,Radiology,RA,N,N,N,N,Ineligible,0,0,0,0,,,,0,exact_submission_number_only,2026-07-31,https://www.fda.gov/medical-devices/software-medical-device-samd/artificial-intelligence-enabled-medical-devices
K223630,510(k),2023-04-05,2023,Q2,"Reveal LINQ Insertable Cardiac Monitor, LINQ II Insertable Cardiac Monitor, AccuRhythm AI ECG Classification System","Medtronic, Inc.",Cardiovascular,MXD,1,"Reveal LINQ Insertable Cardiac Monitor, LINQ II Insertable Cardiac Monitor, AccuRhythm AI ECG Classification System","Medtronic, Inc.",2022-12-05,121,SESE,Substantially Equivalent,Traditional,N,,,,1,"Recorder, Event, Implantable Cardiac, (With Arrhythmia Detection)",2,870.1025,CV,Cardiovascular,CV,Y,N,N,N,Eligible,0,0,0,0,,,,0,exact_submission_number_only,2026-07-31,https://www.fda.gov/medical-devices/software-medical-device-samd/artificial-intelligence-enabled-medical-devices
K223240,510(k),2023-04-03,2023,Q2,Annalise Enterprise CTB Triage Trauma,Annalise-AI Pty Ltd,Radiology,QAS,1,Annalise Enterprise CTB Triage Trauma,"Annalise-Ai Pty , Ltd.",2022-10-20,165,SESE,Substantially Equivalent,Traditional,N,,,,1,Radiological Computer-Assisted Triage And Notification Software,2,892.2080,RA,Radiology,RA,N,N,N,N,Ineligible,0,0,0,0,,,,0,exact_submission_number_only,2026-07-31,https://www.fda.gov/medical-devices/software-medical-device-samd/artificial-intelligence-enabled-medical-devices
DEN200011,De Novo,2023-03-31,2023,Q1,Masimo SafetyNet,Masimo Corporation,Anesthesiology,QVT,1,Masimo SafetyNet,masimo corporation,2020-02-19,1136,DENG,Granted,,,,Direct,N,1,Monitor For Opioid Induced Impairment Of Oxygenation,2,868.2250,AN,Anesthesiology,AN,N,N,N,N,Ineligible,0,0,0,0,,,,0,exact_submission_number_only,2026-07-31,https://www.fda.gov/medical-devices/software-medical-device-samd/artificial-intelligence-enabled-medical-devices
K213272,510(k),2023-03-31,2023,Q1,Formus Hip,"Formus Labs, Ltd",Radiology,QIH,1,Formus Hip,"Formus Labs, Ltd.",2021-09-30,547,SESE,Substantially Equivalent,Traditional,N,,,,1,Automated Radiological Image Processing Software,2,892.2050,RA,Radiology,RA,N,N,N,N,Ineligible,0,0,0,0,,,,0,exact_submission_number_only,2026-07-31,https://www.fda.gov/medical-devices/software-medical-device-samd/artificial-intelligence-enabled-medical-devices
K220068,510(k),2023-03-31,2023,Q1,Butterfly iQ/iQ+ Ultrasound System,"Butterfly Network, Inc.",Radiology,IYO,1,Butterfly iQ/iQ+ Ultrasound System,"Butterfly Network, Inc.",2022-01-10,445,SESE,Substantially Equivalent,Traditional,N,,,,1,"System, Imaging, Pulsed Echo, Ultrasonic",2,892.1560,RA,Radiology,RA,N,N,N,Y,Eligible,0,0,0,0,,,,0,exact_submission_number_only,2026-07-31,https://www.fda.gov/medical-devices/software-medical-device-samd/artificial-intelligence-enabled-medical-devices
K222312,510(k),2023-03-29,2023,Q1,RayStation 12A,RaySearch Laboratories AB (publ),Radiology,MUJ,1,RayStation 12A,RaySearch Laboratories AB (PUBL),2022-08-01,240,SESE,Substantially Equivalent,Traditional,N,,,,1,"System, Planning, Radiation Therapy Treatment",2,892.5050,RA,Radiology,RA,N,N,N,N,Eligible,6,5,6,0,2024-02-23,2025-11-28,331.0,1,exact_submission_number_only,2026-07-31,https://www.fda.gov/medical-devices/software-medical-device-samd/artificial-intelligence-enabled-medical-devices
K221921,510(k),2023-03-28,2023,Q1,DTX Studio Clinic 3.0,Nobel Biocare AB,Radiology,MYN,1,DTX Studio Clinic 3.0,Nobel Biocare AB,2022-07-01,270,SESE,Substantially Equivalent,Traditional,N,,,,1,"Analyzer, Medical Image",2,892.2070,RA,Radiology,RA,N,N,N,N,Eligible,0,0,0,0,,,,0,exact_submission_number_only,2026-07-31,https://www.fda.gov/medical-devices/software-medical-device-samd/artificial-intelligence-enabled-medical-devices
K222174,510(k),2023-03-28,2023,Q1,RadioLens v1.0,Synapsica,Radiology,QIH,1,RadioLens v1.0,Synapsica,2022-07-21,250,SESE,Substantially Equivalent,Traditional,N,,,,1,Automated Radiological Image Processing Software,2,892.2050,RA,Radiology,RA,N,N,N,N,Ineligible,0,0,0,0,,,,0,exact_submission_number_only,2026-07-31,https://www.fda.gov/medical-devices/software-medical-device-samd/artificial-intelligence-enabled-medical-devices
K222179,510(k),2023-03-28,2023,Q1,Annalise Enterprise CXR Triage Trauma,Annalise-AI Pty Ltd,Radiology,QFM,1,Annalise Enterprise CXR Triage Trauma,"Annalise-Ai Pty , Ltd.",2022-07-22,249,SESE,Substantially Equivalent,Traditional,N,,,,1,Radiological Computer-Assisted Prioritization Software For Lesions,2,892.2080,RA,Radiology,RA,N,N,N,N,Ineligible,0,0,0,0,,,,0,exact_submission_number_only,2026-07-31,https://www.fda.gov/medical-devices/software-medical-device-samd/artificial-intelligence-enabled-medical-devices
K222268,510(k),2023-03-28,2023,Q1,Annalise Enterprise CXR Triage Trauma,Annalise-AI Pty Ltd,Radiology,QFM,1,Annalise Enterprise CXR Triage Trauma,"Annalise-Ai Pty , Ltd.",2022-07-28,243,SESE,Substantially Equivalent,Traditional,N,,,,1,Radiological Computer-Assisted Prioritization Software For Lesions,2,892.2080,RA,Radiology,RA,N,N,N,N,Ineligible,0,0,0,0,,,,0,exact_submission_number_only,2026-07-31,https://www.fda.gov/medical-devices/software-medical-device-samd/artificial-intelligence-enabled-medical-devices
K223343,510(k),2023-03-28,2023,Q1,MAGNETOM Amira; MAGNETOM Sempra,Siemens Medical Solutions USA Inc.,Radiology,LNH,1,MAGNETOM Amira; MAGNETOM Sempra,"Siemens Medical Solutions USA, Inc.",2022-11-01,147,SESE,Substantially Equivalent,Traditional,N,,,,1,"System, Nuclear Magnetic Resonance Imaging",2,892.1000,RA,Radiology,RA,N,N,N,Y,Eligible,1,1,1,0,2023-09-01,2023-09-01,157.0,1,exact_submission_number_only,2026-07-31,https://www.fda.gov/medical-devices/software-medical-device-samd/artificial-intelligence-enabled-medical-devices
K222746,510(k),2023-03-27,2023,Q1,Overjet Caries Assist,"Overjet, Inc.",Radiology,MYN,1,Overjet Caries Assist,"Overjet, Inc.",2022-09-12,196,SESE,Substantially Equivalent,Traditional,N,,,,1,"Analyzer, Medical Image",2,892.2070,RA,Radiology,RA,N,N,N,N,Eligible,0,0,0,0,,,,0,exact_submission_number_only,2026-07-31,https://www.fda.gov/medical-devices/software-medical-device-samd/artificial-intelligence-enabled-medical-devices
K222036,510(k),2023-03-22,2023,Q1,MPXA-2000,"Medipixel, Inc.",Radiology,QIH,1,MPXA-2000,"Medipixel, Inc.",2022-07-11,254,SESE,Substantially Equivalent,Traditional,N,,,,1,Automated Radiological Image Processing Software,2,892.2050,RA,Radiology,RA,N,N,N,N,Ineligible,0,0,0,0,,,,0,exact_submission_number_only,2026-07-31,https://www.fda.gov/medical-devices/software-medical-device-samd/artificial-intelligence-enabled-medical-devices
K223490,510(k),2023-03-21,2023,Q1,FlightPlan for Embolization,GE Medical Systems SCS,Radiology,LLZ,1,FlightPlan for Embolization,GE Medical Systems SCS,2022-11-21,120,SESE,Substantially Equivalent,Traditional,N,,,,1,"System, Image Processing, Radiological",2,892.2050,RA,Radiology,RA,N,N,N,Y,Eligible,0,0,0,0,,,,0,exact_submission_number_only,2026-07-31,https://www.fda.gov/medical-devices/software-medical-device-samd/artificial-intelligence-enabled-medical-devices
K221772,510(k),2023-03-17,2023,Q1,NeuroRPM,New Touch Digital Inc.,Neurology,GYD,1,NeuroRPM,"New Touch Digital, Inc.",2022-06-21,269,SESE,Substantially Equivalent,Traditional,N,,,,1,"Transducer, Tremor",2,882.1950,NE,Neurology,NE,N,N,N,Y,Eligible,0,0,0,0,,,,0,exact_submission_number_only,2026-07-31,https://www.fda.gov/medical-devices/software-medical-device-samd/artificial-intelligence-enabled-medical-devices
K223073,510(k),2023-03-17,2023,Q1,Alio,"Alio, Inc.",Cardiovascular,DRG,1,Alio,"Alio, Inc.",2022-09-30,168,SESE,Substantially Equivalent,Traditional,N,,,,1,"Transmitters And Receivers, Physiological Signal, Radiofrequency",2,870.2910,CV,Cardiovascular,CV,N,N,N,Y,Eligible,0,0,0,0,,,,0,exact_submission_number_only,2026-07-31,https://www.fda.gov/medical-devices/software-medical-device-samd/artificial-intelligence-enabled-medical-devices
K223443,510(k),2023-03-17,2023,Q1,Viz AAA,"Viz. ai, Inc.",Radiology,QFM,1,Viz AAA,"Viz. Ai, Inc.",2022-11-14,123,SESE,Substantially Equivalent,Traditional,N,,,,1,Radiological Computer-Assisted Prioritization Software For Lesions,2,892.2080,RA,Radiology,RA,N,N,N,N,Ineligible,0,0,0,0,,,,0,exact_submission_number_only,2026-07-31,https://www.fda.gov/medical-devices/software-medical-device-samd/artificial-intelligence-enabled-medical-devices
K223325,510(k),2023-03-10,2023,Q1,uMI Panorama,"Shanghai United Imaging Healthcare Co., Ltd.",Radiology,KPS,1,uMI Panorama,"Shanghai United Imaging Healthcare Co., Ltd.",2022-10-31,130,SESE,Substantially Equivalent,Traditional,N,,,,1,"System, Tomography, Computed, Emission",2,892.1200,RA,Radiology,RA,N,N,N,Y,Eligible,1,1,1,0,2025-09-12,2025-09-12,917.0,1,exact_submission_number_only,2026-07-31,https://www.fda.gov/medical-devices/software-medical-device-samd/artificial-intelligence-enabled-medical-devices
K221706,510(k),2023-03-09,2023,Q1,AccuContour,"Manteia Technologies Co., Ltd.",Radiology,QKB,1,AccuContour,"Manteia Technologies Co., Ltd.",2022-06-13,269,SESE,Substantially Equivalent,Traditional,N,,,,1,Radiological Image Processing Software For Radiation Therapy,2,892.2050,RA,Radiology,RA,N,N,N,N,Ineligible,0,0,0,0,,,,0,exact_submission_number_only,2026-07-31,https://www.fda.gov/medical-devices/software-medical-device-samd/artificial-intelligence-enabled-medical-devices
K223514,510(k),2023-03-09,2023,Q1,Spectral Bone Marrow,"GE Medical Systems, LLC",Radiology,JAK,1,Spectral Bone Marrow,"Ge Medical Systems, LLC",2022-11-22,107,SESE,Substantially Equivalent,Traditional,N,,,,1,"System, X-Ray, Tomography, Computed",2,892.1750,RA,Radiology,RA,N,N,N,Y,Eligible,0,0,0,0,,,,0,exact_submission_number_only,2026-07-31,https://www.fda.gov/medical-devices/software-medical-device-samd/artificial-intelligence-enabled-medical-devices
K223726,510(k),2023-03-07,2023,Q1,Aquilion Precision (TSX-304A/4) V10.14 with AiCE,Canon Medical Systems Corporation,Radiology,JAK,1,Aquilion Precision (TSX-304A/4) V10.14 with AiCE,Canon Medical Systems Corporation,2022-12-13,84,SESE,Substantially Equivalent,Traditional,N,,,,1,"System, X-Ray, Tomography, Computed",2,892.1750,RA,Radiology,RA,N,N,N,Y,Eligible,0,0,0,0,,,,0,exact_submission_number_only,2026-07-31,https://www.fda.gov/medical-devices/software-medical-device-samd/artificial-intelligence-enabled-medical-devices
K222819,510(k),2023-03-03,2023,Q1,Aquilion Serve (TSX-307A/1) V1.2 with AiCE-i,Canon Medical Systems Corporation,Radiology,JAK,1,Aquilion Serve (TSX-307A/1) V1.2 with AiCE-i,Canon Medical Systems Corporation,2022-09-19,165,SESE,Substantially Equivalent,Traditional,N,,,,1,"System, X-Ray, Tomography, Computed",2,892.1750,RA,Radiology,RA,N,N,N,Y,Eligible,0,0,0,0,,,,0,exact_submission_number_only,2026-07-31,https://www.fda.gov/medical-devices/software-medical-device-samd/artificial-intelligence-enabled-medical-devices
K222176,510(k),2023-03-02,2023,Q1,BoneView,Gleamer,Radiology,QBS,1,BoneView,Gleamer,2022-07-22,223,SESE,Substantially Equivalent,Traditional,N,,,,1,Radiological Computer Assisted Detection/Diagnosis Software For Fracture,2,892.2090,RA,Radiology,RA,N,N,N,N,Ineligible,0,0,0,0,,,,0,exact_submission_number_only,2026-07-31,https://www.fda.gov/medical-devices/software-medical-device-samd/artificial-intelligence-enabled-medical-devices
K222884,510(k),2023-03-02,2023,Q1,Rapid NCCT Stroke,"iSchemaView, Inc.",Radiology,QAS,1,Rapid NCCT Stroke,"Ischemaview, Inc.",2022-09-22,161,SESE,Substantially Equivalent,Traditional,N,,,,1,Radiological Computer-Assisted Triage And Notification Software,2,892.2080,RA,Radiology,RA,N,N,N,N,Ineligible,0,0,0,0,,,,0,exact_submission_number_only,2026-07-31,https://www.fda.gov/medical-devices/software-medical-device-samd/artificial-intelligence-enabled-medical-devices
K221680,510(k),2023-03-01,2023,Q1,Xeleris V Processing and Review System,GE Healthcare,Radiology,LLZ,1,Xeleris V Processing and Review System,GE Healthcare,2022-06-09,265,SESE,Substantially Equivalent,Traditional,N,,,,1,"System, Image Processing, Radiological",2,892.2050,RA,Radiology,RA,N,N,N,Y,Eligible,0,0,0,0,,,,0,exact_submission_number_only,2026-07-31,https://www.fda.gov/medical-devices/software-medical-device-samd/artificial-intelligence-enabled-medical-devices
DEN220063,De Novo,2023-02-24,2023,Q1,Caption Interpretation Automated Ejection Fraction Software,"Caption Health, Inc",Radiology,QVD,1,Caption Interpretation Automated Ejection Fraction Software,"caption health, inc.",2022-09-28,149,DENG,Granted,,,,Direct,N,1,Radiological Machine Learning Based Quantitative Imaging Software With Change Control Plan,2,892.2055,RA,Radiology,RA,N,N,N,N,Ineligible,0,0,0,0,,,,0,exact_submission_number_only,2026-07-31,https://www.fda.gov/medical-devices/software-medical-device-samd/artificial-intelligence-enabled-medical-devices
K221592,510(k),2023-02-24,2023,Q1,AVIEW Lung Nodule CAD,"Coreline Soft Co.,Ltd.",Radiology,OEB,1,AVIEW Lung Nodule CAD,"Coreline Soft Co., Ltd.",2022-06-02,267,SESE,Substantially Equivalent,Traditional,N,,,,1,"Lung Computed Tomography System, Computer-Aided Detection",2,892.2050,RA,Radiology,RA,N,N,N,N,Eligible,0,0,0,0,,,,0,exact_submission_number_only,2026-07-31,https://www.fda.gov/medical-devices/software-medical-device-samd/artificial-intelligence-enabled-medical-devices
K221564,510(k),2023-02-23,2023,Q1,Brainomix 360 e-ASPECTS,Brainomix Limited,Radiology,POK,1,Brainomix 360 e-ASPECTS,Brainomix Limited,2022-05-31,268,SESE,Substantially Equivalent,Traditional,N,,,,1,Computer-Assisted Diagnostic Software For Lesions Suspicious For Cancer,2,892.2060,RA,Radiology,RA,N,N,N,N,Eligible,0,0,0,0,,,,0,exact_submission_number_only,2026-07-31,https://www.fda.gov/medical-devices/software-medical-device-samd/artificial-intelligence-enabled-medical-devices
K222579,510(k),2023-02-23,2023,Q1,Belun Sleep System BLS-100,Belun Technology Company Limited,Anesthesiology,MNR,1,Belun Sleep System BLS-100,Belun Technology Company Limited,2022-08-25,182,SESE,Substantially Equivalent,Traditional,N,,,,1,Ventilatory Effort Recorder,2,868.2375,AN,Anesthesiology,AN,N,N,N,Y,Eligible,0,0,0,0,,,,0,exact_submission_number_only,2026-07-31,https://www.fda.gov/medical-devices/software-medical-device-samd/artificial-intelligence-enabled-medical-devices
K230197,510(k),2023-02-22,2023,Q1,BoneMRI v1.6,MRIguidance B.V.,Radiology,QIH,1,BoneMRI v1.6,Mriguidance B.V.,2023-01-25,28,SESE,Substantially Equivalent,Special,N,,,,1,Automated Radiological Image Processing Software,2,892.2050,RA,Radiology,RA,N,N,N,N,Ineligible,0,0,0,0,,,,0,exact_submission_number_only,2026-07-31,https://www.fda.gov/medical-devices/software-medical-device-samd/artificial-intelligence-enabled-medical-devices
K230208,510(k),2023-02-22,2023,Q1,Swoop® Portable MR Imaging System™,"Hyperfine, Inc.",Radiology,LNH,1,Swoop® Portable MR Imaging System™,"Hyperfine, Inc.",2023-01-25,28,SESE,Substantially Equivalent,Special,N,,,,1,"System, Nuclear Magnetic Resonance Imaging",2,892.1000,RA,Radiology,RA,N,N,N,Y,Eligible,0,0,0,0,,,,0,exact_submission_number_only,2026-07-31,https://www.fda.gov/medical-devices/software-medical-device-samd/artificial-intelligence-enabled-medical-devices
DEN210022,De Novo,2023-02-17,2023,Q1,PMD-200,Medasense Biometrics Ltd.,Anesthesiology,QVE,1,PMD-200,"medasense biometrics , ltd.",2021-06-04,623,DENG,Granted,,,,Direct,N,1,Adjunctive Pain Measurement Device For Anesthesiology,2,868.2200,AN,Anesthesiology,AN,N,N,N,N,Ineligible,0,0,0,0,,,,0,exact_submission_number_only,2026-07-31,https://www.fda.gov/medical-devices/software-medical-device-samd/artificial-intelligence-enabled-medical-devices
K222755,510(k),2023-02-16,2023,Q1,uMR 680,"Shanghai United Imaging Intelligence Co., Ltd.",Radiology,LNH,1,uMR 680,"Shanghai United Imaging Intelligence Co., Ltd.",2022-09-12,157,SESE,Substantially Equivalent,Traditional,N,,,,1,"System, Nuclear Magnetic Resonance Imaging",2,892.1000,RA,Radiology,RA,N,N,N,Y,Eligible,0,0,0,0,,,,0,exact_submission_number_only,2026-07-31,https://www.fda.gov/medical-devices/software-medical-device-samd/artificial-intelligence-enabled-medical-devices
K223028,510(k),2023-02-16,2023,Q1,uCT ATLAS Astound with uWS-CT-Dual Energy Analysis,"Shanghai United Imaging Healthcare Co., Ltd.",Radiology,JAK,1,uCT ATLAS Astound with uWS-CT-Dual Energy Analysis,"Shanghai United Imaging Healthcare Co., Ltd.",2022-09-29,140,SESE,Substantially Equivalent,Traditional,N,,,,1,"System, X-Ray, Tomography, Computed",2,892.1750,RA,Radiology,RA,N,N,N,Y,Eligible,0,0,0,0,,,,0,exact_submission_number_only,2026-07-31,https://www.fda.gov/medical-devices/software-medical-device-samd/artificial-intelligence-enabled-medical-devices
K222389,510(k),2023-02-15,2023,Q1,ZEUS System,"iRhythm Technologies, Inc.",Cardiovascular,DQK,1,ZEUS System,"iRhythm Technologies, Inc.",2022-08-08,191,SESE,Substantially Equivalent,Traditional,N,,,,1,"Computer, Diagnostic, Programmable",2,870.1425,CV,Cardiovascular,CV,N,N,N,Y,Eligible,0,0,0,0,,,,0,exact_submission_number_only,2026-07-31,https://www.fda.gov/medical-devices/software-medical-device-samd/artificial-intelligence-enabled-medical-devices
K223387,510(k),2023-02-13,2023,Q1,"V8 Diagnostic Ultrasound System, V7 Diagnostic Ultrasound System","Samsung Medison Co., Ltd.",Radiology,IYN,1,"V8 Diagnostic Ultrasound System, V7 Diagnostic Ultrasound System","Samsung Medison Co., Ltd.",2022-11-07,98,SESE,Substantially Equivalent,Traditional,N,,,,1,"System, Imaging, Pulsed Doppler, Ultrasonic",2,892.1550,RA,Radiology,RA,N,N,N,Y,Eligible,0,0,0,0,,,,0,exact_submission_number_only,2026-07-31,https://www.fda.gov/medical-devices/software-medical-device-samd/artificial-intelligence-enabled-medical-devices
K223439,510(k),2023-02-13,2023,Q1,SIGNA Victor,GE Healthcare (Tianjin) Company Limited,Radiology,LNH,1,SIGNA Victor,Ge Healthcare (Tianjin) Company Limited,2022-11-14,91,SESE,Substantially Equivalent,Traditional,N,,,,1,"System, Nuclear Magnetic Resonance Imaging",2,892.1000,RA,Radiology,RA,N,N,N,Y,Eligible,1,1,1,0,2024-06-14,2024-06-14,487.0,1,exact_submission_number_only,2026-07-31,https://www.fda.gov/medical-devices/software-medical-device-samd/artificial-intelligence-enabled-medical-devices
K223296,510(k),2023-02-06,2023,Q1,Videa Perio Assist,"VideaHealth, Inc.",Radiology,QIH,1,Videa Perio Assist,"Videahealth, Inc.",2022-10-26,103,SESE,Substantially Equivalent,Traditional,N,,,,1,Automated Radiological Image Processing Software,2,892.2050,RA,Radiology,RA,N,N,N,N,Ineligible,0,0,0,0,,,,0,exact_submission_number_only,2026-07-31,https://www.fda.gov/medical-devices/software-medical-device-samd/artificial-intelligence-enabled-medical-devices
K222803,510(k),2023-02-02,2023,Q1,Oncospace,"Oncospace, Inc.",Radiology,MUJ,1,Oncospace,"Oncospace, Inc.",2022-09-16,139,SESE,Substantially Equivalent,Traditional,N,,,,1,"System, Planning, Radiation Therapy Treatment",2,892.5050,RA,Radiology,RA,N,N,N,N,Eligible,0,0,0,0,,,,0,exact_submission_number_only,2026-07-31,https://www.fda.gov/medical-devices/software-medical-device-samd/artificial-intelligence-enabled-medical-devices
K222970,510(k),2023-02-01,2023,Q1,LVivo IQS,DiA Imaging Analysis Ltd,Radiology,QIH,1,LVivo IQS,"Dia Imaging Analysis, Ltd.",2022-09-27,127,SESE,Substantially Equivalent,Traditional,N,,,,1,Automated Radiological Image Processing Software,2,892.2050,RA,Radiology,RA,N,N,N,N,Ineligible,0,0,0,0,,,,0,exact_submission_number_only,2026-07-31,https://www.fda.gov/medical-devices/software-medical-device-samd/artificial-intelligence-enabled-medical-devices
K223396,510(k),2023-02-01,2023,Q1,Rapid RV/LV,iSchema View Inc.,Radiology,QIH,1,Rapid RV/LV,"Ischemaview, Inc.",2022-11-08,85,SESE,Substantially Equivalent,Traditional,N,,,,1,Automated Radiological Image Processing Software,2,892.2050,RA,Radiology,RA,N,N,N,N,Ineligible,0,0,0,0,,,,0,exact_submission_number_only,2026-07-31,https://www.fda.gov/medical-devices/software-medical-device-samd/artificial-intelligence-enabled-medical-devices
K230020,510(k),2023-02-01,2023,Q1,BriefCase,"Aidoc Medical, Ltd.",Radiology,QFM,1,BriefCase,"Aidoc Medical , Ltd.",2023-01-03,29,SESE,Substantially Equivalent,Special,N,,,,1,Radiological Computer-Assisted Prioritization Software For Lesions,2,892.2080,RA,Radiology,RA,N,N,N,N,Ineligible,0,0,0,0,,,,0,exact_submission_number_only,2026-07-31,https://www.fda.gov/medical-devices/software-medical-device-samd/artificial-intelligence-enabled-medical-devices
K221868,510(k),2023-01-27,2023,Q1,QOCA image Smart CXR Image Processing System,Quanta Computer Inc.,Radiology,QFM,1,QOCA image Smart CXR Image Processing System,"Quanta Computer, Inc.",2022-06-27,214,SESE,Substantially Equivalent,Traditional,N,,,,1,Radiological Computer-Assisted Prioritization Software For Lesions,2,892.2080,RA,Radiology,RA,N,N,N,N,Ineligible,0,0,0,0,,,,0,exact_submission_number_only,2026-07-31,https://www.fda.gov/medical-devices/software-medical-device-samd/artificial-intelligence-enabled-medical-devices
K222406,510(k),2023-01-23,2023,Q1,Clarius AI,Clarius Mobile Health Corp.,Radiology,QIH,1,Clarius AI,Clarius Mobile Health Corp.,2022-08-09,167,SESE,Substantially Equivalent,Traditional,N,,,,1,Automated Radiological Image Processing Software,2,892.2050,RA,Radiology,RA,N,N,N,N,Ineligible,0,0,0,0,,,,0,exact_submission_number_only,2026-07-31,https://www.fda.gov/medical-devices/software-medical-device-samd/artificial-intelligence-enabled-medical-devices
K223516,510(k),2023-01-21,2023,Q1,VX1+,Volta Medical,Cardiovascular,DQK,1,VX1+,Volta Medical,2022-11-22,60,SESE,Substantially Equivalent,Traditional,N,,,,1,"Computer, Diagnostic, Programmable",2,870.1425,CV,Cardiovascular,CV,N,N,N,Y,Eligible,0,0,0,0,,,,0,exact_submission_number_only,2026-07-31,https://www.fda.gov/medical-devices/software-medical-device-samd/artificial-intelligence-enabled-medical-devices
K222593,510(k),2023-01-18,2023,Q1,TruPlan Computed Tomography (CT) Imaging Software,"Circle Cardiovascular Imaging, Inc.",Radiology,LLZ,1,TruPlan Computed Tomography (CT) Imaging Software,"Circle Cardiovascular Imaging, Inc.",2022-08-26,145,SESE,Substantially Equivalent,Traditional,N,,,,1,"System, Image Processing, Radiological",2,892.2050,RA,Radiology,RA,N,N,N,Y,Eligible,0,0,0,0,,,,0,exact_submission_number_only,2026-07-31,https://www.fda.gov/medical-devices/software-medical-device-samd/artificial-intelligence-enabled-medical-devices
K223502,510(k),2023-01-13,2023,Q1,MR Diffusion Perfusion Mismatch V1.0,Olea Medical,Radiology,LLZ,1,MR Diffusion Perfusion Mismatch V1.0,Olea Medical,2022-11-21,53,SESE,Substantially Equivalent,Traditional,N,,,,1,"System, Image Processing, Radiological",2,892.2050,RA,Radiology,RA,N,N,N,Y,Eligible,0,0,0,0,,,,0,exact_submission_number_only,2026-07-31,https://www.fda.gov/medical-devices/software-medical-device-samd/artificial-intelligence-enabled-medical-devices
K222458,510(k),2023-01-12,2023,Q1,AIBOLIT 3D+,"Aibolit Technologies, LLC",Radiology,LLZ,1,AIBOLIT 3D+,"Aibolit Technologies, LLC",2022-08-15,150,SESE,Substantially Equivalent,Traditional,N,,,,1,"System, Image Processing, Radiological",2,892.2050,RA,Radiology,RA,N,N,N,Y,Eligible,0,0,0,0,,,,0,exact_submission_number_only,2026-07-31,https://www.fda.gov/medical-devices/software-medical-device-samd/artificial-intelligence-enabled-medical-devices
K223738,510(k),2023-01-11,2023,Q1,Alpha Control Liner System (ACLS),Coapt,Neurology,GXY,1,Alpha Control Liner System (ACLS),Coapt,2022-12-14,28,SESE,Substantially Equivalent,Special,N,,,,1,"Electrode, Cutaneous",2,882.1320,NE,Neurology,NE,N,N,N,Y,Ineligible,0,0,0,0,,,,0,exact_submission_number_only,2026-07-31,https://www.fda.gov/medical-devices/software-medical-device-samd/artificial-intelligence-enabled-medical-devices
K214036,510(k),2022-12-23,2022,Q4,AVIEW,"Coreline Soft Co.,Ltd.",Radiology,QIH,1,AVIEW,"Coreline Soft Co., Ltd.",2021-12-23,365,SESE,Substantially Equivalent,Traditional,N,,,,1,Automated Radiological Image Processing Software,2,892.2050,RA,Radiology,RA,N,N,N,N,Ineligible,0,0,0,0,,,,0,exact_submission_number_only,2026-07-31,https://www.fda.gov/medical-devices/software-medical-device-samd/artificial-intelligence-enabled-medical-devices
K223442,510(k),2022-12-23,2022,Q4,MR 5300 and MR 7700 R11 MR Systems,Philips Medical Systems Nederlands B.V.,Radiology,LNH,1,MR 5300 and MR 7700 R11 MR Systems,Philips Medical Systems Nederlands B.V.,2022-11-14,39,SESE,Substantially Equivalent,Special,N,,,,1,"System, Nuclear Magnetic Resonance Imaging",2,892.1000,RA,Radiology,RA,N,N,N,Y,Eligible,3,3,3,0,2025-05-13,2025-12-03,872.0,1,exact_submission_number_only,2026-07-31,https://www.fda.gov/medical-devices/software-medical-device-samd/artificial-intelligence-enabled-medical-devices
K223311,510(k),2022-12-22,2022,Q4,Philips CT 3500,"Philips Healthcare (Suzhou) Co., Ltd",Radiology,JAK,1,Philips CT 3500,"Philips Healthcare (Suzhou) Co., Ltd.",2022-10-28,55,SESE,Substantially Equivalent,Traditional,N,,,,1,"System, X-Ray, Tomography, Computed",2,892.1750,RA,Radiology,RA,N,N,N,Y,Eligible,0,0,0,0,,,,0,exact_submission_number_only,2026-07-31,https://www.fda.gov/medical-devices/software-medical-device-samd/artificial-intelligence-enabled-medical-devices
K220928,510(k),2022-12-16,2022,Q4,Overjet Calculus Assist,Overjet Inc.,Radiology,MYN,1,Overjet Calculus Assist,"Overjet, Inc.",2022-03-31,260,SESE,Substantially Equivalent,Traditional,N,,,,1,"Analyzer, Medical Image",2,892.2070,RA,Radiology,RA,N,N,N,N,Eligible,0,0,0,0,,,,0,exact_submission_number_only,2026-07-31,https://www.fda.gov/medical-devices/software-medical-device-samd/artificial-intelligence-enabled-medical-devices
K222275,510(k),2022-12-16,2022,Q4,Saige-Density,"DeepHealth, Inc.",Radiology,QIH,1,Saige-Density,"DeepHealth, Inc.",2022-07-29,140,SESE,Substantially Equivalent,Traditional,N,,,,1,Automated Radiological Image Processing Software,2,892.2050,RA,Radiology,RA,N,N,N,N,Ineligible,0,0,0,0,,,,0,exact_submission_number_only,2026-07-31,https://www.fda.gov/medical-devices/software-medical-device-samd/artificial-intelligence-enabled-medical-devices
K223268,510(k),2022-12-16,2022,Q4,BrainInsight,"Hyperfine, Inc.",Radiology,QIH,1,BrainInsight,"Hyperfine, Inc.",2022-10-24,53,SESE,Substantially Equivalent,Traditional,N,,,,1,Automated Radiological Image Processing Software,2,892.2050,RA,Radiology,RA,N,N,N,N,Ineligible,0,0,0,0,,,,0,exact_submission_number_only,2026-07-31,https://www.fda.gov/medical-devices/software-medical-device-samd/artificial-intelligence-enabled-medical-devices
K223247,510(k),2022-12-06,2022,Q4,Swoop Portable MR Imaging System,"Hyperfine, Inc.",Radiology,LNH,1,Swoop Portable MR Imaging System,"Hyperfine, Inc.",2022-10-21,46,SESE,Substantially Equivalent,Special,N,,,,1,"System, Nuclear Magnetic Resonance Imaging",2,892.1000,RA,Radiology,RA,N,N,N,Y,Eligible,0,0,0,0,,,,0,exact_submission_number_only,2026-07-31,https://www.fda.gov/medical-devices/software-medical-device-samd/artificial-intelligence-enabled-medical-devices
K222692,510(k),2022-12-05,2022,Q4,BriefCase,"Aidoc Medical, Ltd.",Radiology,QFM,1,BriefCase,"Aidoc Medical , Ltd.",2022-09-06,90,SESE,Substantially Equivalent,Traditional,N,,,,1,Radiological Computer-Assisted Prioritization Software For Lesions,2,892.2080,RA,Radiology,RA,N,N,N,N,Ineligible,0,0,0,0,,,,0,exact_submission_number_only,2026-07-31,https://www.fda.gov/medical-devices/software-medical-device-samd/artificial-intelligence-enabled-medical-devices
K220786,510(k),2022-12-01,2022,Q4,STAR Apollo Mapping System,"Rhythm Al, Ltd",Cardiovascular,DQK,1,STAR Apollo Mapping System,"Rhythm Al, Ltd.",2022-03-17,259,SESE,Substantially Equivalent,Traditional,N,,,,1,"Computer, Diagnostic, Programmable",2,870.1425,CV,Cardiovascular,CV,N,N,N,Y,Eligible,0,0,0,0,,,,0,exact_submission_number_only,2026-07-31,https://www.fda.gov/medical-devices/software-medical-device-samd/artificial-intelligence-enabled-medical-devices
K221624,510(k),2022-11-22,2022,Q4,Avenda Health AI Prostate Cancer Planning Software,"Avenda Health, Inc.",Radiology,POK,1,Avenda Health AI Prostate Cancer Planning Software,"Avenda Health, Inc.",2022-06-06,169,SESE,Substantially Equivalent,Traditional,N,,,,1,Computer-Assisted Diagnostic Software For Lesions Suspicious For Cancer,2,892.2060,RA,Radiology,RA,N,N,N,N,Eligible,0,0,0,0,,,,0,exact_submission_number_only,2026-07-31,https://www.fda.gov/medical-devices/software-medical-device-samd/artificial-intelligence-enabled-medical-devices
K221716,510(k),2022-11-22,2022,Q4,CINA,AVICENNA.AI,Radiology,QAS,1,CINA,Avicenna.Ai,2022-06-13,162,SESE,Substantially Equivalent,Special,N,,,,1,Radiological Computer-Assisted Triage And Notification Software,2,892.2080,RA,Radiology,RA,N,N,N,N,Ineligible,0,0,0,0,,,,0,exact_submission_number_only,2026-07-31,https://www.fda.gov/medical-devices/software-medical-device-samd/artificial-intelligence-enabled-medical-devices
K223032,510(k),2022-11-21,2022,Q4,SIS System (Version 5.6.0),"Surgical Information Sciences, Inc.",Radiology,QIH,1,SIS System (Version 5.6.0),"Surgical Information Sciences, Inc.",2022-09-29,53,SESE,Substantially Equivalent,Traditional,N,,,,1,Automated Radiological Image Processing Software,2,892.2050,RA,Radiology,RA,N,N,N,N,Ineligible,0,0,0,0,,,,0,exact_submission_number_only,2026-07-31,https://www.fda.gov/medical-devices/software-medical-device-samd/artificial-intelligence-enabled-medical-devices
K221330,510(k),2022-11-18,2022,Q4,BriefCase,"Aidoc Medical, Ltd.",Radiology,QAS,1,BriefCase,"Aidoc Medical , Ltd.",2022-05-06,196,SESE,Substantially Equivalent,Traditional,N,,,,1,Radiological Computer-Assisted Triage And Notification Software,2,892.2080,RA,Radiology,RA,N,N,N,N,Ineligible,0,0,0,0,,,,0,exact_submission_number_only,2026-07-31,https://www.fda.gov/medical-devices/software-medical-device-samd/artificial-intelligence-enabled-medical-devices
K221762,510(k),2022-11-16,2022,Q4,BoneMRI v1.4,MRlguidance B.V.,Radiology,QIH,1,BoneMRI v1.4,Mrlguidance B.V.,2022-06-17,152,SESE,Substantially Equivalent,Traditional,N,,,,1,Automated Radiological Image Processing Software,2,892.2050,RA,Radiology,RA,N,N,N,N,Ineligible,0,0,0,0,,,,0,exact_submission_number_only,2026-07-31,https://www.fda.gov/medical-devices/software-medical-device-samd/artificial-intelligence-enabled-medical-devices
K222428,510(k),2022-11-14,2022,Q4,Syngo Dynamics (Version VA40F),"Siemens Medical Solutions USA, Inc.",Radiology,QIH,1,Syngo Dynamics (Version VA40F),"Siemens Medical Solutions USA, Inc.",2022-08-11,95,SESE,Substantially Equivalent,Traditional,N,,,,1,Automated Radiological Image Processing Software,2,892.2050,RA,Radiology,RA,N,N,N,N,Ineligible,0,0,0,0,,,,0,exact_submission_number_only,2026-07-31,https://www.fda.gov/medical-devices/software-medical-device-samd/artificial-intelligence-enabled-medical-devices
K220408,510(k),2022-11-10,2022,Q4,AVIEW RT ACS,"Coreline Soft Co.,Ltd",Radiology,QKB,1,AVIEW RT ACS,"Coreline Soft Co., Ltd.",2022-02-14,269,SESE,Substantially Equivalent,Traditional,N,,,,1,Radiological Image Processing Software For Radiation Therapy,2,892.2050,RA,Radiology,RA,N,N,N,N,Ineligible,0,0,0,0,,,,0,exact_submission_number_only,2026-07-31,https://www.fda.gov/medical-devices/software-medical-device-samd/artificial-intelligence-enabled-medical-devices
K221183,510(k),2022-11-10,2022,Q4,AEYE-DS,"AEYE Health, Inc.",Ophthalmic,PIB,1,AEYE-DS,"Aeye Health, Inc.",2022-04-25,199,SESE,Substantially Equivalent,Traditional,N,,,,1,Diabetic Retinopathy Detection Device,2,886.1100,OP,Ophthalmic,OP,N,N,N,N,Eligible,0,0,0,0,,,,0,exact_submission_number_only,2026-07-31,https://www.fda.gov/medical-devices/software-medical-device-samd/artificial-intelligence-enabled-medical-devices
K221552,510(k),2022-11-08,2022,Q4,EFAI ChestSuite XR Pneumothorax Assessment System,"Ever Fortune AI Co., Ltd.",Radiology,QFM,1,EFAI ChestSuite XR Pneumothorax Assessment System,"Ever Fortune.Ai, Co., Ltd.",2022-05-31,161,SESE,Substantially Equivalent,Traditional,N,,,,1,Radiological Computer-Assisted Prioritization Software For Lesions,2,892.2080,RA,Radiology,RA,N,N,N,N,Ineligible,0,0,0,0,,,,0,exact_submission_number_only,2026-07-31,https://www.fda.gov/medical-devices/software-medical-device-samd/artificial-intelligence-enabled-medical-devices
P210015,PMA,2022-10-31,2022,Q4,Avive Automated External Defibrillator (AED) System,"Avive Solutions, Inc.",Cardiovascular,MKJ,1,Avive Automated External Defibrillator (AED) System,"Avive Solutions, Inc.",2021-04-06,573,APPR,Approved,,,N,,,1,Automated External Defibrillators (Non-Wearable),3,870.5310,CV,Cardiovascular,CV,N,N,N,N,Ineligible,0,0,0,0,,,,0,exact_submission_number_only,2026-07-31,https://www.fda.gov/medical-devices/software-medical-device-samd/artificial-intelligence-enabled-medical-devices
K220332,510(k),2022-10-27,2022,Q4,uMR Omega with uWS-MR-MRS,"Shanghai United Imaging Healthcare Co.,Ltd.",Radiology,LNH,1,uMR Omega with uWS-MR-MRS,"Shanghai United Imaging Healthcare Co., Ltd.",2022-02-04,265,SESE,Substantially Equivalent,Traditional,N,,,,1,"System, Nuclear Magnetic Resonance Imaging",2,892.1000,RA,Radiology,RA,N,N,N,Y,Eligible,0,0,0,0,,,,0,exact_submission_number_only,2026-07-31,https://www.fda.gov/medical-devices/software-medical-device-samd/artificial-intelligence-enabled-medical-devices
K222070,510(k),2022-10-25,2022,Q4,EndoNaut,Therenva SAS,Radiology,OWB,1,EndoNaut,Therenva Sas,2022-07-14,103,SESE,Substantially Equivalent,Traditional,N,,,,1,Interventional Fluoroscopic X-Ray System,2,892.1650,RA,Radiology,RA,N,N,N,Y,Eligible,0,0,0,0,,,,0,exact_submission_number_only,2026-07-31,https://www.fda.gov/medical-devices/software-medical-device-samd/artificial-intelligence-enabled-medical-devices
K223042,510(k),2022-10-21,2022,Q4,Viz LVO ContaCT,"Viz.ai, Inc.",Radiology,QAS,1,Viz LVO ContaCT,"Viz. Ai, Inc.",2022-09-29,22,SESE,Substantially Equivalent,Special,N,,,,1,Radiological Computer-Assisted Triage And Notification Software,2,892.2080,RA,Radiology,RA,N,N,N,N,Ineligible,0,0,0,0,,,,0,exact_submission_number_only,2026-07-31,https://www.fda.gov/medical-devices/software-medical-device-samd/artificial-intelligence-enabled-medical-devices
K222361,510(k),2022-10-20,2022,Q4,AI-Rad Companion (Musculoskeletal),"Siemens Medical Solutions USA, Inc.",Radiology,JAK,1,AI-Rad Companion (Musculoskeletal),"Siemens Medical Solutions USA, Inc.",2022-08-04,77,SESE,Substantially Equivalent,Traditional,N,,,,1,"System, X-Ray, Tomography, Computed",2,892.1750,RA,Radiology,RA,N,N,N,Y,Eligible,0,0,0,0,,,,0,exact_submission_number_only,2026-07-31,https://www.fda.gov/medical-devices/software-medical-device-samd/artificial-intelligence-enabled-medical-devices
DEN220024,De Novo,2022-10-18,2022,Q4,ScanNav Anatomy Peripheral Nerve Block,Intelligent Ultrasound Limited,Anesthesiology,QRG,1,ScanNav Anatomy Peripheral Nerve Block,intelligent ultrasound limited,2022-04-08,193,DENG,Granted,,,,Direct,N,1,Ultrasound Guided Nerve Block Assist,2,868.1980,AN,Anesthesiology,AN,N,N,N,N,Ineligible,0,0,0,0,,,,0,exact_submission_number_only,2026-07-31,https://www.fda.gov/medical-devices/software-medical-device-samd/artificial-intelligence-enabled-medical-devices
K221632,510(k),2022-10-18,2022,Q4,Spine CAMP™,"Medical Metrics, Inc.",Radiology,QIH,1,Spine CAMP™,"Medical Metrics, Inc.",2022-06-06,134,SESE,Substantially Equivalent,Traditional,N,,,,1,Automated Radiological Image Processing Software,2,892.2050,RA,Radiology,RA,N,N,N,N,Ineligible,0,0,0,0,,,,0,exact_submission_number_only,2026-07-31,https://www.fda.gov/medical-devices/software-medical-device-samd/artificial-intelligence-enabled-medical-devices
K213857,510(k),2022-10-14,2022,Q4,HeartFlow Analysis,"HeartFlow, Inc.",Cardiovascular,PJA,1,HeartFlow Analysis,"HeartFlow, Inc.",2021-12-10,308,SESE,Substantially Equivalent,Traditional,N,,,,1,Coronary Vascular Physiologic Simulation Software,2,870.1415,CV,Cardiovascular,CV,N,N,N,N,Ineligible,0,0,0,0,,,,0,exact_submission_number_only,2026-07-31,https://www.fda.gov/medical-devices/software-medical-device-samd/artificial-intelligence-enabled-medical-devices
K221305,510(k),2022-10-14,2022,Q4,AI-Rad Companion Organs RT,"Siemens Medical Solutions USA, Inc",Radiology,QKB,1,AI-Rad Companion Organs RT,"Siemens Medical Solutions USA, Inc.",2022-05-05,162,SESE,Substantially Equivalent,Traditional,N,,,,1,Radiological Image Processing Software For Radiation Therapy,2,892.2050,RA,Radiology,RA,N,N,N,N,Ineligible,0,0,0,0,,,,0,exact_submission_number_only,2026-07-31,https://www.fda.gov/medical-devices/software-medical-device-samd/artificial-intelligence-enabled-medical-devices
K220709,510(k),2022-10-07,2022,Q4,BriefCase,"Aidoc Medical, Ltd.",Radiology,QAS,1,BriefCase,"Aidoc Medical , Ltd.",2022-03-10,211,SESE,Substantially Equivalent,Traditional,N,,,,1,Radiological Computer-Assisted Triage And Notification Software,2,892.2080,RA,Radiology,RA,N,N,N,N,Ineligible,0,0,0,0,,,,0,exact_submission_number_only,2026-07-31,https://www.fda.gov/medical-devices/software-medical-device-samd/artificial-intelligence-enabled-medical-devices
K221449,510(k),2022-10-06,2022,Q4,Genius AI Detection 2.0,"Hologic, Inc.",Radiology,QDQ,1,Genius AI Detection 2.0,"Hologic, Inc.",2022-05-18,141,SESE,Substantially Equivalent,Traditional,N,,,,1,Radiological Computer Assisted Detection/Diagnosis Software For Lesions Suspicious For Cancer,2,892.2090,RA,Radiology,RA,N,N,N,N,Ineligible,0,0,0,0,,,,0,exact_submission_number_only,2026-07-31,https://www.fda.gov/medical-devices/software-medical-device-samd/artificial-intelligence-enabled-medical-devices
K221892,510(k),2022-10-05,2022,Q4,VISIONAIR,PacificMD Biotech Llc,Anesthesiology,BXQ,1,VISIONAIR,"Pacificmd Biotech, LLC",2022-06-29,98,SESE,Substantially Equivalent,Traditional,N,,,,1,Rhinoanemometer (Measurement Of Nasal Decongestion),2,868.1800,AN,Anesthesiology,AN,N,N,N,Y,Eligible,0,0,0,0,,,,0,exact_submission_number_only,2026-07-31,https://www.fda.gov/medical-devices/software-medical-device-samd/artificial-intelligence-enabled-medical-devices
K211611,510(k),2022-09-30,2022,Q3,QIR Suite,CASIS Cardiac Simulation & Imaging Software,Radiology,QIH,1,QIR Suite,Casis Cardiac Simulation & Imaging Software,2021-05-25,493,SESE,Substantially Equivalent,Traditional,N,,,,1,Automated Radiological Image Processing Software,2,892.2050,RA,Radiology,RA,N,N,N,N,Ineligible,0,0,0,0,,,,0,exact_submission_number_only,2026-07-31,https://www.fda.gov/medical-devices/software-medical-device-samd/artificial-intelligence-enabled-medical-devices
K220080,510(k),2022-09-29,2022,Q3,CogNet QmTRIAGE,"MedCognetics, Inc.",Radiology,QFM,1,CogNet QmTRIAGE,"Medcognetics, Inc.",2022-01-10,262,SESE,Substantially Equivalent,Traditional,N,,,,1,Radiological Computer-Assisted Prioritization Software For Lesions,2,892.2080,RA,Radiology,RA,N,N,N,N,Ineligible,0,0,0,0,,,,0,exact_submission_number_only,2026-07-31,https://www.fda.gov/medical-devices/software-medical-device-samd/artificial-intelligence-enabled-medical-devices
K222329,510(k),2022-09-28,2022,Q3,BriefCase,"Aidoc Medical, Ltd.",Radiology,QAS,1,BriefCase,"Aidoc Medical , Ltd.",2022-08-02,57,SESE,Substantially Equivalent,Traditional,N,,,,1,Radiological Computer-Assisted Triage And Notification Software,2,892.2080,RA,Radiology,RA,N,N,N,N,Ineligible,0,0,0,0,,,,0,exact_submission_number_only,2026-07-31,https://www.fda.gov/medical-devices/software-medical-device-samd/artificial-intelligence-enabled-medical-devices
K221738,510(k),2022-09-27,2022,Q3,NS-HGlio,Neosoma Inc.,Radiology,QIH,1,NS-HGlio,"Neosoma, Inc.",2022-06-15,104,SESE,Substantially Equivalent,Traditional,N,,,,1,Automated Radiological Image Processing Software,2,892.2050,RA,Radiology,RA,N,N,N,N,Ineligible,0,0,0,0,,,,0,exact_submission_number_only,2026-07-31,https://www.fda.gov/medical-devices/software-medical-device-samd/artificial-intelligence-enabled-medical-devices
K221179,510(k),2022-09-21,2022,Q3,SomnoMetry,Neumetry Medical Inc,Neurology,OLZ,1,SomnoMetry,"Neumetry Medical, Inc.",2022-04-25,149,SESE,Substantially Equivalent,Traditional,N,,,,1,Automatic Event Detection Software For Polysomnograph With Electroencephalograph,2,882.1400,NE,Neurology,NE,N,N,N,N,Eligible,0,0,0,0,,,,0,exact_submission_number_only,2026-07-31,https://www.fda.gov/medical-devices/software-medical-device-samd/artificial-intelligence-enabled-medical-devices
K213353,510(k),2022-09-20,2022,Q3,Aorta-CAD,"Imagen Technologies, Inc",Radiology,MYN,1,Aorta-CAD,"Imagen Technologies, Inc.",2021-10-08,347,SESE,Substantially Equivalent,Traditional,N,,,,1,"Analyzer, Medical Image",2,892.2070,RA,Radiology,RA,N,N,N,N,Eligible,0,0,0,0,,,,0,exact_submission_number_only,2026-07-31,https://www.fda.gov/medical-devices/software-medical-device-samd/artificial-intelligence-enabled-medical-devices
K221733,510(k),2022-09-13,2022,Q3,"MAGNETOM Sola, MAGNETOM Altea, MAGNETOM Sola Fit","Siemens Medical Solutions USA, Inc.",Radiology,LNH,1,"MAGNETOM Sola, MAGNETOM Altea, MAGNETOM Sola Fit","Siemens Medical Solutions USA, Inc.",2022-06-15,90,SESE,Substantially Equivalent,Traditional,N,,,,1,"System, Nuclear Magnetic Resonance Imaging",2,892.1000,RA,Radiology,RA,N,N,N,Y,Eligible,0,0,0,0,,,,0,exact_submission_number_only,2026-07-31,https://www.fda.gov/medical-devices/software-medical-device-samd/artificial-intelligence-enabled-medical-devices
K220986,510(k),2022-09-12,2022,Q3,Aquilion Precision (TSX-304A/4) V10.10 with AiCE,Canon Medical Systems Corporation,Radiology,JAK,1,Aquilion Precision (TSX-304A/4) V10.10 with AiCE,Canon Medical Systems Corporation,2022-04-04,161,SESE,Substantially Equivalent,Traditional,N,,,,1,"System, X-Ray, Tomography, Computed",2,892.1750,RA,Radiology,RA,N,N,N,Y,Eligible,0,0,0,0,,,,0,exact_submission_number_only,2026-07-31,https://www.fda.gov/medical-devices/software-medical-device-samd/artificial-intelligence-enabled-medical-devices
K221456,510(k),2022-09-12,2022,Q3,Rapid ICH,iSchemaView Inc.,Radiology,QAS,1,Rapid ICH,"Ischemaview, Inc.",2022-05-19,116,SESE,Substantially Equivalent,Traditional,N,,,,1,Radiological Computer-Assisted Triage And Notification Software,2,892.2080,RA,Radiology,RA,N,N,N,N,Ineligible,0,0,0,0,,,,0,exact_submission_number_only,2026-07-31,https://www.fda.gov/medical-devices/software-medical-device-samd/artificial-intelligence-enabled-medical-devices
K222076,510(k),2022-09-08,2022,Q3,EFAI ChestSuite XR Pleural Effusion Assessment System,"Ever Fortune.AI Co., Ltd.",Radiology,QFM,1,EFAI ChestSuite XR Pleural Effusion Assessment System,"Ever Fortune.Ai, Co., Ltd.",2022-07-14,56,SESE,Substantially Equivalent,Traditional,N,,,,1,Radiological Computer-Assisted Prioritization Software For Lesions,2,892.2080,RA,Radiology,RA,N,N,N,N,Ineligible,0,0,0,0,,,,0,exact_submission_number_only,2026-07-31,https://www.fda.gov/medical-devices/software-medical-device-samd/artificial-intelligence-enabled-medical-devices
K220783,510(k),2022-09-07,2022,Q3,syngo.via RT Image Suite,Siemens Medical Solutions USA Inc.,Radiology,MUJ,1,syngo.via RT Image Suite,"Siemens Medical Solutions USA, Inc.",2022-03-17,174,SESE,Substantially Equivalent,Special,N,,,,1,"System, Planning, Radiation Therapy Treatment",2,892.5050,RA,Radiology,RA,N,N,N,N,Eligible,0,0,0,0,,,,0,exact_submission_number_only,2026-07-31,https://www.fda.gov/medical-devices/software-medical-device-samd/artificial-intelligence-enabled-medical-devices
K213960,510(k),2022-09-06,2022,Q3,LiverMultiScan v5 (LMSv5),Perspectum,Radiology,LNH,1,LiverMultiScan v5 (LMSv5),Perspectum,2021-12-17,263,SESE,Substantially Equivalent,Traditional,N,,,,1,"System, Nuclear Magnetic Resonance Imaging",2,892.1000,RA,Radiology,RA,N,N,N,Y,Eligible,0,0,0,0,,,,0,exact_submission_number_only,2026-07-31,https://www.fda.gov/medical-devices/software-medical-device-samd/artificial-intelligence-enabled-medical-devices
K221241,510(k),2022-09-01,2022,Q3,DrAid for Radiology v1,VinBrain Joint Stock Company,Radiology,QFM,1,DrAid for Radiology v1,Vinbrain Joint Stock Company,2022-04-29,125,SESE,Substantially Equivalent,Traditional,N,,,,1,Radiological Computer-Assisted Prioritization Software For Lesions,2,892.2080,RA,Radiology,RA,N,N,N,N,Ineligible,0,0,0,0,,,,0,exact_submission_number_only,2026-07-31,https://www.fda.gov/medical-devices/software-medical-device-samd/artificial-intelligence-enabled-medical-devices
K221100,510(k),2022-08-29,2022,Q3,Viz RV/LV,"Viz.ai, Inc.",Radiology,QIH,1,Viz RV/LV,"Viz. Ai, Inc.",2022-04-14,137,SESE,Substantially Equivalent,Traditional,N,,,,1,Automated Radiological Image Processing Software,2,892.2050,RA,Radiology,RA,N,N,N,N,Ineligible,0,0,0,0,,,,0,exact_submission_number_only,2026-07-31,https://www.fda.gov/medical-devices/software-medical-device-samd/artificial-intelligence-enabled-medical-devices
K222277,510(k),2022-08-26,2022,Q3,BriefCase,"Aidoc Medical, Ltd.",Radiology,QAS,1,BriefCase,"Aidoc Medical , Ltd.",2022-07-29,28,SESE,Substantially Equivalent,Special,N,,,,1,Radiological Computer-Assisted Triage And Notification Software,2,892.2080,RA,Radiology,RA,N,N,N,N,Ineligible,0,0,0,0,,,,0,exact_submission_number_only,2026-07-31,https://www.fda.gov/medical-devices/software-medical-device-samd/artificial-intelligence-enabled-medical-devices
K211841,510(k),2022-08-25,2022,Q3,MRI Planner,Spectronic Medical AB,Radiology,MUJ,1,MRI Planner,Spectronic Medical AB,2021-06-14,437,SESE,Substantially Equivalent,Traditional,N,,,,1,"System, Planning, Radiation Therapy Treatment",2,892.5050,RA,Radiology,RA,N,N,N,N,Eligible,0,0,0,0,,,,0,exact_submission_number_only,2026-07-31,https://www.fda.gov/medical-devices/software-medical-device-samd/artificial-intelligence-enabled-medical-devices
K221962,510(k),2022-08-25,2022,Q3,LINQ II Insertable Cardiac Monitor,"Medtronic, Inc.",Cardiovascular,MXD,1,LINQ II Insertable Cardiac Monitor,"Medtronic, Inc.",2022-07-05,51,SESE,Substantially Equivalent,Traditional,N,,,,1,"Recorder, Event, Implantable Cardiac, (With Arrhythmia Detection)",2,870.1025,CV,Cardiovascular,CV,Y,N,N,N,Eligible,1,1,1,0,2023-11-03,2023-11-03,435.0,1,exact_submission_number_only,2026-07-31,https://www.fda.gov/medical-devices/software-medical-device-samd/artificial-intelligence-enabled-medical-devices
K220598,510(k),2022-08-24,2022,Q3,AutoContour Model RADAC V2,"Radformation, Inc.",Radiology,QKB,1,AutoContour Model RADAC V2,"Radformation, Inc.",2022-03-02,175,SESE,Substantially Equivalent,Traditional,N,,,,1,Radiological Image Processing Software For Radiation Therapy,2,892.2050,RA,Radiology,RA,N,N,N,N,Ineligible,0,0,0,0,,,,0,exact_submission_number_only,2026-07-31,https://www.fda.gov/medical-devices/software-medical-device-samd/artificial-intelligence-enabled-medical-devices
K221599,510(k),2022-08-22,2022,Q3,HS40 Diagnostic Ultrasound System,"Samsung Medison Co., Ltd.",Radiology,IYN,1,HS40 Diagnostic Ultrasound System,"Samsung Medison Co., Ltd.",2022-06-02,81,SESE,Substantially Equivalent,Traditional,N,,,,1,"System, Imaging, Pulsed Doppler, Ultrasonic",2,892.1550,RA,Radiology,RA,N,N,N,Y,Eligible,0,0,0,0,,,,0,exact_submission_number_only,2026-07-31,https://www.fda.gov/medical-devices/software-medical-device-samd/artificial-intelligence-enabled-medical-devices
K222172,510(k),2022-08-19,2022,Q3,MI View&GO,"Siemens Medical Solutions USA, Inc.",Radiology,QIH,1,MI View&GO,"Siemens Medical Solutions USA, Inc.",2022-07-21,29,SESE,Substantially Equivalent,Special,N,,,,1,Automated Radiological Image Processing Software,2,892.2050,RA,Radiology,RA,N,N,N,N,Ineligible,0,0,0,0,,,,0,exact_submission_number_only,2026-07-31,https://www.fda.gov/medical-devices/software-medical-device-samd/artificial-intelligence-enabled-medical-devices
K213686,510(k),2022-08-12,2022,Q3,SKOUT Software,Iterative Scopes Inc.,Gastroenterology-Urology,QNP,1,SKOUT Software,"Iterative Scopes, Inc.",2021-11-22,263,SESE,Substantially Equivalent,Traditional,N,,,,1,Gastrointesinal Lesion Software Detection System,2,876.1520,GU,"Gastroenterology, Urology",GU,N,N,N,N,Ineligible,0,0,0,0,,,,0,exact_submission_number_only,2026-07-31,https://www.fda.gov/medical-devices/software-medical-device-samd/artificial-intelligence-enabled-medical-devices
K220349,510(k),2022-08-12,2022,Q3,TeraRecon Neuro,"TeraRecon, Inc",Radiology,LLZ,1,TeraRecon Neuro,"Terarecon,Inc.",2022-02-07,186,SESE,Substantially Equivalent,Traditional,N,,,,1,"System, Image Processing, Radiological",2,892.2050,RA,Radiology,RA,N,N,N,Y,Eligible,0,0,0,0,,,,0,exact_submission_number_only,2026-07-31,https://www.fda.gov/medical-devices/software-medical-device-samd/artificial-intelligence-enabled-medical-devices
K213713,510(k),2022-08-11,2022,Q3,AI-Rad Companion (Pulmonary),Siemens Healthcare GmBh,Radiology,JAK,1,AI-Rad Companion (Pulmonary),Siemens Healthcare GmbH,2021-11-24,260,SESE,Substantially Equivalent,Traditional,N,,,,1,"System, X-Ray, Tomography, Computed",2,892.1750,RA,Radiology,RA,N,N,N,Y,Eligible,0,0,0,0,,,,0,exact_submission_number_only,2026-07-31,https://www.fda.gov/medical-devices/software-medical-device-samd/artificial-intelligence-enabled-medical-devices
K213645,510(k),2022-08-08,2022,Q3,ClearPoint Maestro Brain Model,"ClearPoint Neuro, Inc.",Radiology,QIH,1,ClearPoint Maestro Brain Model,"ClearPoint Neuro, Inc.",2021-11-18,263,SESE,Substantially Equivalent,Traditional,N,,,,1,Automated Radiological Image Processing Software,2,892.2050,RA,Radiology,RA,N,N,N,N,Ineligible,0,0,0,0,,,,0,exact_submission_number_only,2026-07-31,https://www.fda.gov/medical-devices/software-medical-device-samd/artificial-intelligence-enabled-medical-devices
K221347,510(k),2022-08-03,2022,Q3,Transpara 1.7.2,ScreenPoint Medical B.V.,Radiology,QDQ,1,Transpara 1.7.2,Screenpoint Medical B.V.,2022-05-09,86,SESE,Substantially Equivalent,Traditional,N,,,,1,Radiological Computer Assisted Detection/Diagnosis Software For Lesions Suspicious For Cancer,2,892.2090,RA,Radiology,RA,N,N,N,N,Ineligible,0,0,0,0,,,,0,exact_submission_number_only,2026-07-31,https://www.fda.gov/medical-devices/software-medical-device-samd/artificial-intelligence-enabled-medical-devices
K221432,510(k),2022-08-03,2022,Q3,Customize,3D-Side SA,Radiology,QIH,1,Customize,3D-Side S.A.,2022-05-17,78,SESE,Substantially Equivalent,Traditional,N,,,,1,Automated Radiological Image Processing Software,2,892.2050,RA,Radiology,RA,N,N,N,N,Ineligible,0,0,0,0,,,,0,exact_submission_number_only,2026-07-31,https://www.fda.gov/medical-devices/software-medical-device-samd/artificial-intelligence-enabled-medical-devices
K213760,510(k),2022-07-29,2022,Q3,ABMD Software,HeartLung Corporation,Radiology,KGI,1,ABMD Software,HeartLung Corporation,2021-12-01,240,SESE,Substantially Equivalent,Traditional,N,,,,1,"Densitometer, Bone",2,892.1170,RA,Radiology,RA,N,N,N,Y,Eligible,0,0,0,0,,,,0,exact_submission_number_only,2026-07-31,https://www.fda.gov/medical-devices/software-medical-device-samd/artificial-intelligence-enabled-medical-devices
K220961,510(k),2022-07-29,2022,Q3,Deep Learning Image Reconstruction,GE Healthcare Japan Corporation,Radiology,JAK,1,Deep Learning Image Reconstruction,Ge Healthcare Japan Corporation,2022-04-01,119,SESE,Substantially Equivalent,Special,N,,,,1,"System, X-Ray, Tomography, Computed",2,892.1750,RA,Radiology,RA,N,N,N,Y,Eligible,0,0,0,0,,,,0,exact_submission_number_only,2026-07-31,https://www.fda.gov/medical-devices/software-medical-device-samd/artificial-intelligence-enabled-medical-devices
K213998,510(k),2022-07-28,2022,Q3,cvi42 Auto Imaging Software Application,Circle Cardiovascular Imaging Inc,Radiology,QIH,1,cvi42 Auto Imaging Software Application,"Circle Cardiovascular Imaging, Inc.",2021-12-21,219,SESE,Substantially Equivalent,Traditional,N,,,,1,Automated Radiological Image Processing Software,2,892.2050,RA,Radiology,RA,N,N,N,N,Ineligible,0,0,0,0,,,,0,exact_submission_number_only,2026-07-31,https://www.fda.gov/medical-devices/software-medical-device-samd/artificial-intelligence-enabled-medical-devices
K221923,510(k),2022-07-28,2022,Q3,Swoop Portable MR Imaging System,"Hyperfine, Inc.",Radiology,LNH,1,Swoop Portable MR Imaging System,"Hyperfine, Inc.",2022-07-01,27,SESE,Substantially Equivalent,Special,N,,,,1,"System, Nuclear Magnetic Resonance Imaging",2,892.1000,RA,Radiology,RA,N,N,N,Y,Eligible,0,0,0,0,,,,0,exact_submission_number_only,2026-07-31,https://www.fda.gov/medical-devices/software-medical-device-samd/artificial-intelligence-enabled-medical-devices
K210822,510(k),2022-07-27,2022,Q3,DeepRhythmAI,Medicalgorithmics S.A.,Cardiovascular,DQK,1,DeepRhythmAI,Medicalgorithmics S.A.,2021-03-19,495,SESE,Substantially Equivalent,Traditional,N,,,,1,"Computer, Diagnostic, Programmable",2,870.1425,CV,Cardiovascular,CV,N,N,N,Y,Eligible,0,0,0,0,,,,0,exact_submission_number_only,2026-07-31,https://www.fda.gov/medical-devices/software-medical-device-samd/artificial-intelligence-enabled-medical-devices
K220439,510(k),2022-07-25,2022,Q3,Viz SDH,"Viz.ai, Inc.",Radiology,QAS,1,Viz SDH,"Viz. Ai, Inc.",2022-02-16,159,SESE,Substantially Equivalent,Traditional,N,,,,1,Radiological Computer-Assisted Triage And Notification Software,2,892.2080,RA,Radiology,RA,N,N,N,N,Ineligible,0,0,0,0,,,,0,exact_submission_number_only,2026-07-31,https://www.fda.gov/medical-devices/software-medical-device-samd/artificial-intelligence-enabled-medical-devices
K220624,510(k),2022-07-22,2022,Q3,AI4CMR v1.0,AI4MedImaging Medical Solutions S.A.,Radiology,LLZ,1,AI4CMR v1.0,Ai4medimaging Medical Solutions S.A.,2022-03-03,141,SESE,Substantially Equivalent,Traditional,N,,,,1,"System, Image Processing, Radiological",2,892.2050,RA,Radiology,RA,N,N,N,Y,Eligible,0,0,0,0,,,,0,exact_submission_number_only,2026-07-31,https://www.fda.gov/medical-devices/software-medical-device-samd/artificial-intelligence-enabled-medical-devices
K220882,510(k),2022-07-22,2022,Q3,"Vivid E80, Vivid E90, Vivid E95",GE Medical Systems Ultrasound and,Radiology,IYN,1,"Vivid E80, Vivid E90, Vivid E95",Ge Medical Systems Ultrasound And,2022-03-25,119,SESE,Substantially Equivalent,Traditional,N,,,,1,"System, Imaging, Pulsed Doppler, Ultrasonic",2,892.1550,RA,Radiology,RA,N,N,N,Y,Eligible,0,0,0,0,,,,0,exact_submission_number_only,2026-07-31,https://www.fda.gov/medical-devices/software-medical-device-samd/artificial-intelligence-enabled-medical-devices
K220940,510(k),2022-07-22,2022,Q3,"EchoPAC Software Only, EchoPAC Plug-in","GE Medical Systems Ultrasound and Primary Care Diagnostics,",Radiology,QIH,1,"EchoPAC Software Only, EchoPAC Plug-in",GE Medical Systems Ultrasound and Primary Care Diagnostics,2022-03-31,113,SESE,Substantially Equivalent,Traditional,N,,,,1,Automated Radiological Image Processing Software,2,892.2050,RA,Radiology,RA,N,N,N,N,Ineligible,0,0,0,0,,,,0,exact_submission_number_only,2026-07-31,https://www.fda.gov/medical-devices/software-medical-device-samd/artificial-intelligence-enabled-medical-devices
K220956,510(k),2022-07-20,2022,Q3,Libby Echo:Prio,"Dyad Medical, Inc",Radiology,QIH,1,Libby Echo:Prio,"Dyad Medical, Inc.",2022-04-01,110,SESE,Substantially Equivalent,Traditional,N,,,,1,Automated Radiological Image Processing Software,2,892.2050,RA,Radiology,RA,N,N,N,N,Ineligible,0,0,0,0,,,,0,exact_submission_number_only,2026-07-31,https://www.fda.gov/medical-devices/software-medical-device-samd/artificial-intelligence-enabled-medical-devices
K213357,510(k),2022-07-19,2022,Q3,"Study Watch with Irregular Pulse Monitor (Home), Study Watch with Irregular Pulse Monitor",Verily Life Sciences LLC,Cardiovascular,DXH,1,"Study Watch with Irregular Pulse Monitor (Home), Study Watch with Irregular Pulse Monitor","Verily Life Sciences, LLC",2021-10-12,280,SESE,Substantially Equivalent,Traditional,N,,,,1,"Transmitters And Receivers, Electrocardiograph, Telephone",2,870.2920,CV,Cardiovascular,CV,N,N,N,Y,Eligible,0,0,0,0,,,,0,exact_submission_number_only,2026-07-31,https://www.fda.gov/medical-devices/software-medical-device-samd/artificial-intelligence-enabled-medical-devices
K213409,510(k),2022-07-19,2022,Q3,ZEUS System (Zio Watch),"iRhythm Technologies, Inc.",Cardiovascular,DQK,1,ZEUS System (Zio Watch),"iRhythm Technologies, Inc.",2021-10-19,273,SESE,Substantially Equivalent,Traditional,N,,,,1,"Computer, Diagnostic, Programmable",2,870.1425,CV,Cardiovascular,CV,N,N,N,Y,Eligible,0,0,0,0,,,,0,exact_submission_number_only,2026-07-31,https://www.fda.gov/medical-devices/software-medical-device-samd/artificial-intelligence-enabled-medical-devices
K220815,510(k),2022-07-19,2022,Q3,BrainInsight,"Hyperfine, Inc.",Radiology,QIH,1,BrainInsight,"Hyperfine, Inc.",2022-03-21,120,SESE,Substantially Equivalent,Traditional,N,,,,1,Automated Radiological Image Processing Software,2,892.2050,RA,Radiology,RA,N,N,N,N,Ineligible,0,0,0,0,,,,0,exact_submission_number_only,2026-07-31,https://www.fda.gov/medical-devices/software-medical-device-samd/artificial-intelligence-enabled-medical-devices
K221147,510(k),2022-07-18,2022,Q3,"Vivid T8, Vivid T9","GE Medical Systems Ultrasound and Primary Care Diagnostics,",Radiology,IYN,1,"Vivid T8, Vivid T9",GE Medical Systems Ultrasound and Primary Care Diagnostics,2022-04-20,89,SESE,Substantially Equivalent,Traditional,N,,,,1,"System, Imaging, Pulsed Doppler, Ultrasonic",2,892.1550,RA,Radiology,RA,N,N,N,Y,Eligible,0,0,0,0,,,,0,exact_submission_number_only,2026-07-31,https://www.fda.gov/medical-devices/software-medical-device-samd/artificial-intelligence-enabled-medical-devices
K221148,510(k),2022-07-18,2022,Q3,Vivid iq,GE Medical Systems Ultrasound & Primary Care Diagnostics LLC,Radiology,IYN,1,Vivid iq,"GE Medical Systems Ultrasound & Primary Care Diagnostics, LLC",2022-04-20,89,SESE,Substantially Equivalent,Traditional,N,,,,1,"System, Imaging, Pulsed Doppler, Ultrasonic",2,892.1550,RA,Radiology,RA,N,N,N,Y,Eligible,0,0,0,0,,,,0,exact_submission_number_only,2026-07-31,https://www.fda.gov/medical-devices/software-medical-device-samd/artificial-intelligence-enabled-medical-devices
K220619,510(k),2022-07-15,2022,Q3,"Vivid S60N, Vivid S70N","GE Medical Systems Ultrasound and Primary Care Diagnostics,",Radiology,IYN,1,"Vivid S60N, Vivid S70N",GE Medical Systems Ultrasound and Primary Care Diagnostics,2022-03-03,134,SESE,Substantially Equivalent,Traditional,N,,,,1,"System, Imaging, Pulsed Doppler, Ultrasonic",2,892.1550,RA,Radiology,RA,N,N,N,Y,Eligible,2,1,2,0,2023-05-30,2023-05-30,319.0,1,exact_submission_number_only,2026-07-31,https://www.fda.gov/medical-devices/software-medical-device-samd/artificial-intelligence-enabled-medical-devices
K221203,510(k),2022-07-14,2022,Q3,AHI System,Fifth Eye Inc.,Cardiovascular,QNV,1,AHI System,"Fifth Eye, Inc.",2022-04-26,79,SESE,Substantially Equivalent,Special,N,,,,1,Adjunctive Hemodynamic Indicator With Decision Point,2,870.2220,CV,Cardiovascular,CV,N,N,N,N,Ineligible,0,0,0,0,,,,0,exact_submission_number_only,2026-07-31,https://www.fda.gov/medical-devices/software-medical-device-samd/artificial-intelligence-enabled-medical-devices
K221727,510(k),2022-07-13,2022,Q3,syngo.CT Extended Functionality,"Siemens Medical Solutions USA, Inc.",Radiology,JAK,1,syngo.CT Extended Functionality,"Siemens Medical Solutions USA, Inc.",2022-06-14,29,SESE,Substantially Equivalent,Special,N,,,,1,"System, X-Ray, Tomography, Computed",2,892.1750,RA,Radiology,RA,N,N,N,Y,Eligible,0,0,0,0,,,,0,exact_submission_number_only,2026-07-31,https://www.fda.gov/medical-devices/software-medical-device-samd/artificial-intelligence-enabled-medical-devices
K212783,510(k),2022-07-08,2022,Q3,ProstatID,"ScanMed, LLC",Radiology,QDQ,1,ProstatID,"Scanmed, LLC",2021-09-01,310,SESE,Substantially Equivalent,Traditional,N,,,,1,Radiological Computer Assisted Detection/Diagnosis Software For Lesions Suspicious For Cancer,2,892.2090,RA,Radiology,RA,N,N,N,N,Ineligible,0,0,0,0,,,,0,exact_submission_number_only,2026-07-31,https://www.fda.gov/medical-devices/software-medical-device-samd/artificial-intelligence-enabled-medical-devices
K210069,510(k),2022-07-06,2022,Q3,Minuteful - kidney test,Healthy.io Ltd.,Clinical Chemistry,JIR,1,Minuteful - kidney test,"Healthy.Io, Ltd.",2021-01-11,541,SESE,Substantially Equivalent,Traditional,N,,,,1,"Indicator Method, Protein Or Albumin (Urinary, Non-Quant.)",1,862.1645,CH,Clinical Chemistry,CH,N,N,N,N,Eligible,0,0,0,0,,,,0,exact_submission_number_only,2026-07-31,https://www.fda.gov/medical-devices/software-medical-device-samd/artificial-intelligence-enabled-medical-devices
K213794,510(k),2022-06-29,2022,Q2,Eko Murmur Analysis Software (EMAS),"Eko Devices, Inc.",Cardiovascular,DQD,1,Eko Murmur Analysis Software (EMAS),"Eko Devices, Inc.",2021-12-06,205,SESE,Substantially Equivalent,Traditional,N,,,,1,"Stethoscope, Electronic",2,870.1875,CV,Cardiovascular,CV,N,N,N,Y,Eligible,0,0,0,0,,,,0,exact_submission_number_only,2026-07-31,https://www.fda.gov/medical-devices/software-medical-device-samd/artificial-intelligence-enabled-medical-devices
K220975,510(k),2022-06-29,2022,Q2,"V8 Diagnostic Ultrasound System, V7 Diagnostic Ultrasound System","Samsung Medison Co., Ltd.",Radiology,IYN,1,"V8 Diagnostic Ultrasound System, V7 Diagnostic Ultrasound System","Samsung Medison Co., Ltd.",2022-04-04,86,SESE,Substantially Equivalent,Traditional,N,,,,1,"System, Imaging, Pulsed Doppler, Ultrasonic",2,892.1550,RA,Radiology,RA,N,N,N,Y,Eligible,0,0,0,0,,,,0,exact_submission_number_only,2026-07-31,https://www.fda.gov/medical-devices/software-medical-device-samd/artificial-intelligence-enabled-medical-devices
K220848,510(k),2022-06-27,2022,Q2,Venue Fit,GE Medical Systems,Radiology,IYN,1,Venue Fit,GE Medical Systems,2022-03-23,96,SESE,Substantially Equivalent,Traditional,N,,,,1,"System, Imaging, Pulsed Doppler, Ultrasonic",2,892.1550,RA,Radiology,RA,N,N,N,Y,Eligible,1,1,1,0,2025-03-06,2025-03-06,983.0,1,exact_submission_number_only,2026-07-31,https://www.fda.gov/medical-devices/software-medical-device-samd/artificial-intelligence-enabled-medical-devices
K220851,510(k),2022-06-27,2022,Q2,Venue,GE Medical Systems,Radiology,IYN,1,Venue,GE Medical Systems,2022-03-23,96,SESE,Substantially Equivalent,Traditional,N,,,,1,"System, Imaging, Pulsed Doppler, Ultrasonic",2,892.1550,RA,Radiology,RA,N,N,N,Y,Eligible,0,0,0,0,,,,0,exact_submission_number_only,2026-07-31,https://www.fda.gov/medical-devices/software-medical-device-samd/artificial-intelligence-enabled-medical-devices
K220575,510(k),2022-06-24,2022,Q2,"MAGNETOM Free.Max, MAGNETOM Free.Star","Siemens Medical Solutions USA, Inc.",Radiology,LNH,1,"MAGNETOM Free.Max, MAGNETOM Free.Star","Siemens Medical Solutions USA, Inc.",2022-02-28,116,SESE,Substantially Equivalent,Traditional,N,,,,1,"System, Nuclear Magnetic Resonance Imaging",2,892.1000,RA,Radiology,RA,N,N,N,Y,Eligible,1,1,1,0,2023-09-01,2023-09-01,434.0,1,exact_submission_number_only,2026-07-31,https://www.fda.gov/medical-devices/software-medical-device-samd/artificial-intelligence-enabled-medical-devices
K220497,510(k),2022-06-23,2022,Q2,CoLumbo,Smart Soft Healthcare AD,Radiology,QIH,1,CoLumbo,Smart Soft Healthcare AD,2022-02-22,121,SESE,Substantially Equivalent,Traditional,N,,,,1,Automated Radiological Image Processing Software,2,892.2050,RA,Radiology,RA,N,N,N,N,Ineligible,0,0,0,0,,,,0,exact_submission_number_only,2026-07-31,https://www.fda.gov/medical-devices/software-medical-device-samd/artificial-intelligence-enabled-medical-devices
K220800,510(k),2022-06-21,2022,Q2,Venue Go,GE Medical Systems Ultrasound and Primary Care Diagnostics,Radiology,IYN,1,Venue Go,GE Medical Systems Ultrasound and Primary Care Diagnostics,2022-03-18,95,SESE,Substantially Equivalent,Traditional,N,,,,1,"System, Imaging, Pulsed Doppler, Ultrasonic",2,892.1550,RA,Radiology,RA,N,N,N,Y,Eligible,2,2,2,0,2023-09-06,2025-03-06,442.0,1,exact_submission_number_only,2026-07-31,https://www.fda.gov/medical-devices/software-medical-device-samd/artificial-intelligence-enabled-medical-devices
K213037,510(k),2022-06-17,2022,Q2,IDx-DR v2.3,Digital Diagnostics Inc.,Ophthalmic,PIB,1,IDx-DR v2.3,"Digital Diagnostics, Inc.",2021-09-21,269,SESE,Substantially Equivalent,Traditional,N,,,,1,Diabetic Retinopathy Detection Device,2,886.1100,OP,Ophthalmic,OP,N,N,N,N,Eligible,0,0,0,0,,,,0,exact_submission_number_only,2026-07-31,https://www.fda.gov/medical-devices/software-medical-device-samd/artificial-intelligence-enabled-medical-devices
K220813,510(k),2022-06-17,2022,Q2,ART-PLAN,TheraPanacea,Radiology,QKB,1,ART-PLAN,Therapanacea,2022-03-21,88,SESE,Substantially Equivalent,Traditional,N,,,,1,Radiological Image Processing Software For Radiation Therapy,2,892.2050,RA,Radiology,RA,N,N,N,N,Ineligible,0,0,0,0,,,,0,exact_submission_number_only,2026-07-31,https://www.fda.gov/medical-devices/software-medical-device-samd/artificial-intelligence-enabled-medical-devices
K221463,510(k),2022-06-17,2022,Q2,ElucidVivo A.3,Elucid Bioimaging Inc.,Radiology,LLZ,1,ElucidVivo A.3,"Elucid Bioimaging, Inc.",2022-05-19,29,SESE,Substantially Equivalent,Special,N,,,,1,"System, Image Processing, Radiological",2,892.2050,RA,Radiology,RA,N,N,N,Y,Eligible,0,0,0,0,,,,0,exact_submission_number_only,2026-07-31,https://www.fda.gov/medical-devices/software-medical-device-samd/artificial-intelligence-enabled-medical-devices
K213504,510(k),2022-06-16,2022,Q2,"Aquilion ONE (TSX-306A/3) V10.12 with Spectral Imaging System, Vitrea Software Package, VSTP-001A",Canon Medical Systems Corporation,Radiology,JAK,1,"Aquilion ONE (TSX-306A/3) V10.12 with Spectral Imaging System, Vitrea Software Package, VSTP-001A",Canon Medical Systems Corporation,2021-11-01,227,SESE,Substantially Equivalent,Traditional,N,,,,1,"System, X-Ray, Tomography, Computed",2,892.1750,RA,Radiology,RA,N,N,N,Y,Eligible,0,0,0,0,,,,0,exact_submission_number_only,2026-07-31,https://www.fda.gov/medical-devices/software-medical-device-samd/artificial-intelligence-enabled-medical-devices
K221393,510(k),2022-06-10,2022,Q2,Swoop Portable MR Imaging System,"Hyperfine, Inc.",Radiology,LNH,1,Swoop Portable MR Imaging System,"Hyperfine, Inc.",2022-05-13,28,SESE,Substantially Equivalent,Special,N,,,,1,"System, Nuclear Magnetic Resonance Imaging",2,892.1000,RA,Radiology,RA,N,N,N,Y,Eligible,0,0,0,0,,,,0,exact_submission_number_only,2026-07-31,https://www.fda.gov/medical-devices/software-medical-device-samd/artificial-intelligence-enabled-medical-devices
K213717,510(k),2022-06-08,2022,Q2,AIR Recon DL,"GE Medical Systems,LLC (GE Healthcare)",Radiology,LNH,1,AIR Recon DL,"Ge Medical Systems,Llc (Ge Healthcare)",2021-11-24,196,SESE,Substantially Equivalent,Traditional,N,,,,1,"System, Nuclear Magnetic Resonance Imaging",2,892.1000,RA,Radiology,RA,N,N,N,Y,Eligible,0,0,0,0,,,,0,exact_submission_number_only,2026-07-31,https://www.fda.gov/medical-devices/software-medical-device-samd/artificial-intelligence-enabled-medical-devices
K213882,510(k),2022-06-08,2022,Q2,EarliPoint System,"EarliTec Diagnostics, Inc.",Neurology,QPF,1,EarliPoint System,"Earlitec Diagnostics, Inc.",2021-12-13,177,SESE,Substantially Equivalent,Traditional,N,,,,1,Pediatric Autism Spectrum Disorder Diagnosis Aid,2,882.1491,NE,Neurology,NE,N,N,N,N,Ineligible,0,0,0,0,,,,0,exact_submission_number_only,2026-07-31,https://www.fda.gov/medical-devices/software-medical-device-samd/artificial-intelligence-enabled-medical-devices
K220358,510(k),2022-06-06,2022,Q2,"Voluson Expert 22, Voluson Expert 20, Voluson Expert 18","GE Medical Systems Ultrasound and Primary Care Diagnostics,",Radiology,IYN,1,"Voluson Expert 22, Voluson Expert 20, Voluson Expert 18",GE Medical Systems Ultrasound and Primary Care Diagnostics,2022-02-08,118,SESE,Substantially Equivalent,Traditional,N,,,,1,"System, Imaging, Pulsed Doppler, Ultrasonic",2,892.1550,RA,Radiology,RA,N,N,N,Y,Eligible,0,0,0,0,,,,0,exact_submission_number_only,2026-07-31,https://www.fda.gov/medical-devices/software-medical-device-samd/artificial-intelligence-enabled-medical-devices
K213971,510(k),2022-06-03,2022,Q2,Atrial Fibrillation History Feature,Apple Inc.,Cardiovascular,QDB,1,Atrial Fibrillation History Feature,"Apple, Inc.",2021-12-20,165,SESE,Substantially Equivalent,Traditional,N,,,,1,Photoplethysmograph Analysis Software For Over-The-Counter Use,2,870.2790,CV,Cardiovascular,CV,N,N,N,N,Ineligible,0,0,0,0,,,,0,exact_submission_number_only,2026-07-31,https://www.fda.gov/medical-devices/software-medical-device-samd/artificial-intelligence-enabled-medical-devices
K221314,510(k),2022-06-03,2022,Q2,BriefCase,"Aidoc Medical, Ltd.",Radiology,QAS,1,BriefCase,"Aidoc Medical , Ltd.",2022-05-05,29,SESE,Substantially Equivalent,Special,N,,,,1,Radiological Computer-Assisted Triage And Notification Software,2,892.2080,RA,Radiology,RA,N,N,N,N,Ineligible,0,0,0,0,,,,0,exact_submission_number_only,2026-07-31,https://www.fda.gov/medical-devices/software-medical-device-samd/artificial-intelligence-enabled-medical-devices
K220164,510(k),2022-06-02,2022,Q2,Rayvolve,AZmed SAS,Radiology,QBS,1,Rayvolve,Azmed Sas,2022-01-20,133,SESE,Substantially Equivalent,Traditional,N,,,,1,Radiological Computer Assisted Detection/Diagnosis Software For Fracture,2,892.2090,RA,Radiology,RA,N,N,N,N,Ineligible,0,0,0,0,,,,0,exact_submission_number_only,2026-07-31,https://www.fda.gov/medical-devices/software-medical-device-samd/artificial-intelligence-enabled-medical-devices
K220766,510(k),2022-05-31,2022,Q2,eMurmur Heart AI,CSD Labs GmbH,Cardiovascular,DQD,1,eMurmur Heart AI,Csd Labs GmbH,2022-03-16,76,SESE,Substantially Equivalent,Special,N,,,,1,"Stethoscope, Electronic",2,870.1875,CV,Cardiovascular,CV,N,N,N,Y,Eligible,0,0,0,0,,,,0,exact_submission_number_only,2026-07-31,https://www.fda.gov/medical-devices/software-medical-device-samd/artificial-intelligence-enabled-medical-devices
K221248,510(k),2022-05-31,2022,Q2,Rapid LVO,iSchemaView Inc.,Radiology,QAS,1,Rapid LVO,"Ischemaview, Inc.",2022-05-02,29,SESE,Substantially Equivalent,Special,N,,,,1,Radiological Computer-Assisted Triage And Notification Software,2,892.2080,RA,Radiology,RA,N,N,N,N,Ineligible,0,0,0,0,,,,0,exact_submission_number_only,2026-07-31,https://www.fda.gov/medical-devices/software-medical-device-samd/artificial-intelligence-enabled-medical-devices
K220416,510(k),2022-05-25,2022,Q2,SwiftMR,AIRS Medical Inc.,Radiology,LLZ,1,SwiftMR,"Airs Medical, Inc.",2022-02-14,100,SESE,Substantially Equivalent,Traditional,N,,,,1,"System, Image Processing, Radiological",2,892.2050,RA,Radiology,RA,N,N,N,Y,Eligible,0,0,0,0,,,,0,exact_submission_number_only,2026-07-31,https://www.fda.gov/medical-devices/software-medical-device-samd/artificial-intelligence-enabled-medical-devices
K220499,510(k),2022-05-17,2022,Q2,Rapid PE Triage and Notification (PETN),iSchemaView Inc.,Radiology,QAS,1,Rapid PE Triage and Notification (PETN),"Ischemaview, Inc.",2022-02-22,84,SESE,Substantially Equivalent,Traditional,N,,,,1,Radiological Computer-Assisted Triage And Notification Software,2,892.2080,RA,Radiology,RA,N,N,N,N,Ineligible,0,0,0,0,,,,0,exact_submission_number_only,2026-07-31,https://www.fda.gov/medical-devices/software-medical-device-samd/artificial-intelligence-enabled-medical-devices
K221219,510(k),2022-05-17,2022,Q2,syngo.CT CaScoring,"Siemens Medical Solutions USA, Inc.",Radiology,JAK,1,syngo.CT CaScoring,"Siemens Medical Solutions USA, Inc.",2022-04-27,20,SESE,Substantially Equivalent,Special,N,,,,1,"System, X-Ray, Tomography, Computed",2,892.1750,RA,Radiology,RA,N,N,N,Y,Eligible,0,0,0,0,,,,0,exact_submission_number_only,2026-07-31,https://www.fda.gov/medical-devices/software-medical-device-samd/artificial-intelligence-enabled-medical-devices
K221240,510(k),2022-05-17,2022,Q2,BriefCase,"Aidoc Medical, Ltd.",Radiology,QAS,1,BriefCase,"Aidoc Medical , Ltd.",2022-04-29,18,SESE,Substantially Equivalent,Special,N,,,,1,Radiological Computer-Assisted Triage And Notification Software,2,892.2080,RA,Radiology,RA,N,N,N,N,Ineligible,0,0,0,0,,,,0,exact_submission_number_only,2026-07-31,https://www.fda.gov/medical-devices/software-medical-device-samd/artificial-intelligence-enabled-medical-devices
K213583,510(k),2022-05-16,2022,Q2,"Achieva, Ingenia, Ingenia CX, Ingenia Elition and Ingenia Ambition MR Systems",Philips Medical Systems Nederland B.V.,Radiology,LNH,1,"Achieva, Ingenia, Ingenia CX, Ingenia Elition and Ingenia Ambition MR Systems",Philips Medical Systems Nederland B.V.,2021-11-12,185,SESE,Substantially Equivalent,Abbreviated,N,,,,1,"System, Nuclear Magnetic Resonance Imaging",2,892.1000,RA,Radiology,RA,N,N,N,Y,Eligible,31,10,31,0,2021-07-15,2026-04-14,-305.0,1,exact_submission_number_only,2026-07-31,https://www.fda.gov/medical-devices/software-medical-device-samd/artificial-intelligence-enabled-medical-devices
K220589,510(k),2022-05-13,2022,Q2,MAGNETOM Skyra Fit,"Siemens Medical Solutions USA, Inc.",Radiology,LNH,1,MAGNETOM Skyra Fit,"Siemens Medical Solutions USA, Inc.",2022-03-01,73,SESE,Substantially Equivalent,Traditional,N,,,,1,"System, Nuclear Magnetic Resonance Imaging",2,892.1000,RA,Radiology,RA,N,N,N,Y,Eligible,2,1,2,0,2025-08-28,2025-08-28,1203.0,1,exact_submission_number_only,2026-07-31,https://www.fda.gov/medical-devices/software-medical-device-samd/artificial-intelligence-enabled-medical-devices
K221106,510(k),2022-05-13,2022,Q2,Quantib Prostate,Quantib BV,Radiology,LLZ,1,Quantib Prostate,Quantib B.V.,2022-04-15,28,SESE,Substantially Equivalent,Special,N,,,,1,"System, Image Processing, Radiological",2,892.2050,RA,Radiology,RA,N,N,N,Y,Eligible,0,0,0,0,,,,0,exact_submission_number_only,2026-07-31,https://www.fda.gov/medical-devices/software-medical-device-samd/artificial-intelligence-enabled-medical-devices
K220105,510(k),2022-05-12,2022,Q2,Saige-Dx,"DeepHealth, Inc.",Radiology,QDQ,1,Saige-Dx,"DeepHealth, Inc.",2022-01-12,120,SESE,Substantially Equivalent,Traditional,N,,,,1,Radiological Computer Assisted Detection/Diagnosis Software For Lesions Suspicious For Cancer,2,892.2090,RA,Radiology,RA,N,N,N,N,Ineligible,0,0,0,0,,,,0,exact_submission_number_only,2026-07-31,https://www.fda.gov/medical-devices/software-medical-device-samd/artificial-intelligence-enabled-medical-devices
K220446,510(k),2022-05-11,2022,Q2,Versana Balance,"GE Medical Systems Ultrasound and Primary Care Diagnostics,",Radiology,IYN,1,Versana Balance,GE Medical Systems Ultrasound and Primary Care Diagnostics,2022-02-16,84,SESE,Substantially Equivalent,Traditional,N,,,,1,"System, Imaging, Pulsed Doppler, Ultrasonic",2,892.1550,RA,Radiology,RA,N,N,N,Y,Eligible,0,0,0,0,,,,0,exact_submission_number_only,2026-07-31,https://www.fda.gov/medical-devices/software-medical-device-samd/artificial-intelligence-enabled-medical-devices
K212519,510(k),2022-05-10,2022,Q2,Overjet Caries Assist,"Overjet, Inc.",Radiology,MYN,1,Overjet Caries Assist,"Overjet, Inc.",2021-08-10,273,SESE,Substantially Equivalent,Traditional,N,,,,1,"Analyzer, Medical Image",2,892.2070,RA,Radiology,RA,N,N,N,N,Eligible,0,0,0,0,,,,0,exact_submission_number_only,2026-07-31,https://www.fda.gov/medical-devices/software-medical-device-samd/artificial-intelligence-enabled-medical-devices
K211966,510(k),2022-05-06,2022,Q2,Segment 3DPrint,Medviso AB,Radiology,LLZ,1,Segment 3DPrint,Medviso AB,2021-06-24,316,SESE,Substantially Equivalent,Traditional,N,,,,1,"System, Image Processing, Radiological",2,892.2050,RA,Radiology,RA,N,N,N,Y,Eligible,0,0,0,0,,,,0,exact_submission_number_only,2026-07-31,https://www.fda.gov/medical-devices/software-medical-device-samd/artificial-intelligence-enabled-medical-devices
K212915,510(k),2022-05-03,2022,Q2,MVision AI Segmentation,MVision AI,Radiology,QKB,1,MVision AI Segmentation,MVision AI,2021-09-13,232,SESE,Substantially Equivalent,Traditional,N,,,,1,Radiological Image Processing Software For Radiation Therapy,2,892.2050,RA,Radiology,RA,N,N,N,N,Ineligible,0,0,0,0,,,,0,exact_submission_number_only,2026-07-31,https://www.fda.gov/medical-devices/software-medical-device-samd/artificial-intelligence-enabled-medical-devices
K220013,510(k),2022-05-03,2022,Q2,X100HT with Slide Loader with Full Field Peripheral Blood Smear (PBS) Application,Scopio Labs Ltd.,Hematology,JOY,1,X100HT with Slide Loader with Full Field Peripheral Blood Smear (PBS) Application,"Scopio Labs , Ltd.",2022-01-04,119,SESE,Substantially Equivalent,Traditional,N,,,,1,"Device, Automated Cell-Locating",2,864.5260,HE,Hematology,HE,N,N,N,Y,Eligible,0,0,0,0,,,,0,exact_submission_number_only,2026-07-31,https://www.fda.gov/medical-devices/software-medical-device-samd/artificial-intelligence-enabled-medical-devices
K220590,510(k),2022-04-29,2022,Q2,aPROMISE X,EXINI Diagnostics AB,Radiology,LLZ,1,aPROMISE X,Exini Diagnostics AB,2022-03-01,59,SESE,Substantially Equivalent,Traditional,N,,,,1,"System, Image Processing, Radiological",2,892.2050,RA,Radiology,RA,N,N,N,Y,Eligible,0,0,0,0,,,,0,exact_submission_number_only,2026-07-31,https://www.fda.gov/medical-devices/software-medical-device-samd/artificial-intelligence-enabled-medical-devices
K220899,510(k),2022-04-29,2022,Q2,Oxehealth Vital Signs,Oxehealth Limited,Cardiovascular,QME,1,Oxehealth Vital Signs,Oxehealth Limited,2022-03-28,32,SESE,Substantially Equivalent,Special,N,,,,1,"Software For Optical Camera-Based Measurement Of Pulse Rate, Heart Rate, Breathing Rate, And/Or Respiratory Rate",2,870.2785,CV,Cardiovascular,CV,N,N,N,N,Ineligible,0,0,0,0,,,,0,exact_submission_number_only,2026-07-31,https://www.fda.gov/medical-devices/software-medical-device-samd/artificial-intelligence-enabled-medical-devices
K220939,510(k),2022-04-29,2022,Q2,MAGNETOM Lumina and MAGNETOM Vida Fit with syngo MR XA50A,Siemens Medical Solutions USA Inc.,Radiology,LNH,1,MAGNETOM Lumina and MAGNETOM Vida Fit with syngo MR XA50A,"Siemens Medical Solutions USA, Inc.",2022-03-31,29,SESE,Substantially Equivalent,Special,N,,,,1,"System, Nuclear Magnetic Resonance Imaging",2,892.1000,RA,Radiology,RA,N,N,N,Y,Eligible,1,1,1,0,2025-08-28,2025-08-28,1217.0,1,exact_submission_number_only,2026-07-31,https://www.fda.gov/medical-devices/software-medical-device-samd/artificial-intelligence-enabled-medical-devices
K220264,510(k),2022-04-28,2022,Q2,EFAI RTSuite CT HN-Segmentation System,"Ever Fortune.AI Co., Ltd.",Radiology,QKB,1,EFAI RTSuite CT HN-Segmentation System,"Ever Fortune.Ai, Co., Ltd.",2022-01-31,87,SESE,Substantially Equivalent,Traditional,N,,,,1,Radiological Image Processing Software For Radiation Therapy,2,892.2050,RA,Radiology,RA,N,N,N,N,Ineligible,0,0,0,0,,,,0,exact_submission_number_only,2026-07-31,https://www.fda.gov/medical-devices/software-medical-device-samd/artificial-intelligence-enabled-medical-devices
K212441,510(k),2022-04-27,2022,Q2,Philips Incisive CT,"Philips Healthcare (Suzhou) Co., Ltd.",Radiology,JAK,1,Philips Incisive CT,"Philips Healthcare (Suzhou) Co., Ltd.",2021-08-04,266,SESE,Substantially Equivalent,Traditional,N,,,,1,"System, X-Ray, Tomography, Computed",2,892.1750,RA,Radiology,RA,N,N,N,Y,Eligible,16,10,15,1,2022-03-29,2025-12-03,-29.0,1,exact_submission_number_only,2026-07-31,https://www.fda.gov/medical-devices/software-medical-device-samd/artificial-intelligence-enabled-medical-devices
K212662,510(k),2022-04-26,2022,Q2,AliveCor QT Service,"AliveCor, Inc.",Cardiovascular,DQK,1,AliveCor QT Service,"AliveCor, Inc.",2021-08-23,246,SESE,Substantially Equivalent,Traditional,N,,,,1,"Computer, Diagnostic, Programmable",2,870.1425,CV,Cardiovascular,CV,N,N,N,Y,Eligible,0,0,0,0,,,,0,exact_submission_number_only,2026-07-31,https://www.fda.gov/medical-devices/software-medical-device-samd/artificial-intelligence-enabled-medical-devices
K213886,510(k),2022-04-26,2022,Q2,BriefCase,"Aidoc Medical, Ltd.",Radiology,QAS,1,BriefCase,"Aidoc Medical , Ltd.",2021-12-13,134,SESE,Substantially Equivalent,Traditional,N,,,,1,Radiological Computer-Assisted Triage And Notification Software,2,892.2080,RA,Radiology,RA,N,N,N,N,Ineligible,0,0,0,0,,,,0,exact_submission_number_only,2026-07-31,https://www.fda.gov/medical-devices/software-medical-device-samd/artificial-intelligence-enabled-medical-devices
K213944,510(k),2022-04-22,2022,Q2,HealthOST,NanoxAI Ltd.,Radiology,JAK,1,HealthOST,"Nanoxai , Ltd.",2021-12-17,126,SESE,Substantially Equivalent,Traditional,N,,,,1,"System, X-Ray, Tomography, Computed",2,892.1750,RA,Radiology,RA,N,N,N,Y,Eligible,0,0,0,0,,,,0,exact_submission_number_only,2026-07-31,https://www.fda.gov/medical-devices/software-medical-device-samd/artificial-intelligence-enabled-medical-devices
K213795,510(k),2022-04-21,2022,Q2,Videa Caries Assist,"VideaHealth, Inc",Radiology,MYN,1,Videa Caries Assist,"Videahealth, Inc.",2021-12-06,136,SESE,Substantially Equivalent,Traditional,N,,,,1,"Analyzer, Medical Image",2,892.2070,RA,Radiology,RA,N,N,N,N,Eligible,0,0,0,0,,,,0,exact_submission_number_only,2026-07-31,https://www.fda.gov/medical-devices/software-medical-device-samd/artificial-intelligence-enabled-medical-devices
K213706,510(k),2022-04-15,2022,Q2,AI-Rad Companion Brain MR,Siemens Healthcare GmBh,Radiology,QIH,1,AI-Rad Companion Brain MR,Siemens Healthcare GmbH,2021-11-24,142,SESE,Substantially Equivalent,Traditional,N,,,,1,Automated Radiological Image Processing Software,2,892.2050,RA,Radiology,RA,N,N,N,N,Ineligible,0,0,0,0,,,,0,exact_submission_number_only,2026-07-31,https://www.fda.gov/medical-devices/software-medical-device-samd/artificial-intelligence-enabled-medical-devices
K220141,510(k),2022-04-15,2022,Q2,RayStation 11B,RaySearch Laboratories AB (publ),Radiology,MUJ,1,RayStation 11B,RaySearch Laboratories AB (PUBL),2022-01-18,87,SESE,Substantially Equivalent,Traditional,N,,,,1,"System, Planning, Radiation Therapy Treatment",2,892.5050,RA,Radiology,RA,N,N,N,N,Eligible,6,6,5,1,2022-06-10,2025-11-28,56.0,1,exact_submission_number_only,2026-07-31,https://www.fda.gov/medical-devices/software-medical-device-samd/artificial-intelligence-enabled-medical-devices
K212274,510(k),2022-04-08,2022,Q2,INT Contour,Carina Medical LLC,Radiology,MUJ,1,INT Contour,"Carina Medical, LLC",2021-07-20,262,SESE,Substantially Equivalent,Traditional,N,,,,1,"System, Planning, Radiation Therapy Treatment",2,892.5050,RA,Radiology,RA,N,N,N,N,Eligible,0,0,0,0,,,,0,exact_submission_number_only,2026-07-31,https://www.fda.gov/medical-devices/software-medical-device-samd/artificial-intelligence-enabled-medical-devices
K220192,510(k),2022-04-08,2022,Q2,"Vantage Galan 3T, MRT-3020, V8.0 with AiCE Reconstruction Processing Unit for MR",Canon Medical Systems Corporation,Radiology,LNH,1,"Vantage Galan 3T, MRT-3020, V8.0 with AiCE Reconstruction Processing Unit for MR",Canon Medical Systems Corporation,2022-01-24,74,SESE,Substantially Equivalent,Traditional,N,,,,1,"System, Nuclear Magnetic Resonance Imaging",2,892.1000,RA,Radiology,RA,N,N,N,Y,Eligible,0,0,0,0,,,,0,exact_submission_number_only,2026-07-31,https://www.fda.gov/medical-devices/software-medical-device-samd/artificial-intelligence-enabled-medical-devices
K203783,510(k),2022-04-06,2022,Q2,ClariPulmo,ClariPi Inc.,Radiology,LLZ,1,ClariPulmo,"Claripi, Inc.",2020-12-28,464,SESE,Substantially Equivalent,Traditional,N,,,,1,"System, Image Processing, Radiological",2,892.2050,RA,Radiology,RA,N,N,N,Y,Eligible,0,0,0,0,,,,0,exact_submission_number_only,2026-07-31,https://www.fda.gov/medical-devices/software-medical-device-samd/artificial-intelligence-enabled-medical-devices
K214081,510(k),2022-04-05,2022,Q2,MRCAT Head & Neck,Philips Oy,Radiology,MUJ,1,MRCAT Head & Neck,Philips OY,2021-12-27,99,SESE,Substantially Equivalent,Traditional,N,,,,1,"System, Planning, Radiation Therapy Treatment",2,892.5050,RA,Radiology,RA,N,N,N,N,Eligible,0,0,0,0,,,,0,exact_submission_number_only,2026-07-31,https://www.fda.gov/medical-devices/software-medical-device-samd/artificial-intelligence-enabled-medical-devices
K220043,510(k),2022-04-05,2022,Q2,"HERA W10 Diagnostic Ultrasound System, HERA W9 Diagnostic Ultrasound System","Samsung Medison Co., LTD",Radiology,IYN,1,"HERA W10 Diagnostic Ultrasound System, HERA W9 Diagnostic Ultrasound System","Samsung Medison Co., Ltd.",2022-01-05,90,SESE,Substantially Equivalent,Traditional,N,,,,1,"System, Imaging, Pulsed Doppler, Ultrasonic",2,892.1550,RA,Radiology,RA,N,N,N,Y,Eligible,0,0,0,0,,,,0,exact_submission_number_only,2026-07-31,https://www.fda.gov/medical-devices/software-medical-device-samd/artificial-intelligence-enabled-medical-devices
K212624,510(k),2022-04-04,2022,Q2,EFAI Intelligent Cardiothoracic Ratio (iCTR) Assessment System,"Ever Fortune. AI Co., Ltd.",Radiology,QIH,1,EFAI Intelligent Cardiothoracic Ratio (iCTR) Assessment System,"Ever Fortune.Ai, Co., Ltd.",2021-08-18,229,SESE,Substantially Equivalent,Traditional,N,,,,1,Automated Radiological Image Processing Software,2,892.2050,RA,Radiology,RA,N,N,N,N,Ineligible,0,0,0,0,,,,0,exact_submission_number_only,2026-07-31,https://www.fda.gov/medical-devices/software-medical-device-samd/artificial-intelligence-enabled-medical-devices
K213657,510(k),2022-04-01,2022,Q2,DEEPVESSEL FFR,KeyaMed NA Inc.,Cardiovascular,PJA,1,DEEPVESSEL FFR,"Keyamed Na, Inc.",2021-11-19,133,SESE,Substantially Equivalent,Traditional,N,,,,1,Coronary Vascular Physiologic Simulation Software,2,870.1415,CV,Cardiovascular,CV,N,N,N,N,Ineligible,0,0,0,0,,,,0,exact_submission_number_only,2026-07-31,https://www.fda.gov/medical-devices/software-medical-device-samd/artificial-intelligence-enabled-medical-devices
K220151,510(k),2022-04-01,2022,Q2,MAGNETOM Avanto Fit,"Siemens Medical Solutions USA, Inc.",Radiology,LNH,1,MAGNETOM Avanto Fit,"Siemens Medical Solutions USA, Inc.",2022-01-19,72,SESE,Substantially Equivalent,Traditional,N,,,,1,"System, Nuclear Magnetic Resonance Imaging",2,892.1000,RA,Radiology,RA,N,N,N,Y,Eligible,0,0,0,0,,,,0,exact_submission_number_only,2026-07-31,https://www.fda.gov/medical-devices/software-medical-device-samd/artificial-intelligence-enabled-medical-devices
K200828,510(k),2022-03-22,2022,Q1,Athelas Home,Athelas Inc.,Hematology,GKZ,1,Athelas Home,"Athelas, Inc.",2020-03-30,722,SESE,Substantially Equivalent,Traditional,N,,,,1,"Counter, Differential Cell",2,864.5220,HE,Hematology,HE,N,N,N,N,Ineligible,0,0,0,0,,,,0,exact_submission_number_only,2026-07-31,https://www.fda.gov/medical-devices/software-medical-device-samd/artificial-intelligence-enabled-medical-devices
K212960,510(k),2022-03-22,2022,Q1,"Aplio a550, Aplio a450, and Aplio a, Diagnostic Ultrasound System, Software V6.5",Canon Medical Systems Corporation,Radiology,IYN,1,"Aplio a550, Aplio a450, and Aplio a, Diagnostic Ultrasound System, Software V6.5",Canon Medical Systems Corporation,2021-09-16,187,SESE,Substantially Equivalent,Traditional,N,,,,1,"System, Imaging, Pulsed Doppler, Ultrasonic",2,892.1550,RA,Radiology,RA,N,N,N,Y,Eligible,1,1,1,0,2022-09-29,2022-09-29,191.0,1,exact_submission_number_only,2026-07-31,https://www.fda.gov/medical-devices/software-medical-device-samd/artificial-intelligence-enabled-medical-devices
K213721,510(k),2022-03-21,2022,Q1,BriefCase,"Aidoc Medical, Ltd.",Radiology,QAS,1,BriefCase,"Aidoc Medical , Ltd.",2021-11-24,117,SESE,Substantially Equivalent,Traditional,N,,,,1,Radiological Computer-Assisted Triage And Notification Software,2,892.2080,RA,Radiology,RA,N,N,N,N,Ineligible,0,0,0,0,,,,0,exact_submission_number_only,2026-07-31,https://www.fda.gov/medical-devices/software-medical-device-samd/artificial-intelligence-enabled-medical-devices
K213779,510(k),2022-03-16,2022,Q1,Customize,3D-Side SA,Radiology,QIH,1,Customize,3D-Side S.A.,2021-12-03,103,SESE,Substantially Equivalent,Traditional,N,,,,1,Automated Radiological Image Processing Software,2,892.2050,RA,Radiology,RA,N,N,N,N,Ineligible,0,0,0,0,,,,0,exact_submission_number_only,2026-07-31,https://www.fda.gov/medical-devices/software-medical-device-samd/artificial-intelligence-enabled-medical-devices
K203744,510(k),2022-03-14,2022,Q1,Arterys MICA,Arterys Inc.,Radiology,QIH,1,Arterys MICA,"Arterys, Inc.",2020-12-22,447,SESE,Substantially Equivalent,Traditional,N,,,,1,Automated Radiological Image Processing Software,2,892.2050,RA,Radiology,RA,N,N,N,N,Ineligible,0,0,0,0,,,,0,exact_submission_number_only,2026-07-31,https://www.fda.gov/medical-devices/software-medical-device-samd/artificial-intelligence-enabled-medical-devices
K214043,510(k),2022-03-14,2022,Q1,BriefCase,"Aidoc Medical, Ltd.",Radiology,QFM,1,BriefCase,"Aidoc Medical , Ltd.",2021-12-23,81,SESE,Substantially Equivalent,Traditional,N,,,,1,Radiological Computer-Assisted Prioritization Software For Lesions,2,892.2080,RA,Radiology,RA,N,N,N,N,Ineligible,0,0,0,0,,,,0,exact_submission_number_only,2026-07-31,https://www.fda.gov/medical-devices/software-medical-device-samd/artificial-intelligence-enabled-medical-devices
K213725,510(k),2022-03-11,2022,Q1,CardIQ Suite,GE Medical Systems SCS,Radiology,JAK,1,CardIQ Suite,GE Medical Systems SCS,2021-11-26,105,SESE,Substantially Equivalent,Traditional,N,,,,1,"System, X-Ray, Tomography, Computed",2,892.1750,RA,Radiology,RA,N,N,N,Y,Eligible,0,0,0,0,,,,0,exact_submission_number_only,2026-07-31,https://www.fda.gov/medical-devices/software-medical-device-samd/artificial-intelligence-enabled-medical-devices
K213566,510(k),2022-03-10,2022,Q1,ClearRead Xray Pneumothorax,"Riverain Technologies, Inc.",Radiology,QFM,1,ClearRead Xray Pneumothorax,"Riverain Technologies, Inc.",2021-11-09,121,SESE,Substantially Equivalent,Traditional,N,,,,1,Radiological Computer-Assisted Prioritization Software For Lesions,2,892.2080,RA,Radiology,RA,N,N,N,N,Ineligible,0,0,0,0,,,,0,exact_submission_number_only,2026-07-31,https://www.fda.gov/medical-devices/software-medical-device-samd/artificial-intelligence-enabled-medical-devices
K210365,510(k),2022-03-04,2022,Q1,Second Opinion,Pearl Inc.,Radiology,MYN,1,Second Opinion,"Pearl, Inc.",2021-02-08,389,SESE,Substantially Equivalent,Traditional,N,,,,1,"Analyzer, Medical Image",2,892.2070,RA,Radiology,RA,N,N,N,N,Eligible,0,0,0,0,,,,0,exact_submission_number_only,2026-07-31,https://www.fda.gov/medical-devices/software-medical-device-samd/artificial-intelligence-enabled-medical-devices
K212365,510(k),2022-03-01,2022,Q1,BoneView,Gleamer,Radiology,QBS,1,BoneView,Gleamer,2021-07-30,214,SESE,Substantially Equivalent,Traditional,N,,,,1,Radiological Computer Assisted Detection/Diagnosis Software For Fracture,2,892.2090,RA,Radiology,RA,N,N,N,N,Ineligible,0,0,0,0,,,,0,exact_submission_number_only,2026-07-31,https://www.fda.gov/medical-devices/software-medical-device-samd/artificial-intelligence-enabled-medical-devices
K213693,510(k),2022-02-25,2022,Q1,MAGNETOM Vida with syngo MR XA50A,"Siemens Medical Solutions USA, Inc.",Radiology,LNH,1,MAGNETOM Vida with syngo MR XA50A,"Siemens Medical Solutions USA, Inc.",2021-11-23,94,SESE,Substantially Equivalent,Traditional,N,,,,1,"System, Nuclear Magnetic Resonance Imaging",2,892.1000,RA,Radiology,RA,N,N,N,Y,Eligible,0,0,0,0,,,,0,exact_submission_number_only,2026-07-31,https://www.fda.gov/medical-devices/software-medical-device-samd/artificial-intelligence-enabled-medical-devices
K213941,510(k),2022-02-24,2022,Q1,Annalise Enterprise CXR Triage Pneumothorax,Annalise-AI,Radiology,QFM,1,Annalise Enterprise CXR Triage Pneumothorax,Annalise-Ai,2021-12-16,70,SESE,Substantially Equivalent,Traditional,N,,,,1,Radiological Computer-Assisted Prioritization Software For Lesions,2,892.2080,RA,Radiology,RA,N,N,N,N,Ineligible,0,0,0,0,,,,0,exact_submission_number_only,2026-07-31,https://www.fda.gov/medical-devices/software-medical-device-samd/artificial-intelligence-enabled-medical-devices
K213319,510(k),2022-02-18,2022,Q1,"Viz ANEURYSM, Viz ANX","Viz.ai, Inc.",Radiology,QFM,1,"Viz ANEURYSM, Viz ANX","Viz. Ai, Inc.",2021-10-04,137,SESE,Substantially Equivalent,Traditional,N,,,,1,Radiological Computer-Assisted Prioritization Software For Lesions,2,892.2080,RA,Radiology,RA,N,N,N,N,Ineligible,0,0,0,0,,,,0,exact_submission_number_only,2026-07-31,https://www.fda.gov/medical-devices/software-medical-device-samd/artificial-intelligence-enabled-medical-devices
K213999,510(k),2022-02-18,2022,Q1,Deep Learning Image Reconstruction,"GE Medical Systems, LLC.",Radiology,JAK,1,Deep Learning Image Reconstruction,"Ge Medical Systems, LLC",2021-12-21,59,SESE,Substantially Equivalent,Traditional,N,,,,1,"System, X-Ray, Tomography, Computed",2,892.1750,RA,Radiology,RA,N,N,N,Y,Eligible,0,0,0,0,,,,0,exact_submission_number_only,2026-07-31,https://www.fda.gov/medical-devices/software-medical-device-samd/artificial-intelligence-enabled-medical-devices
K213689,510(k),2022-02-17,2022,Q1,"Voluson P6, Voluson P8",GE Healthcare,Radiology,IYN,1,"Voluson P6, Voluson P8",GE Healthcare,2021-11-23,86,SESE,Substantially Equivalent,Traditional,N,,,,1,"System, Imaging, Pulsed Doppler, Ultrasonic",2,892.1550,RA,Radiology,RA,N,N,N,Y,Eligible,0,0,0,0,,,,0,exact_submission_number_only,2026-07-31,https://www.fda.gov/medical-devices/software-medical-device-samd/artificial-intelligence-enabled-medical-devices
K213603,510(k),2022-02-11,2022,Q1,SIGNA Artist Evo,GE Healthcare(Tianjin) Company Limited,Radiology,LNH,1,SIGNA Artist Evo,Ge Healthcare (Tianjin) Company Limited,2021-11-15,88,SESE,Substantially Equivalent,Traditional,N,,,,1,"System, Nuclear Magnetic Resonance Imaging",2,892.1000,RA,Radiology,RA,N,N,N,Y,Eligible,1,1,1,0,2025-06-20,2025-06-20,1225.0,1,exact_submission_number_only,2026-07-31,https://www.fda.gov/medical-devices/software-medical-device-samd/artificial-intelligence-enabled-medical-devices
K213165,510(k),2022-02-08,2022,Q1,Rapid,iSchema View Inc.,Radiology,LLZ,1,Rapid,"Ischemaview, Inc.",2021-09-28,133,SESE,Substantially Equivalent,Traditional,N,,,,1,"System, Image Processing, Radiological",2,892.2050,RA,Radiology,RA,N,N,N,Y,Eligible,0,0,0,0,,,,0,exact_submission_number_only,2026-07-31,https://www.fda.gov/medical-devices/software-medical-device-samd/artificial-intelligence-enabled-medical-devices
K212654,510(k),2022-02-04,2022,Q1,"Micro C Medical Imaging System, M01","OXOS Medical, Inc.",Radiology,IZL,1,"Micro C Medical Imaging System, M01","Oxos Medical, Inc.",2021-08-23,165,SESE,Substantially Equivalent,Traditional,Y,,,,1,"System, X-Ray, Mobile",2,892.1720,RA,Radiology,RA,N,N,N,Y,Eligible,0,0,0,0,,,,0,exact_submission_number_only,2026-07-31,https://www.fda.gov/medical-devices/software-medical-device-samd/artificial-intelligence-enabled-medical-devices
K213938,510(k),2022-02-04,2022,Q1,Revolution Ascend,GE Healthcare Japan Corporation,Radiology,JAK,1,Revolution Ascend,Ge Healthcare Japan Corporation,2021-12-16,50,SESE,Substantially Equivalent,Traditional,N,,,,1,"System, X-Ray, Tomography, Computed",2,892.1750,RA,Radiology,RA,N,N,N,Y,Eligible,2,2,2,0,2024-11-05,2026-03-26,1005.0,1,exact_submission_number_only,2026-07-31,https://www.fda.gov/medical-devices/software-medical-device-samd/artificial-intelligence-enabled-medical-devices
K213976,510(k),2022-02-03,2022,Q1,Contour ProtégéAI,MIM Software Inc.,Radiology,QKB,1,Contour ProtégéAI,"Mim Software, Inc.",2021-12-20,45,SESE,Substantially Equivalent,Special,N,,,,1,Radiological Image Processing Software For Radiation Therapy,2,892.2050,RA,Radiology,RA,N,N,N,N,Ineligible,0,0,0,0,,,,0,exact_submission_number_only,2026-07-31,https://www.fda.gov/medical-devices/software-medical-device-samd/artificial-intelligence-enabled-medical-devices
K203260,510(k),2022-01-28,2022,Q1,syngo.CT Brain Hemorrhage,"Siemens Medical Solutions USA, Inc.",Radiology,QAS,1,syngo.CT Brain Hemorrhage,"Siemens Medical Solutions USA, Inc.",2020-11-05,449,SESE,Substantially Equivalent,Traditional,N,,,,1,Radiological Computer-Assisted Triage And Notification Software,2,892.2080,RA,Radiology,RA,N,N,N,N,Ineligible,0,0,0,0,,,,0,exact_submission_number_only,2026-07-31,https://www.fda.gov/medical-devices/software-medical-device-samd/artificial-intelligence-enabled-medical-devices
K212333,510(k),2022-01-24,2022,Q1,"Aplio i900/i800/i700 Diagnostic Ultrasound System, Software V6.5",Canon Medical Systems Corporation,Radiology,IYN,1,"Aplio i900/i800/i700 Diagnostic Ultrasound System, Software V6.5",Canon Medical Systems Corporation,2021-07-27,181,SESE,Substantially Equivalent,Traditional,N,,,,1,"System, Imaging, Pulsed Doppler, Ultrasonic",2,892.1550,RA,Radiology,RA,N,N,N,Y,Eligible,1,1,1,0,2022-09-29,2022-09-29,248.0,1,exact_submission_number_only,2026-07-31,https://www.fda.gov/medical-devices/software-medical-device-samd/artificial-intelligence-enabled-medical-devices
K213668,510(k),2022-01-20,2022,Q1,SIGNA Hero,"GE Healthcare (GE Medical Systems, LLC)",Radiology,LNH,1,SIGNA Hero,"Ge Healthcare (Ge Medical Systems, LLC)",2021-11-22,59,SESE,Substantially Equivalent,Traditional,N,,,,1,"System, Nuclear Magnetic Resonance Imaging",2,892.1000,RA,Radiology,RA,N,N,N,Y,Eligible,2,2,2,0,2024-06-14,2025-06-20,876.0,1,exact_submission_number_only,2026-07-31,https://www.fda.gov/medical-devices/software-medical-device-samd/artificial-intelligence-enabled-medical-devices
K214019,510(k),2022-01-20,2022,Q1,syngo.CT Extended Functionality,"Siemens Medical Solutions USA, Inc.",Radiology,JAK,1,syngo.CT Extended Functionality,"Siemens Medical Solutions USA, Inc.",2021-12-22,29,SESE,Substantially Equivalent,Special,N,,,,1,"System, X-Ray, Tomography, Computed",2,892.1750,RA,Radiology,RA,N,N,N,Y,Eligible,0,0,0,0,,,,0,exact_submission_number_only,2026-07-31,https://www.fda.gov/medical-devices/software-medical-device-samd/artificial-intelligence-enabled-medical-devices
K210747,510(k),2022-01-19,2022,Q1,Caption Interpretation Automated Ejection Fraction Software,Caption Health,Radiology,QIH,1,Caption Interpretation Automated Ejection Fraction Software,Caption Health,2021-03-12,313,SESE,Substantially Equivalent,Traditional,N,,,,1,Automated Radiological Image Processing Software,2,892.2050,RA,Radiology,RA,N,N,N,N,Ineligible,0,0,0,0,,,,0,exact_submission_number_only,2026-07-31,https://www.fda.gov/medical-devices/software-medical-device-samd/artificial-intelligence-enabled-medical-devices
K212012,510(k),2022-01-19,2022,Q1,Follicle Clarity,Cycle Clarity,Radiology,QIH,1,Follicle Clarity,Cycle Clarity,2021-06-28,205,SESE,Substantially Equivalent,Traditional,N,,,,1,Automated Radiological Image Processing Software,2,892.2050,RA,Radiology,RA,N,N,N,N,Ineligible,0,0,0,0,,,,0,exact_submission_number_only,2026-07-31,https://www.fda.gov/medical-devices/software-medical-device-samd/artificial-intelligence-enabled-medical-devices
K211980,510(k),2022-01-16,2022,Q1,SIGNA Prime,GE Healthcare (Tianjin) Company Limited,Radiology,LNH,1,SIGNA Prime,Ge Healthcare (Tianjin) Company Limited,2021-06-25,205,SESE,Substantially Equivalent,Traditional,N,,,,1,"System, Nuclear Magnetic Resonance Imaging",2,892.1000,RA,Radiology,RA,N,N,N,Y,Eligible,2,2,2,0,2022-03-04,2024-06-14,47.0,1,exact_submission_number_only,2026-07-31,https://www.fda.gov/medical-devices/software-medical-device-samd/artificial-intelligence-enabled-medical-devices
K210760,510(k),2022-01-14,2022,Q1,Precise Image,"Philips Medical Systems Nederland, B.V.",Radiology,JAK,1,Precise Image,Philips Medical Systems Nederland B.V.,2021-03-15,305,SESE,Substantially Equivalent,Traditional,N,,,,1,"System, X-Ray, Tomography, Computed",2,892.1750,RA,Radiology,RA,N,N,N,Y,Eligible,0,0,0,0,,,,0,exact_submission_number_only,2026-07-31,https://www.fda.gov/medical-devices/software-medical-device-samd/artificial-intelligence-enabled-medical-devices
K213307,510(k),2022-01-14,2022,Q1,Eclipse II with Smart Noise Cancellation,"Carestream Health, Inc.",Radiology,MQB,1,Eclipse II with Smart Noise Cancellation,"Carestream Health, Inc.",2021-10-04,102,SESE,Substantially Equivalent,Traditional,N,,,,1,Solid State X-Ray Imager (Flat Panel/Digital Imager),2,892.1680,RA,Radiology,RA,N,N,N,Y,Eligible,0,0,0,0,,,,0,exact_submission_number_only,2026-07-31,https://www.fda.gov/medical-devices/software-medical-device-samd/artificial-intelligence-enabled-medical-devices
K213737,510(k),2022-01-14,2022,Q1,Quantib ND,Quantib B.V.,Radiology,LLZ,1,Quantib ND,Quantib B.V.,2021-11-29,46,SESE,Substantially Equivalent,Special,N,,,,1,"System, Image Processing, Radiological",2,892.2050,RA,Radiology,RA,N,N,N,Y,Eligible,0,0,0,0,,,,0,exact_submission_number_only,2026-07-31,https://www.fda.gov/medical-devices/software-medical-device-samd/artificial-intelligence-enabled-medical-devices
K213642,510(k),2022-01-13,2022,Q1,"Voluson S6, Voluson S8, Voluson S8t, Voluson S10, Voluson S10 Expert",GE Healthcare,Radiology,IYN,1,"Voluson S6, Voluson S8, Voluson S8t, Voluson S10, Voluson S10 Expert",GE Healthcare,2021-11-18,56,SESE,Substantially Equivalent,Traditional,N,,,,1,"System, Imaging, Pulsed Doppler, Ultrasonic",2,892.1550,RA,Radiology,RA,N,N,N,Y,Eligible,0,0,0,0,,,,0,exact_submission_number_only,2026-07-31,https://www.fda.gov/medical-devices/software-medical-device-samd/artificial-intelligence-enabled-medical-devices
K212005,510(k),2022-01-12,2022,Q1,UNiD Spine Analyzer,"MEDICREA International, Inc.",Radiology,LLZ,1,UNiD Spine Analyzer,"Medicrea International, Inc.",2021-06-28,198,SESE,Substantially Equivalent,Traditional,N,,,,1,"System, Image Processing, Radiological",2,892.2050,RA,Radiology,RA,N,N,N,Y,Eligible,1,1,1,0,2024-12-03,2024-12-03,1056.0,1,exact_submission_number_only,2026-07-31,https://www.fda.gov/medical-devices/software-medical-device-samd/artificial-intelligence-enabled-medical-devices
K211443,510(k),2022-01-07,2022,Q1,AIBOLIT 3D+,"AIbolit Technologies, LLC",Radiology,LLZ,1,AIBOLIT 3D+,"Aibolit Technologies, LLC",2021-05-10,242,SESE,Substantially Equivalent,Traditional,N,,,,1,"System, Image Processing, Radiological",2,892.2050,RA,Radiology,RA,N,N,N,Y,Eligible,0,0,0,0,,,,0,exact_submission_number_only,2026-07-31,https://www.fda.gov/medical-devices/software-medical-device-samd/artificial-intelligence-enabled-medical-devices
K213544,510(k),2022-01-06,2022,Q1,TOMTEC-ARENA,TOMTEC Imaging Systems GmbH,Radiology,QIH,1,TOMTEC-ARENA,Tomtec Imaging Systems GmbH,2021-11-08,59,SESE,Substantially Equivalent,Traditional,N,,,,1,Automated Radiological Image Processing Software,2,892.2050,RA,Radiology,RA,N,N,N,N,Ineligible,0,0,0,0,,,,0,exact_submission_number_only,2026-07-31,https://www.fda.gov/medical-devices/software-medical-device-samd/artificial-intelligence-enabled-medical-devices
K213776,510(k),2021-12-29,2021,Q4,LiverSmart,Resonance Health Analysis Services Pty Ltd,Radiology,PCS,1,LiverSmart,"Resonance Health Analysis Services Pty, Ltd.",2021-12-02,27,SESE,Substantially Equivalent,Special,N,,,,1,Liver Iron Concentration Imaging Companion Diagnostic For Deferasirox,2,892.1001,RA,Radiology,RA,N,N,N,N,Eligible,0,0,0,0,,,,0,exact_submission_number_only,2026-07-31,https://www.fda.gov/medical-devices/software-medical-device-samd/artificial-intelligence-enabled-medical-devices
K202404,510(k),2021-12-22,2021,Q4,BoneMRI,MRIguidance B.V,Radiology,QIH,1,BoneMRI,Mriguidance B.V.,2020-08-21,488,SESE,Substantially Equivalent,Traditional,N,,,,1,Automated Radiological Image Processing Software,2,892.2050,RA,Radiology,RA,N,N,N,N,Ineligible,0,0,0,0,,,,0,exact_submission_number_only,2026-07-31,https://www.fda.gov/medical-devices/software-medical-device-samd/artificial-intelligence-enabled-medical-devices
K210670,510(k),2021-12-21,2021,Q4,BU-CAD,TaiHao Medical Inc.,Radiology,QDQ,1,BU-CAD,"Taihao Medical, Inc.",2021-03-05,291,SESE,Substantially Equivalent,Traditional,N,,,,1,Radiological Computer Assisted Detection/Diagnosis Software For Lesions Suspicious For Cancer,2,892.2090,RA,Radiology,RA,N,N,N,N,Ineligible,0,0,0,0,,,,0,exact_submission_number_only,2026-07-31,https://www.fda.gov/medical-devices/software-medical-device-samd/artificial-intelligence-enabled-medical-devices
K212690,510(k),2021-12-21,2021,Q4,qXR-BT,Qure.ai Technologies,Radiology,QIH,1,qXR-BT,Qure.Ai Technologies,2021-08-25,118,SESE,Substantially Equivalent,Traditional,N,,,,1,Automated Radiological Image Processing Software,2,892.2050,RA,Radiology,RA,N,N,N,N,Ineligible,0,0,0,0,,,,0,exact_submission_number_only,2026-07-31,https://www.fda.gov/medical-devices/software-medical-device-samd/artificial-intelligence-enabled-medical-devices
K213275,510(k),2021-12-20,2021,Q4,EchoGo Core (2.0),Ultromics Limited,Radiology,QIH,1,EchoGo Core (2.0),Ultromics Limited,2021-09-30,81,SESE,Substantially Equivalent,Traditional,N,,,,1,Automated Radiological Image Processing Software,2,892.2050,RA,Radiology,RA,N,N,N,N,Ineligible,0,0,0,0,,,,0,exact_submission_number_only,2026-07-31,https://www.fda.gov/medical-devices/software-medical-device-samd/artificial-intelligence-enabled-medical-devices
K212616,510(k),2021-12-16,2021,Q4,Koios DS,"Koios Medical, Inc.",Radiology,POK,1,Koios DS,"Koios Medical, Inc.",2021-08-18,120,SESE,Substantially Equivalent,Traditional,N,,,,1,Computer-Assisted Diagnostic Software For Lesions Suspicious For Cancer,2,892.2060,RA,Radiology,RA,N,N,N,N,Eligible,0,0,0,0,,,,0,exact_submission_number_only,2026-07-31,https://www.fda.gov/medical-devices/software-medical-device-samd/artificial-intelligence-enabled-medical-devices
K213628,510(k),2021-12-16,2021,Q4,VBrain,Vysioneer Inc.,Radiology,QKB,1,VBrain,"Vysioneer, Inc.",2021-11-17,29,SESE,Substantially Equivalent,Special,N,,,,1,Radiological Image Processing Software For Radiation Therapy,2,892.2050,RA,Radiology,RA,N,N,N,N,Ineligible,0,0,0,0,,,,0,exact_submission_number_only,2026-07-31,https://www.fda.gov/medical-devices/software-medical-device-samd/artificial-intelligence-enabled-medical-devices
K211803,510(k),2021-12-15,2021,Q4,HealthPPT,Zebra Medical Vision Ltd.,Radiology,QFM,1,HealthPPT,"Zebra Medical Vision, Ltd.",2021-06-11,187,SESE,Substantially Equivalent,Traditional,N,,,,1,Radiological Computer-Assisted Prioritization Software For Lesions,2,892.2080,RA,Radiology,RA,N,N,N,N,Ineligible,0,0,0,0,,,,0,exact_submission_number_only,2026-07-31,https://www.fda.gov/medical-devices/software-medical-device-samd/artificial-intelligence-enabled-medical-devices
K213155,510(k),2021-12-15,2021,Q4,RT-Mind-AI,"MedMind Technology Co., Ltd.",Radiology,QKB,1,RT-Mind-AI,"Medmind Technology Co., Ltd.",2021-09-28,78,SESE,Substantially Equivalent,Traditional,N,,,,1,Radiological Image Processing Software For Radiation Therapy,2,892.2050,RA,Radiology,RA,N,N,N,N,Ineligible,0,0,0,0,,,,0,exact_submission_number_only,2026-07-31,https://www.fda.gov/medical-devices/software-medical-device-samd/artificial-intelligence-enabled-medical-devices
K212466,510(k),2021-12-09,2021,Q4,LVivo Seamless,DiA Imaging Analysis Ltd,Radiology,QIH,1,LVivo Seamless,"Dia Imaging Analysis, Ltd.",2021-08-06,125,SESE,Substantially Equivalent,Traditional,N,,,,1,Automated Radiological Image Processing Software,2,892.2050,RA,Radiology,RA,N,N,N,N,Ineligible,0,0,0,0,,,,0,exact_submission_number_only,2026-07-31,https://www.fda.gov/medical-devices/software-medical-device-samd/artificial-intelligence-enabled-medical-devices
K213096,510(k),2021-12-06,2021,Q4,Al-Rad Companion (Pulmonary),"Siemens Medical Solutions USA, Inc.",Radiology,JAK,1,Al-Rad Companion (Pulmonary),"Siemens Medical Solutions USA, Inc.",2021-09-24,73,SESE,Substantially Equivalent,Traditional,N,,,,1,"System, X-Ray, Tomography, Computed",2,892.1750,RA,Radiology,RA,N,N,N,Y,Eligible,0,0,0,0,,,,0,exact_submission_number_only,2026-07-31,https://www.fda.gov/medical-devices/software-medical-device-samd/artificial-intelligence-enabled-medical-devices
K212219,510(k),2021-12-03,2021,Q4,AHI System,Fifth Eye Inc.,Cardiovascular,QNV,1,AHI System,"Fifth Eye, Inc.",2021-07-16,140,SESE,Substantially Equivalent,Traditional,N,,,,1,Adjunctive Hemodynamic Indicator With Decision Point,2,870.2220,CV,Cardiovascular,CV,N,N,N,N,Ineligible,0,0,0,0,,,,0,exact_submission_number_only,2026-07-31,https://www.fda.gov/medical-devices/software-medical-device-samd/artificial-intelligence-enabled-medical-devices
K212442,510(k),2021-12-03,2021,Q4,Cydar EV (Series B) and Cydar EV Maps,Cydar Ltd.,Radiology,OWB,1,Cydar EV (Series B) and Cydar EV Maps,"Cydar , Ltd.",2021-08-04,121,SESE,Substantially Equivalent,Traditional,N,,,,1,Interventional Fluoroscopic X-Ray System,2,892.1650,RA,Radiology,RA,N,N,N,Y,Eligible,0,0,0,0,,,,0,exact_submission_number_only,2026-07-31,https://www.fda.gov/medical-devices/software-medical-device-samd/artificial-intelligence-enabled-medical-devices
K213305,510(k),2021-12-01,2021,Q4,"Vantage Fortian 1.5T, MRT-1550, V8.0 with AiCE Reconstruction Processing Unit for MR",Canon Medical Systems Corporation,Radiology,LNH,1,"Vantage Fortian 1.5T, MRT-1550, V8.0 with AiCE Reconstruction Processing Unit for MR",Canon Medical Systems Corporation,2021-10-04,58,SESE,Substantially Equivalent,Traditional,N,,,,1,"System, Nuclear Magnetic Resonance Imaging",2,892.1000,RA,Radiology,RA,N,N,N,Y,Eligible,0,0,0,0,,,,0,exact_submission_number_only,2026-07-31,https://www.fda.gov/medical-devices/software-medical-device-samd/artificial-intelligence-enabled-medical-devices
K211541,510(k),2021-11-26,2021,Q4,MammoScreen 2.0,Therapixel,Radiology,QDQ,1,MammoScreen 2.0,Therapixel,2021-05-19,191,SESE,Substantially Equivalent,Traditional,N,,,,1,Radiological Computer Assisted Detection/Diagnosis Software For Lesions Suspicious For Cancer,2,892.2090,RA,Radiology,RA,N,N,N,N,Ineligible,0,0,0,0,,,,0,exact_submission_number_only,2026-07-31,https://www.fda.gov/medical-devices/software-medical-device-samd/artificial-intelligence-enabled-medical-devices
K210831,510(k),2021-11-19,2021,Q4,OnQ Neuro,"CorTechs Labs, Inc",Radiology,QIH,1,OnQ Neuro,"Cortechs Labs, Inc.",2021-03-19,245,SESE,Substantially Equivalent,Traditional,N,,,,1,Automated Radiological Image Processing Software,2,892.2050,RA,Radiology,RA,N,N,N,N,Ineligible,0,0,0,0,,,,0,exact_submission_number_only,2026-07-31,https://www.fda.gov/medical-devices/software-medical-device-samd/artificial-intelligence-enabled-medical-devices
K211326,510(k),2021-11-19,2021,Q4,EndoScreener,"Chengdu Wision Medical Device Co., LTD.",Gastroenterology-Urology,QNP,1,EndoScreener,"Chengdu Wision Medical Device Co., Ltd.",2021-04-30,203,SESE,Substantially Equivalent,Traditional,N,,,,1,Gastrointesinal Lesion Software Detection System,2,876.1520,GU,"Gastroenterology, Urology",GU,N,N,N,N,Ineligible,0,0,0,0,,,,0,exact_submission_number_only,2026-07-31,https://www.fda.gov/medical-devices/software-medical-device-samd/artificial-intelligence-enabled-medical-devices
K211678,510(k),2021-11-17,2021,Q4,Lunit INSIGHT MMG,Lunit Inc.,Radiology,QDQ,1,Lunit INSIGHT MMG,"Lunit, Inc.",2021-06-01,169,SESE,Substantially Equivalent,Traditional,N,,,,1,Radiological Computer Assisted Detection/Diagnosis Software For Lesions Suspicious For Cancer,2,892.2090,RA,Radiology,RA,N,N,N,N,Ineligible,0,0,0,0,,,,0,exact_submission_number_only,2026-07-31,https://www.fda.gov/medical-devices/software-medical-device-samd/artificial-intelligence-enabled-medical-devices
K212336,510(k),2021-11-17,2021,Q4,Soteria.AI,"Omega Medical Imaging, LLC",Radiology,OWB,1,Soteria.AI,"Omega Medical Imaging, LLC",2021-07-27,113,SESE,Substantially Equivalent,Traditional,N,,,,1,Interventional Fluoroscopic X-Ray System,2,892.1650,RA,Radiology,RA,N,N,N,Y,Eligible,0,0,0,0,,,,0,exact_submission_number_only,2026-07-31,https://www.fda.gov/medical-devices/software-medical-device-samd/artificial-intelligence-enabled-medical-devices
K212456,510(k),2021-11-17,2021,Q4,Swoop Point-of-Care Magnetic Resonance Imaging (POC MRI) Scanner System,"Hyperfine, Inc.",Radiology,LNH,1,Swoop Point-of-Care Magnetic Resonance Imaging (POC MRI) Scanner System,"Hyperfine, Inc.",2021-08-05,104,SESE,Substantially Equivalent,Traditional,N,,,,1,"System, Nuclear Magnetic Resonance Imaging",2,892.1000,RA,Radiology,RA,N,N,N,Y,Eligible,0,0,0,0,,,,0,exact_submission_number_only,2026-07-31,https://www.fda.gov/medical-devices/software-medical-device-samd/artificial-intelligence-enabled-medical-devices
K212265,510(k),2021-11-16,2021,Q4,"TEX20/TEX20 Pro/TEX20S/TEX20T/TEX20 Exp/TEX20 Elite Diagnostic Ultrasound System, TEX10/ TEX10 Pro/TEX10S/TEX10T/TEX10 Exp/TEX10 Elite/TE X/TE X Lite Diagnostic Ultrasound System","Shenzhen Mindray Bio-Medical Electronics Co.,LTD",Radiology,IYN,1,"TEX20/TEX20 Pro/TEX20S/TEX20T/TEX20 Exp/TEX20 Elite Diagnostic Ultrasound System, TEX10/ TEX10 Pro/TEX10S/TEX10T/TEX10 Exp/TEX10 Elite/TE X/TE X Lite Diagnostic Ultrasound System","Shenzhen Mindray Bio-Medical Electronics Co., Ltd.",2021-07-20,119,SESE,Substantially Equivalent,Traditional,N,,,,1,"System, Imaging, Pulsed Doppler, Ultrasonic",2,892.1550,RA,Radiology,RA,N,N,N,Y,Eligible,0,0,0,0,,,,0,exact_submission_number_only,2026-07-31,https://www.fda.gov/medical-devices/software-medical-device-samd/artificial-intelligence-enabled-medical-devices
K213436,510(k),2021-11-15,2021,Q4,Clarius Ultrasound Scanner,Clarius Mobile Health Corp.,Radiology,IYN,1,Clarius Ultrasound Scanner,Clarius Mobile Health Corp.,2021-10-22,24,SESE,Substantially Equivalent,Special,N,,,,1,"System, Imaging, Pulsed Doppler, Ultrasonic",2,892.1550,RA,Radiology,RA,N,N,N,Y,Eligible,0,0,0,0,,,,0,exact_submission_number_only,2026-07-31,https://www.fda.gov/medical-devices/software-medical-device-samd/artificial-intelligence-enabled-medical-devices
K211733,510(k),2021-11-10,2021,Q4,Lunit INSIGHT CXR Triage,Lunit Inc.,Radiology,QFM,1,Lunit INSIGHT CXR Triage,"Lunit, Inc.",2021-06-04,159,SESE,Substantially Equivalent,Traditional,N,,,,1,Radiological Computer-Assisted Prioritization Software For Lesions,2,892.2080,RA,Radiology,RA,N,N,N,N,Ineligible,0,0,0,0,,,,0,exact_submission_number_only,2026-07-31,https://www.fda.gov/medical-devices/software-medical-device-samd/artificial-intelligence-enabled-medical-devices
K210543,510(k),2021-11-03,2021,Q4,IM007,"Implicity, Inc.",Cardiovascular,DQK,1,IM007,"Implicity, Inc.",2021-02-24,252,SESE,Substantially Equivalent,Traditional,N,,,,1,"Computer, Diagnostic, Programmable",2,870.1425,CV,Cardiovascular,CV,N,N,N,Y,Eligible,0,0,0,0,,,,0,exact_submission_number_only,2026-07-31,https://www.fda.gov/medical-devices/software-medical-device-samd/artificial-intelligence-enabled-medical-devices
K211161,510(k),2021-10-29,2021,Q4,Critical Care Suite with Endotracheal Tube Positing AI algorithm,"GE Medical Systems, LLC",Radiology,QIH,1,Critical Care Suite with Endotracheal Tube Positing AI algorithm,"Ge Medical Systems, LLC",2021-04-19,193,SESE,Substantially Equivalent,Traditional,N,,,,1,Automated Radiological Image Processing Software,2,892.2050,RA,Radiology,RA,N,N,N,N,Ineligible,0,0,0,0,,,,0,exact_submission_number_only,2026-07-31,https://www.fda.gov/medical-devices/software-medical-device-samd/artificial-intelligence-enabled-medical-devices
K212218,510(k),2021-10-25,2021,Q4,Advanced Algorithms for Treatment Management Applications (AATMA),Elekta Solutions AB,Radiology,QKB,1,Advanced Algorithms for Treatment Management Applications (AATMA),Elekta Solutions AB,2021-07-16,101,SESE,Substantially Equivalent,Traditional,N,,,,1,Radiological Image Processing Software For Radiation Therapy,2,892.2050,RA,Radiology,RA,N,N,N,N,Ineligible,0,0,0,0,,,,0,exact_submission_number_only,2026-07-31,https://www.fda.gov/medical-devices/software-medical-device-samd/artificial-intelligence-enabled-medical-devices
K210807,510(k),2021-10-22,2021,Q4,FlightPlan for Liver,GE Medical Systems SCS,Radiology,LLZ,1,FlightPlan for Liver,GE Medical Systems SCS,2021-03-17,219,SESE,Substantially Equivalent,Traditional,N,,,,1,"System, Image Processing, Radiological",2,892.2050,RA,Radiology,RA,N,N,N,Y,Eligible,0,0,0,0,,,,0,exact_submission_number_only,2026-07-31,https://www.fda.gov/medical-devices/software-medical-device-samd/artificial-intelligence-enabled-medical-devices
K212516,510(k),2021-10-22,2021,Q4,IRNF App,Apple Inc.,Cardiovascular,QDB,1,IRNF App,"Apple, Inc.",2021-08-10,73,SESE,Substantially Equivalent,Traditional,N,,,,1,Photoplethysmograph Analysis Software For Over-The-Counter Use,2,870.2790,CV,Cardiovascular,CV,N,N,N,N,Ineligible,0,0,0,0,,,,0,exact_submission_number_only,2026-07-31,https://www.fda.gov/medical-devices/software-medical-device-samd/artificial-intelligence-enabled-medical-devices
K210632,510(k),2021-10-20,2021,Q4,Contour ProtegeAI,MIM Software Inc.,Radiology,QKB,1,Contour ProtegeAI,"Mim Software, Inc.",2021-03-03,231,SESE,Substantially Equivalent,Traditional,N,,,,1,Radiological Image Processing Software For Radiation Therapy,2,892.2050,RA,Radiology,RA,N,N,N,N,Ineligible,0,0,0,0,,,,0,exact_submission_number_only,2026-07-31,https://www.fda.gov/medical-devices/software-medical-device-samd/artificial-intelligence-enabled-medical-devices
K210999,510(k),2021-10-14,2021,Q4,SwiftMR,AIRS Medical Inc.,Radiology,LLZ,1,SwiftMR,"Airs Medical, Inc.",2021-04-02,195,SESE,Substantially Equivalent,Traditional,N,,,,1,"System, Image Processing, Radiological",2,892.2050,RA,Radiology,RA,N,N,N,Y,Eligible,0,0,0,0,,,,0,exact_submission_number_only,2026-07-31,https://www.fda.gov/medical-devices/software-medical-device-samd/artificial-intelligence-enabled-medical-devices
K212261,510(k),2021-10-14,2021,Q4,StrokeSENS LVO,"Circle Neurovascular Imaging, Inc",Radiology,QAS,1,StrokeSENS LVO,"Circle Neurovascular Imaging, Inc.",2021-07-20,86,SESE,Substantially Equivalent,Traditional,N,,,,1,Radiological Computer-Assisted Triage And Notification Software,2,892.2080,RA,Radiology,RA,N,N,N,N,Ineligible,0,0,0,0,,,,0,exact_submission_number_only,2026-07-31,https://www.fda.gov/medical-devices/software-medical-device-samd/artificial-intelligence-enabled-medical-devices
K212116,510(k),2021-10-12,2021,Q4,VBrain-OAR,Vysioneer Inc.,Radiology,QKB,1,VBrain-OAR,"Vysioneer, Inc.",2021-07-07,97,SESE,Substantially Equivalent,Traditional,N,,,,1,Radiological Image Processing Software For Radiation Therapy,2,892.2050,RA,Radiology,RA,N,N,N,N,Ineligible,0,0,0,0,,,,0,exact_submission_number_only,2026-07-31,https://www.fda.gov/medical-devices/software-medical-device-samd/artificial-intelligence-enabled-medical-devices
K202927,510(k),2021-10-02,2021,Q4,EYE-SYNC,"SyncThink, Inc.",Neurology,QEA,1,EYE-SYNC,"Syncthink, Inc.",2020-09-29,368,SESE,Substantially Equivalent,Traditional,N,,,,1,Brain Injury Adjunctive Interpretive Oculomotor Assessment Aid,2,882.1455,NE,Neurology,NE,N,N,N,N,Ineligible,1,1,1,0,2023-09-19,2023-09-19,717.0,1,exact_submission_number_only,2026-07-31,https://www.fda.gov/medical-devices/software-medical-device-samd/artificial-intelligence-enabled-medical-devices
K211964,510(k),2021-09-28,2021,Q3,SubtlePET,"Subtle Medical, Inc.",Radiology,KPS,1,SubtlePET,"Subtle Medical, Inc.",2021-06-24,96,SESE,Substantially Equivalent,Traditional,N,,,,1,"System, Tomography, Computed, Emission",2,892.1200,RA,Radiology,RA,N,N,N,Y,Eligible,0,0,0,0,,,,0,exact_submission_number_only,2026-07-31,https://www.fda.gov/medical-devices/software-medical-device-samd/artificial-intelligence-enabled-medical-devices
K212704,510(k),2021-09-24,2021,Q3,"Philips EPIQ Diagnostic Ultrasound System, Philips Affiniti Diagnostic Ultrasound System",Philips Medical Systems,Radiology,IYN,1,"Philips EPIQ Diagnostic Ultrasound System, Philips Affiniti Diagnostic Ultrasound System",Philips Medical Systems,2021-08-26,29,SESE,Substantially Equivalent,Traditional,Y,,,,1,"System, Imaging, Pulsed Doppler, Ultrasonic",2,892.1550,RA,Radiology,RA,N,N,N,Y,Eligible,0,0,0,0,,,,0,exact_submission_number_only,2026-07-31,https://www.fda.gov/medical-devices/software-medical-device-samd/artificial-intelligence-enabled-medical-devices
DEN200080,De Novo,2021-09-21,2021,Q3,Paige Prostate,Paige.AI,Pathology,QPN,1,Paige Prostate,paige.ai,2020-12-31,264,DENG,Granted,,,,Direct,N,1,Software Algorithm Device To Assist Users In Digital Pathology,2,864.3750,PA,Pathology,PA,N,N,N,N,Ineligible,0,0,0,0,,,,0,exact_submission_number_only,2026-07-31,https://www.fda.gov/medical-devices/software-medical-device-samd/artificial-intelligence-enabled-medical-devices
K212067,510(k),2021-09-17,2021,Q3,Deep Learning Image Reconstruction,GE Healthcare Japan Corporation,Radiology,JAK,1,Deep Learning Image Reconstruction,Ge Healthcare Japan Corporation,2021-07-02,77,SESE,Substantially Equivalent,Traditional,N,,,,1,"System, X-Ray, Tomography, Computed",2,892.1750,RA,Radiology,RA,N,N,N,Y,Eligible,0,0,0,0,,,,0,exact_submission_number_only,2026-07-31,https://www.fda.gov/medical-devices/software-medical-device-samd/artificial-intelligence-enabled-medical-devices
K212269,510(k),2021-09-17,2021,Q3,Intelligent NR,Canon Inc.,Radiology,MQB,1,Intelligent NR,"Canon, Inc.",2021-07-20,59,SESE,Substantially Equivalent,Traditional,N,,,,1,Solid State X-Ray Imager (Flat Panel/Digital Imager),2,892.1680,RA,Radiology,RA,N,N,N,Y,Eligible,0,0,0,0,,,,0,exact_submission_number_only,2026-07-31,https://www.fda.gov/medical-devices/software-medical-device-samd/artificial-intelligence-enabled-medical-devices
K210085,510(k),2021-09-15,2021,Q3,HealthCCSng,Zebra Medical Vision Ltd.,Radiology,JAK,1,HealthCCSng,"Zebra Medical Vision, Ltd.",2021-01-13,245,SESE,Substantially Equivalent,Traditional,N,,,,1,"System, X-Ray, Tomography, Computed",2,892.1750,RA,Radiology,RA,N,N,N,Y,Eligible,0,0,0,0,,,,0,exact_submission_number_only,2026-07-31,https://www.fda.gov/medical-devices/software-medical-device-samd/artificial-intelligence-enabled-medical-devices
K203785,510(k),2021-09-10,2021,Q3,ClariSIGMAM,ClariPi Inc.,Radiology,QIH,1,ClariSIGMAM,"Claripi, Inc.",2020-12-28,256,SESE,Substantially Equivalent,Traditional,N,,,,1,Automated Radiological Image Processing Software,2,892.2050,RA,Radiology,RA,N,N,N,N,Ineligible,0,0,0,0,,,,0,exact_submission_number_only,2026-07-31,https://www.fda.gov/medical-devices/software-medical-device-samd/artificial-intelligence-enabled-medical-devices
K210438,510(k),2021-09-10,2021,Q3,Versana Premier,"GE Medical Systems Ultrasound and Primary Care Diagnostics,",Radiology,IYN,1,Versana Premier,GE Medical Systems Ultrasound and Primary Care Diagnostics,2021-02-12,210,SESE,Substantially Equivalent,Traditional,N,,,,1,"System, Imaging, Pulsed Doppler, Ultrasonic",2,892.1550,RA,Radiology,RA,N,N,N,Y,Eligible,0,0,0,0,,,,0,exact_submission_number_only,2026-07-31,https://www.fda.gov/medical-devices/software-medical-device-samd/artificial-intelligence-enabled-medical-devices
K211828,510(k),2021-09-10,2021,Q3,Aquilion Exceed LB,Canon Medical Systems Corporation,Radiology,JAK,1,Aquilion Exceed LB,Canon Medical Systems Corporation,2021-06-14,88,SESE,Substantially Equivalent,Traditional,N,,,,1,"System, X-Ray, Tomography, Computed",2,892.1750,RA,Radiology,RA,N,N,N,Y,Eligible,0,0,0,0,,,,0,exact_submission_number_only,2026-07-31,https://www.fda.gov/medical-devices/software-medical-device-samd/artificial-intelligence-enabled-medical-devices
K211824,510(k),2021-09-09,2021,Q3,"HERA W9, HERA W10 Diagnostic Ultrasound System","Samsung Medison Co., Ltd.",Radiology,IYN,1,"HERA W9, HERA W10 Diagnostic Ultrasound System","Samsung Medison Co., Ltd.",2021-06-14,87,SESE,Substantially Equivalent,Traditional,N,,,,1,"System, Imaging, Pulsed Doppler, Ultrasonic",2,892.1550,RA,Radiology,RA,N,N,N,Y,Eligible,0,0,0,0,,,,0,exact_submission_number_only,2026-07-31,https://www.fda.gov/medical-devices/software-medical-device-samd/artificial-intelligence-enabled-medical-devices
DEN200030,De Novo,2021-09-08,2021,Q3,FEops HEARTguide,FEops NV,Cardiovascular,QQI,1,FEops HEARTguide,feops nv,2020-05-07,489,DENG,Granted,,,,Direct,N,1,Interventional Cardiovascular Implant Simulation Software Device,2,870.1405,CV,Cardiovascular,CV,N,N,N,N,Ineligible,0,0,0,0,,,,0,exact_submission_number_only,2026-07-31,https://www.fda.gov/medical-devices/software-medical-device-samd/artificial-intelligence-enabled-medical-devices
K203555,510(k),2021-09-08,2021,Q3,AmCAD-UT,AmCad BioMed Corporation,Radiology,QIH,1,AmCAD-UT,Amcad Biomed Corporation,2020-12-07,275,SESE,Substantially Equivalent,Traditional,N,,,,1,Automated Radiological Image Processing Software,2,892.2050,RA,Radiology,RA,N,N,N,N,Ineligible,0,0,0,0,,,,0,exact_submission_number_only,2026-07-31,https://www.fda.gov/medical-devices/software-medical-device-samd/artificial-intelligence-enabled-medical-devices
K211597,510(k),2021-09-08,2021,Q3,"EPIQ Series Diagnostic Ultrasound System, Affiniti Series Diagnostic Ultrasound System",Philips Medical Systems,Radiology,IYN,1,"EPIQ Series Diagnostic Ultrasound System, Affiniti Series Diagnostic Ultrasound System",Philips Medical Systems,2021-05-24,107,SESE,Substantially Equivalent,Traditional,N,,,,1,"System, Imaging, Pulsed Doppler, Ultrasonic",2,892.1550,RA,Radiology,RA,N,N,N,Y,Eligible,0,0,0,0,,,,0,exact_submission_number_only,2026-07-31,https://www.fda.gov/medical-devices/software-medical-device-samd/artificial-intelligence-enabled-medical-devices
K211867,510(k),2021-09-08,2021,Q3,RayStation 11.0,RaySearch Laboratories AB (publ),Radiology,MUJ,1,RayStation 11.0,RaySearch Laboratories AB (PUBL),2021-06-16,84,SESE,Substantially Equivalent,Traditional,N,,,,1,"System, Planning, Radiation Therapy Treatment",2,892.5050,RA,Radiology,RA,N,N,N,N,Eligible,8,8,8,0,2021-09-22,2025-11-28,14.0,1,exact_submission_number_only,2026-07-31,https://www.fda.gov/medical-devices/software-medical-device-samd/artificial-intelligence-enabled-medical-devices
K211945,510(k),2021-09-08,2021,Q3,V8 Diagnostic Ultrasound System,"Samsung Medison CO., LTD.",Radiology,IYN,1,V8 Diagnostic Ultrasound System,"Samsung Medison Co., Ltd.",2021-06-23,77,SESE,Substantially Equivalent,Traditional,N,,,,1,"System, Imaging, Pulsed Doppler, Ultrasonic",2,892.1550,RA,Radiology,RA,N,N,N,Y,Eligible,0,0,0,0,,,,0,exact_submission_number_only,2026-07-31,https://www.fda.gov/medical-devices/software-medical-device-samd/artificial-intelligence-enabled-medical-devices
K211881,510(k),2021-09-02,2021,Q3,AI Segmentation,"Varian Medical Systems, Inc.",Radiology,MUJ,1,AI Segmentation,"Varian Medical Systems, Inc.",2021-06-21,73,SESE,Substantially Equivalent,Traditional,N,,,,1,"System, Planning, Radiation Therapy Treatment",2,892.5050,RA,Radiology,RA,N,N,N,N,Eligible,0,0,0,0,,,,0,exact_submission_number_only,2026-07-31,https://www.fda.gov/medical-devices/software-medical-device-samd/artificial-intelligence-enabled-medical-devices
K201560,510(k),2021-08-31,2021,Q3,Auto Lung Nodule Detection,"Samsung Electronics Co.,Ltd.",Radiology,MYN,1,Auto Lung Nodule Detection,"Samsung Electronics Co., Ltd.",2020-06-10,447,SESE,Substantially Equivalent,Traditional,N,,,,1,"Analyzer, Medical Image",2,892.2070,RA,Radiology,RA,N,N,N,N,Eligible,0,0,0,0,,,,0,exact_submission_number_only,2026-07-31,https://www.fda.gov/medical-devices/software-medical-device-samd/artificial-intelligence-enabled-medical-devices
K212383,510(k),2021-08-31,2021,Q3,EndoNaut,Therenva SAS,Radiology,OWB,1,EndoNaut,Therenva Sas,2021-08-02,29,SESE,Substantially Equivalent,Special,N,,,,1,Interventional Fluoroscopic X-Ray System,2,892.1650,RA,Radiology,RA,N,N,N,Y,Eligible,0,0,0,0,,,,0,exact_submission_number_only,2026-07-31,https://www.fda.gov/medical-devices/software-medical-device-samd/artificial-intelligence-enabled-medical-devices
K203696,510(k),2021-08-27,2021,Q3,RBknee,Radiobotics ApS,Radiology,LLZ,1,RBknee,Radiobotics Aps,2020-12-18,252,SESE,Substantially Equivalent,Traditional,N,,,,1,"System, Image Processing, Radiological",2,892.2050,RA,Radiology,RA,N,N,N,Y,Eligible,0,0,0,0,,,,0,exact_submission_number_only,2026-07-31,https://www.fda.gov/medical-devices/software-medical-device-samd/artificial-intelligence-enabled-medical-devices
K211846,510(k),2021-08-20,2021,Q3,Discovery MI Gen2,"GE Medical Systems, LLC.",Radiology,KPS,1,Discovery MI Gen2,"Ge Medical Systems, LLC",2021-06-15,66,SESE,Substantially Equivalent,Traditional,N,,,,1,"System, Tomography, Computed, Emission",2,892.1200,RA,Radiology,RA,N,N,N,Y,Eligible,0,0,0,0,,,,0,exact_submission_number_only,2026-07-31,https://www.fda.gov/medical-devices/software-medical-device-samd/artificial-intelligence-enabled-medical-devices
K212230,510(k),2021-08-16,2021,Q3,TruSPECT  Radiological Image Processing Station,Spectrum Dynamics Medical Ltd,Radiology,LLZ,1,TruSPECT  Radiological Image Processing Station,"Spectrum Dynamics Medical, Ltd.",2021-07-16,31,SESE,Substantially Equivalent,Special,N,,,,1,"System, Image Processing, Radiological",2,892.2050,RA,Radiology,RA,N,N,N,Y,Eligible,0,0,0,0,,,,0,exact_submission_number_only,2026-07-31,https://www.fda.gov/medical-devices/software-medical-device-samd/artificial-intelligence-enabled-medical-devices
K211179,510(k),2021-08-12,2021,Q3,InferRead CT Stroke.AI,"Infervision Medical Technology Co., Ltd.",Radiology,QAS,1,InferRead CT Stroke.AI,"Infervision Medical Technology Co., Ltd.",2021-04-20,114,SESE,Substantially Equivalent,Traditional,N,,,,1,Radiological Computer-Assisted Triage And Notification Software,2,892.2080,RA,Radiology,RA,N,N,N,N,Ineligible,0,0,0,0,,,,0,exact_submission_number_only,2026-07-31,https://www.fda.gov/medical-devices/software-medical-device-samd/artificial-intelligence-enabled-medical-devices
K203448,510(k),2021-08-11,2021,Q3,uCT ATLAS with uWS-CT-Dual Energy Analysis,"Shanghai United Imaging Healthcare Co., Ltd.",Radiology,JAK,1,uCT ATLAS with uWS-CT-Dual Energy Analysis,"Shanghai United Imaging Healthcare Co., Ltd.",2020-11-23,261,SESE,Substantially Equivalent,Traditional,N,,,,1,"System, X-Ray, Tomography, Computed",2,892.1750,RA,Radiology,RA,N,N,N,Y,Eligible,1,1,1,0,2025-09-12,2025-09-12,1493.0,1,exact_submission_number_only,2026-07-31,https://www.fda.gov/medical-devices/software-medical-device-samd/artificial-intelligence-enabled-medical-devices
K211764,510(k),2021-08-06,2021,Q3,Vereos PET/CT,Philips Medical Systems Nederland B.V.,Radiology,KPS,1,Vereos PET/CT,Philips Medical Systems Nederland B.V.,2021-06-08,59,SESE,Substantially Equivalent,Traditional,N,,,,1,"System, Tomography, Computed, Emission",2,892.1200,RA,Radiology,RA,N,N,N,Y,Eligible,0,0,0,0,,,,0,exact_submission_number_only,2026-07-31,https://www.fda.gov/medical-devices/software-medical-device-samd/artificial-intelligence-enabled-medical-devices
K212100,510(k),2021-08-06,2021,Q3,Kosmos,"EchoNous, Inc.",Radiology,IYN,1,Kosmos,"EchoNous, Inc.",2021-07-06,31,SESE,Substantially Equivalent,Traditional,Y,,,,1,"System, Imaging, Pulsed Doppler, Ultrasonic",2,892.1550,RA,Radiology,RA,N,N,N,Y,Eligible,1,1,1,0,2024-05-09,2024-05-09,1007.0,1,exact_submission_number_only,2026-07-31,https://www.fda.gov/medical-devices/software-medical-device-samd/artificial-intelligence-enabled-medical-devices
K211431,510(k),2021-08-02,2021,Q3,breastscape v1.0,Olea Medical,Radiology,QIH,1,breastscape v1.0,Olea Medical,2021-05-07,87,SESE,Substantially Equivalent,Traditional,N,,,,1,Automated Radiological Image Processing Software,2,892.2050,RA,Radiology,RA,N,N,N,N,Ineligible,0,0,0,0,,,,0,exact_submission_number_only,2026-07-31,https://www.fda.gov/medical-devices/software-medical-device-samd/artificial-intelligence-enabled-medical-devices
K211222,510(k),2021-07-30,2021,Q3,qER-Quant,Qure.ai Technologies,Radiology,QIH,1,qER-Quant,Qure.Ai Technologies,2021-04-23,98,SESE,Substantially Equivalent,Traditional,N,,,,1,Automated Radiological Image Processing Software,2,892.2050,RA,Radiology,RA,N,N,N,N,Ineligible,0,0,0,0,,,,0,exact_submission_number_only,2026-07-31,https://www.fda.gov/medical-devices/software-medical-device-samd/artificial-intelligence-enabled-medical-devices
K211379,510(k),2021-07-30,2021,Q3,syngo.via RT Image Suite,Siemens Medical Solutions USA Inc.,Radiology,MUJ,1,syngo.via RT Image Suite,"Siemens Medical Solutions USA, Inc.",2021-05-04,87,SESE,Substantially Equivalent,Traditional,N,,,,1,"System, Planning, Radiation Therapy Treatment",2,892.5050,RA,Radiology,RA,N,N,N,N,Eligible,2,2,1,1,2021-08-16,2022-03-07,17.0,1,exact_submission_number_only,2026-07-31,https://www.fda.gov/medical-devices/software-medical-device-samd/artificial-intelligence-enabled-medical-devices
K210791,510(k),2021-07-27,2021,Q3,Us2.v1,eko.ai Pte. Ltd. d/b/a Us2.ai,Radiology,QIH,1,Us2.v1,Eko.Ai Pte Ltd. D/B/A Us2.Ai,2021-03-16,133,SESE,Substantially Equivalent,Traditional,N,,,,1,Automated Radiological Image Processing Software,2,892.2050,RA,Radiology,RA,N,N,N,N,Ineligible,0,0,0,0,,,,0,exact_submission_number_only,2026-07-31,https://www.fda.gov/medical-devices/software-medical-device-samd/artificial-intelligence-enabled-medical-devices
K211279,510(k),2021-07-27,2021,Q3,Volpara Imaging Software,Volpara Health Technologies Limited,Radiology,LLZ,1,Volpara Imaging Software,Volpara Health Technologies Limited,2021-04-27,91,SESE,Substantially Equivalent,Special,N,,,,1,"System, Image Processing, Radiological",2,892.2050,RA,Radiology,RA,N,N,N,Y,Eligible,0,0,0,0,,,,0,exact_submission_number_only,2026-07-31,https://www.fda.gov/medical-devices/software-medical-device-samd/artificial-intelligence-enabled-medical-devices
K211655,510(k),2021-07-27,2021,Q3,aPROMISE,EXINI Diagnostics AB,Radiology,LLZ,1,aPROMISE,Exini Diagnostics AB,2021-05-28,60,SESE,Substantially Equivalent,Traditional,N,,,,1,"System, Image Processing, Radiological",2,892.2050,RA,Radiology,RA,N,N,N,Y,Eligible,0,0,0,0,,,,0,exact_submission_number_only,2026-07-31,https://www.fda.gov/medical-devices/software-medical-device-samd/artificial-intelligence-enabled-medical-devices
K212074,510(k),2021-07-27,2021,Q3,ClariCT.AI,ClariPi Inc.,Radiology,LLZ,1,ClariCT.AI,"Claripi, Inc.",2021-07-02,25,SESE,Substantially Equivalent,Special,N,,,,1,"System, Image Processing, Radiological",2,892.2050,RA,Radiology,RA,N,N,N,Y,Eligible,0,0,0,0,,,,0,exact_submission_number_only,2026-07-31,https://www.fda.gov/medical-devices/software-medical-device-samd/artificial-intelligence-enabled-medical-devices
K211951,510(k),2021-07-23,2021,Q3,GI Genius,Cosmo Artificial Intelligence - AI Ltd,Gastroenterology-Urology,QNP,1,GI Genius,"Cosmo Artificial Intelligence - Ai, Ltd.",2021-06-23,30,SESE,Substantially Equivalent,Special,N,,,,1,Gastrointesinal Lesion Software Detection System,2,876.1520,GU,"Gastroenterology, Urology",GU,N,N,N,N,Ineligible,0,0,0,0,,,,0,exact_submission_number_only,2026-07-31,https://www.fda.gov/medical-devices/software-medical-device-samd/artificial-intelligence-enabled-medical-devices
K210666,510(k),2021-07-20,2021,Q3,Chest-CAD,"Imagen Technologies, Inc",Radiology,MYN,1,Chest-CAD,"Imagen Technologies, Inc.",2021-03-05,137,SESE,Substantially Equivalent,Traditional,N,,,,1,"Analyzer, Medical Image",2,892.2070,RA,Radiology,RA,N,N,N,N,Eligible,0,0,0,0,,,,0,exact_submission_number_only,2026-07-31,https://www.fda.gov/medical-devices/software-medical-device-samd/artificial-intelligence-enabled-medical-devices
K210719,510(k),2021-07-20,2021,Q3,Change Healthcare Anatomical AI,Change Healthcare Canada Company,Radiology,QIH,1,Change Healthcare Anatomical AI,Change Healthcare Canada Company,2021-03-10,132,SESE,Substantially Equivalent,Traditional,N,,,,1,Automated Radiological Image Processing Software,2,892.2050,RA,Radiology,RA,N,N,N,N,Ineligible,0,0,0,0,,,,0,exact_submission_number_only,2026-07-31,https://www.fda.gov/medical-devices/software-medical-device-samd/artificial-intelligence-enabled-medical-devices
K211906,510(k),2021-07-20,2021,Q3,Vital Signs,Oxehealth Limited,Cardiovascular,QME,1,Vital Signs,Oxehealth Limited,2021-06-21,29,SESE,Substantially Equivalent,Special,N,,,,1,"Software For Optical Camera-Based Measurement Of Pulse Rate, Heart Rate, Breathing Rate, And/Or Respiratory Rate",2,870.2785,CV,Cardiovascular,CV,N,N,N,N,Ineligible,0,0,0,0,,,,0,exact_submission_number_only,2026-07-31,https://www.fda.gov/medical-devices/software-medical-device-samd/artificial-intelligence-enabled-medical-devices
K211506,510(k),2021-07-12,2021,Q3,PowerLook Density Assessment V4.0,"iCAD, Inc.",Radiology,QIH,1,PowerLook Density Assessment V4.0,"Icad, Inc.",2021-05-14,59,SESE,Substantially Equivalent,Traditional,N,,,,1,Automated Radiological Image Processing Software,2,892.2050,RA,Radiology,RA,N,N,N,N,Ineligible,0,0,0,0,,,,0,exact_submission_number_only,2026-07-31,https://www.fda.gov/medical-devices/software-medical-device-samd/artificial-intelligence-enabled-medical-devices
K211788,510(k),2021-07-08,2021,Q3,HALO,Nico.Lab B.V.,Radiology,QAS,1,HALO,Nicolab B.V.,2021-06-09,29,SESE,Substantially Equivalent,Special,N,,,,1,Radiological Computer-Assisted Triage And Notification Software,2,892.2080,RA,Radiology,RA,N,N,N,N,Ineligible,0,0,0,0,,,,0,exact_submission_number_only,2026-07-31,https://www.fda.gov/medical-devices/software-medical-device-samd/artificial-intelligence-enabled-medical-devices
K210611,510(k),2021-07-01,2021,Q3,MAGNETOM Free.Max,"Siemens Medical Solutions USA, Inc.",Radiology,LNH,1,MAGNETOM Free.Max,"Siemens Medical Solutions USA, Inc.",2021-03-01,122,SESE,Substantially Equivalent,Traditional,N,,,,1,"System, Nuclear Magnetic Resonance Imaging",2,892.1000,RA,Radiology,RA,N,N,N,Y,Eligible,1,1,1,0,2023-09-01,2023-09-01,792.0,1,exact_submission_number_only,2026-07-31,https://www.fda.gov/medical-devices/software-medical-device-samd/artificial-intelligence-enabled-medical-devices
K210645,510(k),2021-06-29,2021,Q2,RayStation 10.1,RaySearch Laboratories AB (publ),Radiology,MUJ,1,RayStation 10.1,RaySearch Laboratories AB (PUBL),2021-03-03,118,SESE,Substantially Equivalent,Traditional,N,,,,1,"System, Planning, Radiation Therapy Treatment",2,892.5050,RA,Radiology,RA,N,N,N,N,Eligible,6,6,5,1,2021-09-09,2025-11-28,72.0,1,exact_submission_number_only,2026-07-31,https://www.fda.gov/medical-devices/software-medical-device-samd/artificial-intelligence-enabled-medical-devices
K203514,510(k),2021-06-17,2021,Q2,Precise Position,"Philips Healthcare (Suzhou) Co., Ltd.",Radiology,JAK,1,Precise Position,"Philips Healthcare (Suzhou) Co., Ltd.",2020-11-30,199,SESE,Substantially Equivalent,Traditional,N,,,,1,"System, X-Ray, Tomography, Computed",2,892.1750,RA,Radiology,RA,N,N,N,Y,Eligible,0,0,0,0,,,,0,exact_submission_number_only,2026-07-31,https://www.fda.gov/medical-devices/software-medical-device-samd/artificial-intelligence-enabled-medical-devices
K202718,510(k),2021-06-16,2021,Q2,Qmenta Care Platform Family,"Mint Labs, Inc., d/b/a. QMENTA",Radiology,LLZ,1,Qmenta Care Platform Family,"Mint Labs, Inc., D/B/A. Qmenta",2020-09-17,272,SESE,Substantially Equivalent,Traditional,N,,,,1,"System, Image Processing, Radiological",2,892.2050,RA,Radiology,RA,N,N,N,Y,Eligible,0,0,0,0,,,,0,exact_submission_number_only,2026-07-31,https://www.fda.gov/medical-devices/software-medical-device-samd/artificial-intelligence-enabled-medical-devices
K210034,510(k),2021-06-16,2021,Q2,EnsoSleep,"EnsoData, Inc.",Neurology,OLZ,1,EnsoSleep,"Ensodata, Inc.",2021-01-06,161,SESE,Substantially Equivalent,Traditional,N,,,,1,Automatic Event Detection Software For Polysomnograph With Electroencephalograph,2,882.1400,NE,Neurology,NE,N,N,N,N,Eligible,0,0,0,0,,,,0,exact_submission_number_only,2026-07-31,https://www.fda.gov/medical-devices/software-medical-device-samd/artificial-intelligence-enabled-medical-devices
K210484,510(k),2021-06-11,2021,Q2,"LINQ II Insertable Cardiac Monitor, Zelda AI ECG Classification System","Medtronic, Inc.",Cardiovascular,MXD,1,"LINQ II Insertable Cardiac Monitor, Zelda AI ECG Classification System","Medtronic, Inc.",2021-02-19,112,SESE,Substantially Equivalent,Traditional,N,,,,1,"Recorder, Event, Implantable Cardiac, (With Arrhythmia Detection)",2,870.1025,CV,Cardiovascular,CV,Y,N,N,N,Eligible,0,0,0,0,,,,0,exact_submission_number_only,2026-07-31,https://www.fda.gov/medical-devices/software-medical-device-samd/artificial-intelligence-enabled-medical-devices
K203629,510(k),2021-06-10,2021,Q2,IDx-DR,Digital Diagnostics Inc.,Ophthalmic,PIB,1,IDx-DR,"Digital Diagnostics, Inc.",2020-12-11,181,SESE,Substantially Equivalent,Traditional,N,,,,1,Diabetic Retinopathy Detection Device,2,886.1100,OP,Ophthalmic,OP,N,N,N,N,Eligible,0,0,0,0,,,,0,exact_submission_number_only,2026-07-31,https://www.fda.gov/medical-devices/software-medical-device-samd/artificial-intelligence-enabled-medical-devices
K211459,510(k),2021-06-10,2021,Q2,"syngo.via MI WorkFlows, Scenium, syngo MBF","Siemens Medical Solutions USA, Inc.",Radiology,QIH,1,"syngo.via MI WorkFlows, Scenium, syngo MBF","Siemens Medical Solutions USA, Inc.",2021-05-11,30,SESE,Substantially Equivalent,Special,N,,,,1,Automated Radiological Image Processing Software,2,892.2050,RA,Radiology,RA,N,N,N,N,Ineligible,0,0,0,0,,,,0,exact_submission_number_only,2026-07-31,https://www.fda.gov/medical-devices/software-medical-device-samd/artificial-intelligence-enabled-medical-devices
K210458,510(k),2021-06-08,2021,Q2,"OPTIS Mobile Next Imaging System, OPTIS Integrated Next Imaging System",Abbott Medical,Radiology,NQQ,1,"OPTIS Mobile Next Imaging System, OPTIS Integrated Next Imaging System",ABBOTT MEDICAL,2021-02-16,112,SESE,Substantially Equivalent,Traditional,N,,,,1,"System, Imaging, Optical Coherence Tomography (Oct)",2,892.1560,RA,Radiology,SU,N,N,N,Y,Eligible,0,0,0,0,,,,0,exact_submission_number_only,2026-07-31,https://www.fda.gov/medical-devices/software-medical-device-samd/artificial-intelligence-enabled-medical-devices
DEN200069,De Novo,2021-06-02,2021,Q2,Cognoa ASD Diagnosis Aid,"Cognoa, Inc.",Neurology,QPF,1,Cognoa ASD Diagnosis Aid,"cognoa, inc.",2020-11-03,211,DENG,Granted,,,,Direct,N,1,Pediatric Autism Spectrum Disorder Diagnosis Aid,2,882.1491,NE,Neurology,NE,N,N,N,N,Ineligible,0,0,0,0,,,,0,exact_submission_number_only,2026-07-31,https://www.fda.gov/medical-devices/software-medical-device-samd/artificial-intelligence-enabled-medical-devices
K210404,510(k),2021-06-02,2021,Q2,Transpara 1.7.0,ScreenPoint Medical B.V.,Radiology,QDQ,1,Transpara 1.7.0,Screenpoint Medical B.V.,2021-02-10,112,SESE,Substantially Equivalent,Traditional,N,,,,1,Radiological Computer Assisted Detection/Diagnosis Software For Lesions Suspicious For Cancer,2,892.2090,RA,Radiology,RA,N,N,N,N,Ineligible,0,0,0,0,,,,0,exact_submission_number_only,2026-07-31,https://www.fda.gov/medical-devices/software-medical-device-samd/artificial-intelligence-enabled-medical-devices
K202527,510(k),2021-05-21,2021,Q2,Zio ECG Utilization Software (ZEUS) System,"iRhythm Technologies, Inc.",Cardiovascular,DQK,1,Zio ECG Utilization Software (ZEUS) System,"iRhythm Technologies, Inc.",2020-09-01,262,SESE,Substantially Equivalent,Traditional,N,,,,1,"Computer, Diagnostic, Programmable",2,870.1425,CV,Cardiovascular,CV,N,N,N,Y,Eligible,0,0,0,0,,,,0,exact_submission_number_only,2026-07-31,https://www.fda.gov/medical-devices/software-medical-device-samd/artificial-intelligence-enabled-medical-devices
K210187,510(k),2021-05-19,2021,Q2,Overjet Dental Assist,"Overjet, Inc.",Radiology,LLZ,1,Overjet Dental Assist,"Overjet, Inc.",2021-01-25,114,SESE,Substantially Equivalent,Traditional,N,,,,1,"System, Image Processing, Radiological",2,892.2050,RA,Radiology,RA,N,N,N,Y,Eligible,0,0,0,0,,,,0,exact_submission_number_only,2026-07-31,https://www.fda.gov/medical-devices/software-medical-device-samd/artificial-intelligence-enabled-medical-devices
K210237,510(k),2021-05-19,2021,Q2,CINA CHEST,Avicenna.AI,Radiology,QAS,1,CINA CHEST,Avicenna.Ai,2021-01-28,111,SESE,Substantially Equivalent,Traditional,N,,,,1,Radiological Computer-Assisted Triage And Notification Software,2,892.2080,RA,Radiology,RA,N,N,N,N,Ineligible,0,0,0,0,,,,0,exact_submission_number_only,2026-07-31,https://www.fda.gov/medical-devices/software-medical-device-samd/artificial-intelligence-enabled-medical-devices
K210426,510(k),2021-05-13,2021,Q2,HS40 Diagnostic Ultrasound System,"Samsung Medison CO., LTD.",Radiology,IYN,1,HS40 Diagnostic Ultrasound System,"Samsung Medison Co., Ltd.",2021-02-11,91,SESE,Substantially Equivalent,Traditional,N,,,,1,"System, Imaging, Pulsed Doppler, Ultrasonic",2,892.1550,RA,Radiology,RA,N,N,N,Y,Eligible,0,0,0,0,,,,0,exact_submission_number_only,2026-07-31,https://www.fda.gov/medical-devices/software-medical-device-samd/artificial-intelligence-enabled-medical-devices
K211118,510(k),2021-05-13,2021,Q2,SIGNA 7.0T,"GE Medical Systems, LLC",Radiology,LNH,1,SIGNA 7.0T,"Ge Medical Systems, LLC",2021-04-15,28,SESE,Substantially Equivalent,Special,N,,,,1,"System, Nuclear Magnetic Resonance Imaging",2,892.1000,RA,Radiology,RA,N,N,N,Y,Eligible,1,1,1,0,2024-06-14,2024-06-14,1128.0,1,exact_submission_number_only,2026-07-31,https://www.fda.gov/medical-devices/software-medical-device-samd/artificial-intelligence-enabled-medical-devices
K210001,510(k),2021-04-30,2021,Q2,HYPER AiR,"Shanghai United Imaging Healthcare Co.,Ltd.",Radiology,KPS,1,HYPER AiR,"Shanghai United Imaging Healthcare Co., Ltd.",2021-01-04,116,SESE,Substantially Equivalent,Traditional,N,,,,1,"System, Tomography, Computed, Emission",2,892.1200,RA,Radiology,RA,N,N,N,Y,Eligible,0,0,0,0,,,,0,exact_submission_number_only,2026-07-31,https://www.fda.gov/medical-devices/software-medical-device-samd/artificial-intelligence-enabled-medical-devices
K203314,510(k),2021-04-23,2021,Q2,Cartesion Prime (PCD-1000A/3) V10.8,Canon Medical Systems Corporation,Radiology,KPS,1,Cartesion Prime (PCD-1000A/3) V10.8,Canon Medical Systems Corporation,2020-11-10,164,SESE,Substantially Equivalent,Traditional,N,,,,1,"System, Tomography, Computed, Emission",2,892.1200,RA,Radiology,RA,N,N,N,Y,Eligible,1,1,0,1,2020-11-11,2020-11-11,-163.0,1,exact_submission_number_only,2026-07-31,https://www.fda.gov/medical-devices/software-medical-device-samd/artificial-intelligence-enabled-medical-devices
K203502,510(k),2021-04-23,2021,Q2,MEDO-Thyroid,MEDO DX Pte. Ltd.,Radiology,QIH,1,MEDO-Thyroid,"Medo DX Pte. , Ltd.",2020-11-30,144,SESE,Substantially Equivalent,Traditional,N,,,,1,Automated Radiological Image Processing Software,2,892.2050,RA,Radiology,RA,N,N,N,N,Ineligible,0,0,0,0,,,,0,exact_submission_number_only,2026-07-31,https://www.fda.gov/medical-devices/software-medical-device-samd/artificial-intelligence-enabled-medical-devices
K210556,510(k),2021-04-21,2021,Q2,Preview Shoulder,Genesis Software Innovations,Radiology,QIH,1,Preview Shoulder,Genesis Software Innovations,2021-02-25,55,SESE,Substantially Equivalent,Traditional,N,,,,1,Automated Radiological Image Processing Software,2,892.2050,RA,Radiology,RA,N,N,N,N,Ineligible,0,0,0,0,,,,0,exact_submission_number_only,2026-07-31,https://www.fda.gov/medical-devices/software-medical-device-samd/artificial-intelligence-enabled-medical-devices
K203610,510(k),2021-04-20,2021,Q2,Automatic Anatomy Recognition (AAR),"Quantitative Radiology Solutions, LLC",Radiology,QKB,1,Automatic Anatomy Recognition (AAR),"Quantitative Radiology Solutions, LLC",2020-12-10,131,SESE,Substantially Equivalent,Traditional,N,,,,1,Radiological Image Processing Software For Radiation Therapy,2,892.2050,RA,Radiology,RA,N,N,N,N,Ineligible,0,0,0,0,,,,0,exact_submission_number_only,2026-07-31,https://www.fda.gov/medical-devices/software-medical-device-samd/artificial-intelligence-enabled-medical-devices
K203469,510(k),2021-04-19,2021,Q2,AI Segmentation,"Varian Medical Systems, Inc.",Radiology,MUJ,1,AI Segmentation,"Varian Medical Systems, Inc.",2020-11-25,145,SESE,Substantially Equivalent,Traditional,N,,,,1,"System, Planning, Radiation Therapy Treatment",2,892.5050,RA,Radiology,RA,N,N,N,N,Eligible,0,0,0,0,,,,0,exact_submission_number_only,2026-07-31,https://www.fda.gov/medical-devices/software-medical-device-samd/artificial-intelligence-enabled-medical-devices
K203517,510(k),2021-04-16,2021,Q2,Saige-Q,"DeepHealth, Inc.",Radiology,QFM,1,Saige-Q,"DeepHealth, Inc.",2020-11-30,137,SESE,Substantially Equivalent,Traditional,N,,,,1,Radiological Computer-Assisted Prioritization Software For Lesions,2,892.2080,RA,Radiology,RA,N,N,N,N,Ineligible,0,0,0,0,,,,0,exact_submission_number_only,2026-07-31,https://www.fda.gov/medical-devices/software-medical-device-samd/artificial-intelligence-enabled-medical-devices
K202992,510(k),2021-04-14,2021,Q2,"BriefCase, RIB Fractures Triage (RibFx)","Aidoc Medical, Ltd.",Radiology,QFM,1,"BriefCase, RIB Fractures Triage (RibFx)","Aidoc Medical , Ltd.",2020-09-30,196,SESE,Substantially Equivalent,Traditional,N,,,,1,Radiological Computer-Assisted Prioritization Software For Lesions,2,892.2080,RA,Radiology,RA,N,N,N,N,Ineligible,0,0,0,0,,,,0,exact_submission_number_only,2026-07-31,https://www.fda.gov/medical-devices/software-medical-device-samd/artificial-intelligence-enabled-medical-devices
DEN200055,De Novo,2021-04-09,2021,Q2,GI Genius,"Cosmo Artificial Intelligence - AI, LTD",Gastroenterology-Urology,QNP,1,GI Genius,"cosmo artificial intelligence - ai, ltd.",2020-09-08,213,DENG,Granted,,,,Direct,N,1,Gastrointesinal Lesion Software Detection System,2,876.1520,GU,"Gastroenterology, Urology",GU,N,N,N,N,Ineligible,0,0,0,0,,,,0,exact_submission_number_only,2026-07-31,https://www.fda.gov/medical-devices/software-medical-device-samd/artificial-intelligence-enabled-medical-devices
K202441,510(k),2021-04-02,2021,Q2,Eclipse II with Smart Noise Cancellation,"Carestream Health, Inc.",Radiology,MQB,1,Eclipse II with Smart Noise Cancellation,"Carestream Health, Inc.",2020-08-26,219,SESE,Substantially Equivalent,Traditional,N,,,,1,Solid State X-Ray Imager (Flat Panel/Digital Imager),2,892.1680,RA,Radiology,RA,N,N,N,Y,Eligible,0,0,0,0,,,,0,exact_submission_number_only,2026-07-31,https://www.fda.gov/medical-devices/software-medical-device-samd/artificial-intelligence-enabled-medical-devices
K202928,510(k),2021-04-02,2021,Q2,DV. Target,Deepvoxel INC,Radiology,QKB,1,DV. Target,"Deepvoxel, Inc.",2020-09-29,185,SESE,Substantially Equivalent,Traditional,N,,,,1,Radiological Image Processing Software For Radiation Therapy,2,892.2050,RA,Radiology,RA,N,N,N,N,Ineligible,0,0,0,0,,,,0,exact_submission_number_only,2026-07-31,https://www.fda.gov/medical-devices/software-medical-device-samd/artificial-intelligence-enabled-medical-devices
DEN200038,De Novo,2021-04-01,2021,Q2,Gili Pro BioSensor (also known as “Gili BioSensor System”),ContinUse Biometrics Ltd.,Cardiovascular,QOK,1,Gili Pro BioSensor (also known as “Gili BioSensor System”),"continuse biometrics , ltd.",2020-06-12,293,DENG,Granted,,,,Direct,N,1,Hardware And Software For Optical Camera-Based Measurement Of Heart Rate And Respiratory Rate,2,870.2786,CV,Cardiovascular,CV,N,N,N,N,Ineligible,0,0,0,0,,,,0,exact_submission_number_only,2026-07-31,https://www.fda.gov/medical-devices/software-medical-device-samd/artificial-intelligence-enabled-medical-devices
K203258,510(k),2021-03-31,2021,Q1,syngo.CT Lung CAD,Siemens Healthcare GmbH,Radiology,OEB,1,syngo.CT Lung CAD,Siemens Healthcare GmbH,2020-11-05,146,SESE,Substantially Equivalent,Traditional,N,,,,1,"Lung Computed Tomography System, Computer-Aided Detection",2,892.2050,RA,Radiology,RA,N,N,N,N,Eligible,0,0,0,0,,,,0,exact_submission_number_only,2026-07-31,https://www.fda.gov/medical-devices/software-medical-device-samd/artificial-intelligence-enabled-medical-devices
K203443,510(k),2021-03-31,2021,Q1,"MAGNETOM Vida, MAGNETOM Sola, MAGNETOM Lumina, MAGNETOM Altea","Siemens Medical Solutions USA, Inc.",Radiology,LNH,1,"MAGNETOM Vida, MAGNETOM Sola, MAGNETOM Lumina, MAGNETOM Altea","Siemens Medical Solutions USA, Inc.",2020-11-23,128,SESE,Substantially Equivalent,Traditional,N,,,,1,"System, Nuclear Magnetic Resonance Imaging",2,892.1000,RA,Radiology,RA,N,N,N,Y,Eligible,2,2,2,0,2021-08-16,2025-08-28,138.0,1,exact_submission_number_only,2026-07-31,https://www.fda.gov/medical-devices/software-medical-device-samd/artificial-intelligence-enabled-medical-devices
K210071,510(k),2021-03-31,2021,Q1,SIS System (Version 5.1.0),"Surgical Information Sciences, Inc.",Radiology,LLZ,1,SIS System (Version 5.1.0),"Surgical Information Sciences, Inc.",2021-01-11,79,SESE,Substantially Equivalent,Traditional,N,,,,1,"System, Image Processing, Radiological",2,892.2050,RA,Radiology,RA,N,N,N,Y,Eligible,0,0,0,0,,,,0,exact_submission_number_only,2026-07-31,https://www.fda.gov/medical-devices/software-medical-device-samd/artificial-intelligence-enabled-medical-devices
DEN200019,De Novo,2021-03-26,2021,Q1,Oxehealth Vital Signs,Oxehealth Limited,Cardiovascular,QME,1,Oxehealth Vital Signs,oxehealth limited,2020-03-27,364,DENG,Granted,,,,Direct,N,1,"Software For Optical Camera-Based Measurement Of Pulse Rate, Heart Rate, Breathing Rate, And/Or Respiratory Rate",2,870.2785,CV,Cardiovascular,CV,N,N,N,N,Ineligible,0,0,0,0,,,,0,exact_submission_number_only,2026-07-31,https://www.fda.gov/medical-devices/software-medical-device-samd/artificial-intelligence-enabled-medical-devices
K203225,510(k),2021-03-24,2021,Q1,Aquilion ONE (TSX-306A/3) V10.4 with Spectral Imaging System,Canon Medical Systems Corporation,Radiology,JAK,1,Aquilion ONE (TSX-306A/3) V10.4 with Spectral Imaging System,Canon Medical Systems Corporation,2020-11-02,142,SESE,Substantially Equivalent,Traditional,N,,,,1,"System, X-Ray, Tomography, Computed",2,892.1750,RA,Radiology,RA,N,N,N,Y,Eligible,0,0,0,0,,,,0,exact_submission_number_only,2026-07-31,https://www.fda.gov/medical-devices/software-medical-device-samd/artificial-intelligence-enabled-medical-devices
K210209,510(k),2021-03-23,2021,Q1,Viz ICH,"Viz.ai, Inc.",Radiology,QAS,1,Viz ICH,"Viz. Ai, Inc.",2021-01-26,56,SESE,Substantially Equivalent,Traditional,N,,,,1,Radiological Computer-Assisted Triage And Notification Software,2,892.2080,RA,Radiology,RA,N,N,N,N,Ineligible,0,0,0,0,,,,0,exact_submission_number_only,2026-07-31,https://www.fda.gov/medical-devices/software-medical-device-samd/artificial-intelligence-enabled-medical-devices
K203235,510(k),2021-03-19,2021,Q1,VBrain,Vysioneer Inc.,Radiology,QKB,1,VBrain,"Vysioneer, Inc.",2020-11-03,136,SESE,Substantially Equivalent,Traditional,N,,,,1,Radiological Image Processing Software For Radiation Therapy,2,892.2050,RA,Radiology,RA,N,N,N,N,Ineligible,0,0,0,0,,,,0,exact_submission_number_only,2026-07-31,https://www.fda.gov/medical-devices/software-medical-device-samd/artificial-intelligence-enabled-medical-devices
K202284,510(k),2021-03-12,2021,Q1,Oncospace,"Oncospace, Inc.",Radiology,MUJ,1,Oncospace,"Oncospace, Inc.",2020-08-12,212,SESE,Substantially Equivalent,Traditional,N,,,,1,"System, Planning, Radiation Therapy Treatment",2,892.5050,RA,Radiology,RA,N,N,N,N,Eligible,0,0,0,0,,,,0,exact_submission_number_only,2026-07-31,https://www.fda.gov/medical-devices/software-medical-device-samd/artificial-intelligence-enabled-medical-devices
K203822,510(k),2021-03-12,2021,Q1,ProFound AI Software V3.0,iCAD Inc.,Radiology,QDQ,1,ProFound AI Software V3.0,"Icad, Inc.",2020-12-29,73,SESE,Substantially Equivalent,Special,N,,,,1,Radiological Computer Assisted Detection/Diagnosis Software For Lesions Suspicious For Cancer,2,892.2090,RA,Radiology,RA,N,N,N,N,Ineligible,0,0,0,0,,,,0,exact_submission_number_only,2026-07-31,https://www.fda.gov/medical-devices/software-medical-device-samd/artificial-intelligence-enabled-medical-devices
K203256,510(k),2021-03-09,2021,Q1,Imbio RV/LV Software,"Imbio, LLC",Radiology,QIH,1,Imbio RV/LV Software,"Imbio, LLC",2020-11-04,125,SESE,Substantially Equivalent,Traditional,N,,,,1,Automated Radiological Image Processing Software,2,892.2050,RA,Radiology,RA,N,N,N,N,Ineligible,0,0,0,0,,,,0,exact_submission_number_only,2026-07-31,https://www.fda.gov/medical-devices/software-medical-device-samd/artificial-intelligence-enabled-medical-devices
K202300,510(k),2021-03-05,2021,Q1,"Optellum Virtual Nodule Clinic, Optellum software, Optellum platform",Optellum Ltd,Radiology,POK,1,"Optellum Virtual Nodule Clinic, Optellum software, Optellum platform","Optellum, Ltd.",2020-08-13,204,SESE,Substantially Equivalent,Traditional,N,,,,1,Computer-Assisted Diagnostic Software For Lesions Suspicious For Cancer,2,892.2060,RA,Radiology,RA,N,N,N,N,Eligible,0,0,0,0,,,,0,exact_submission_number_only,2026-07-31,https://www.fda.gov/medical-devices/software-medical-device-samd/artificial-intelligence-enabled-medical-devices
K203323,510(k),2021-03-04,2021,Q1,"Vantage Galan 3T, MRT-3020, V6.0 with AiCE Reconstruction Processing Unit for MR",Canon Medical Systems Corporation,Radiology,LNH,1,"Vantage Galan 3T, MRT-3020, V6.0 with AiCE Reconstruction Processing Unit for MR",Canon Medical Systems Corporation,2020-11-12,112,SESE,Substantially Equivalent,Traditional,N,,,,1,"System, Nuclear Magnetic Resonance Imaging",2,892.1000,RA,Radiology,RA,N,N,N,Y,Eligible,0,0,0,0,,,,0,exact_submission_number_only,2026-07-31,https://www.fda.gov/medical-devices/software-medical-device-samd/artificial-intelligence-enabled-medical-devices
K203617,510(k),2021-03-02,2021,Q1,MaxFOV 2,"GE Medical Systems, LLC.",Radiology,JAK,1,MaxFOV 2,"Ge Medical Systems, LLC",2020-12-11,81,SESE,Substantially Equivalent,Traditional,N,,,,1,"System, X-Ray, Tomography, Computed",2,892.1750,RA,Radiology,RA,N,N,N,Y,Eligible,0,0,0,0,,,,0,exact_submission_number_only,2026-07-31,https://www.fda.gov/medical-devices/software-medical-device-samd/artificial-intelligence-enabled-medical-devices
DEN200022,De Novo,2021-03-01,2021,Q1,Analytic for Hemodynamic Instability (AHI),Fifth Eye Inc.,Cardiovascular,QNV,1,Analytic for Hemodynamic Instability (AHI),"fifth eye, inc.",2020-04-03,332,DENG,Granted,,,,Direct,N,1,Adjunctive Hemodynamic Indicator With Decision Point,2,870.2220,CV,Cardiovascular,CV,N,N,N,N,Ineligible,0,0,0,0,,,,0,exact_submission_number_only,2026-07-31,https://www.fda.gov/medical-devices/software-medical-device-samd/artificial-intelligence-enabled-medical-devices
K203182,510(k),2021-02-26,2021,Q1,SubtleMR,"Subtle Medical, Inc.",Radiology,LLZ,1,SubtleMR,"Subtle Medical, Inc.",2020-10-27,122,SESE,Substantially Equivalent,Traditional,N,,,,1,"System, Image Processing, Radiological",2,892.2050,RA,Radiology,RA,N,N,N,Y,Eligible,0,0,0,0,,,,0,exact_submission_number_only,2026-07-31,https://www.fda.gov/medical-devices/software-medical-device-samd/artificial-intelligence-enabled-medical-devices
K202990,510(k),2021-02-25,2021,Q1,NinesMeasure,"Nines, Inc.",Radiology,LLZ,1,NinesMeasure,"Nines, Inc.",2020-09-30,148,SESE,Substantially Equivalent,Traditional,N,,,,1,"System, Image Processing, Radiological",2,892.2050,RA,Radiology,RA,N,N,N,Y,Eligible,0,0,0,0,,,,0,exact_submission_number_only,2026-07-31,https://www.fda.gov/medical-devices/software-medical-device-samd/artificial-intelligence-enabled-medical-devices
K203578,510(k),2021-02-25,2021,Q1,"OTIS 2.1 Optical Coherence Tomography System, THiA Optical Coherence Tomography System","Perimeter Medical Imaging AI, Inc.",Radiology,NQQ,1,"OTIS 2.1 Optical Coherence Tomography System, THiA Optical Coherence Tomography System","Perimeter Medical Imaging Ai, Inc.",2020-12-07,80,SESE,Substantially Equivalent,Special,N,,,,1,"System, Imaging, Optical Coherence Tomography (Oct)",2,892.1560,RA,Radiology,SU,N,N,N,Y,Eligible,0,0,0,0,,,,0,exact_submission_number_only,2026-07-31,https://www.fda.gov/medical-devices/software-medical-device-samd/artificial-intelligence-enabled-medical-devices
K202212,510(k),2021-02-19,2021,Q1,TruPlan,Circle Cardiovascular Imaging Inc.,Radiology,LLZ,1,TruPlan,"Circle Cardiovascular Imaging, Inc.",2020-08-06,197,SESE,Substantially Equivalent,Traditional,N,,,,1,"System, Image Processing, Radiological",2,892.2050,RA,Radiology,RA,N,N,N,Y,Eligible,0,0,0,0,,,,0,exact_submission_number_only,2026-07-31,https://www.fda.gov/medical-devices/software-medical-device-samd/artificial-intelligence-enabled-medical-devices
K203103,510(k),2021-02-09,2021,Q1,"Synapse 3D, Synapse 3D Base Tools v6.1",Fujifilm Corporation,Radiology,LLZ,1,"Synapse 3D, Synapse 3D Base Tools v6.1",Fujifilm Corporation,2020-10-14,118,SESE,Substantially Equivalent,Traditional,N,,,,1,"System, Image Processing, Radiological",2,892.2050,RA,Radiology,RA,N,N,N,Y,Eligible,0,0,0,0,,,,0,exact_submission_number_only,2026-07-31,https://www.fda.gov/medical-devices/software-medical-device-samd/artificial-intelligence-enabled-medical-devices
K210053,510(k),2021-02-05,2021,Q1,LVivo Software Application,DiA Imaging Analysis Ltd,Radiology,QIH,1,LVivo Software Application,"Dia Imaging Analysis, Ltd.",2021-01-08,28,SESE,Substantially Equivalent,Special,N,,,,1,Automated Radiological Image Processing Software,2,892.2050,RA,Radiology,RA,N,N,N,N,Ineligible,0,0,0,0,,,,0,exact_submission_number_only,2026-07-31,https://www.fda.gov/medical-devices/software-medical-device-samd/artificial-intelligence-enabled-medical-devices
K203582,510(k),2021-02-04,2021,Q1,QUIBIM Precision Prostate (qp-Prostate),QUIBIM S.L.,Radiology,LLZ,1,QUIBIM Precision Prostate (qp-Prostate),Quibim S.L.,2020-12-07,59,SESE,Substantially Equivalent,Traditional,N,,,,1,"System, Image Processing, Radiological",2,892.2050,RA,Radiology,RA,N,N,N,Y,Eligible,0,0,0,0,,,,0,exact_submission_number_only,2026-07-31,https://www.fda.gov/medical-devices/software-medical-device-samd/artificial-intelligence-enabled-medical-devices
K201411,510(k),2021-01-29,2021,Q1,Visage Breast Density,Visage Imaging GmbH,Radiology,QIH,1,Visage Breast Density,Visage Imaging GmbH,2020-05-28,246,SESE,Substantially Equivalent,Traditional,N,,,,1,Automated Radiological Image Processing Software,2,892.2050,RA,Radiology,RA,N,N,N,N,Ineligible,0,0,0,0,,,,0,exact_submission_number_only,2026-07-31,https://www.fda.gov/medical-devices/software-medical-device-samd/artificial-intelligence-enabled-medical-devices
K193271,510(k),2021-01-15,2021,Q1,uAI EasyTriage-Rib,"Shanghai United Imaging Intelligence Co., Ltd.",Radiology,QFM,1,uAI EasyTriage-Rib,"Shanghai United Imaging Intelligence Co., Ltd.",2019-11-26,416,SESE,Substantially Equivalent,Traditional,N,,,,1,Radiological Computer-Assisted Prioritization Software For Lesions,2,892.2080,RA,Radiology,RA,N,N,N,N,Ineligible,0,0,0,0,,,,0,exact_submission_number_only,2026-07-31,https://www.fda.gov/medical-devices/software-medical-device-samd/artificial-intelligence-enabled-medical-devices
K202767,510(k),2021-01-15,2021,Q1,"Vantage Orian 1.5T, MRT-1550, V6.0",Canon Medical Systems Corporation,Radiology,LNH,1,"Vantage Orian 1.5T, MRT-1550, V6.0",Canon Medical Systems Corporation,2020-09-21,116,SESE,Substantially Equivalent,Traditional,N,,,,1,"System, Nuclear Magnetic Resonance Imaging",2,892.1000,RA,Radiology,RA,N,N,N,Y,Eligible,0,0,0,0,,,,0,exact_submission_number_only,2026-07-31,https://www.fda.gov/medical-devices/software-medical-device-samd/artificial-intelligence-enabled-medical-devices
K202700,510(k),2021-01-14,2021,Q1,ART-Plan,TheraPanacea,Radiology,QKB,1,ART-Plan,Therapanacea,2020-09-16,120,SESE,Substantially Equivalent,Traditional,N,,,,1,Radiological Image Processing Software For Radiation Therapy,2,892.2050,RA,Radiology,RA,N,N,N,N,Ineligible,0,0,0,0,,,,0,exact_submission_number_only,2026-07-31,https://www.fda.gov/medical-devices/software-medical-device-samd/artificial-intelligence-enabled-medical-devices
K201836,510(k),2021-01-12,2021,Q1,Aquilion Lightning (TSX-036A/7) V10.2 with AiCE-i,Canon Medical Systems Corporation,Radiology,JAK,1,Aquilion Lightning (TSX-036A/7) V10.2 with AiCE-i,Canon Medical Systems Corporation,2020-07-02,194,SESE,Substantially Equivalent,Traditional,N,,,,1,"System, X-Ray, Tomography, Computed",2,892.1750,RA,Radiology,RA,N,N,N,Y,Eligible,0,0,0,0,,,,0,exact_submission_number_only,2026-07-31,https://www.fda.gov/medical-devices/software-medical-device-samd/artificial-intelligence-enabled-medical-devices
K203280,510(k),2021-01-12,2021,Q1,Hepatica v1 (Hepatica v1.0.0),Perspectum Ltd.,Radiology,LNH,1,Hepatica v1 (Hepatica v1.0.0),"Perspectum, Ltd.",2020-11-06,67,SESE,Substantially Equivalent,Traditional,N,,,,1,"System, Nuclear Magnetic Resonance Imaging",2,892.1000,RA,Radiology,RA,N,N,N,Y,Eligible,0,0,0,0,,,,0,exact_submission_number_only,2026-07-31,https://www.fda.gov/medical-devices/software-medical-device-samd/artificial-intelligence-enabled-medical-devices
P200003,PMA,2021-01-11,2021,Q1,Imagio Breast Imaging System,"Seno Medical Instruments, Inc.",Radiology,QNK,1,Imagio Breast Imaging System,"Seno Medical Instruments, Inc.",2020-01-31,346,APPR,Approved,,,N,,,1,Optoacoustic Imaging System,3,,,Unknown,RA,N,N,N,N,Ineligible,0,0,0,0,,,,0,exact_submission_number_only,2026-07-31,https://www.fda.gov/medical-devices/software-medical-device-samd/artificial-intelligence-enabled-medical-devices
K200717,510(k),2021-01-09,2021,Q1,CLEWICU System (ClewICUServer and ClewICUnitor),CLEW Medical Ltd.,Cardiovascular,QNL,1,CLEWICU System (ClewICUServer and ClewICUnitor),"Clew Medical , Ltd.",2020-03-18,297,SESE,Substantially Equivalent,Traditional,N,,,,1,Medium-Term Adjunctive Predictive Cardiovascular Indicator,2,870.2210,CV,Cardiovascular,CV,N,N,N,N,Ineligible,0,0,0,0,,,,0,exact_submission_number_only,2026-07-31,https://www.fda.gov/medical-devices/software-medical-device-samd/artificial-intelligence-enabled-medical-devices
K203329,510(k),2021-01-08,2021,Q1,HeartFlow Analysis,"HeartFlow, Inc.",Cardiovascular,PJA,1,HeartFlow Analysis,"HeartFlow, Inc.",2020-11-12,57,SESE,Substantially Equivalent,Traditional,N,,,,1,Coronary Vascular Physiologic Simulation Software,2,870.1415,CV,Cardiovascular,CV,N,N,N,N,Ineligible,0,0,0,0,,,,0,exact_submission_number_only,2026-07-31,https://www.fda.gov/medical-devices/software-medical-device-samd/artificial-intelligence-enabled-medical-devices
K202414,510(k),2021-01-07,2021,Q1,BrainInsight,"Hyperfine Research, Inc",Radiology,LLZ,1,BrainInsight,"Hyperfine Research, Inc.",2020-08-24,136,SESE,Substantially Equivalent,Traditional,N,,,,1,"System, Image Processing, Radiological",2,892.2050,RA,Radiology,RA,N,N,N,Y,Eligible,0,0,0,0,,,,0,exact_submission_number_only,2026-07-31,https://www.fda.gov/medical-devices/software-medical-device-samd/artificial-intelligence-enabled-medical-devices
K203508,510(k),2020-12-29,2020,Q4,BriefCase,"Aidoc Medical, Ltd.",Radiology,QAS,1,BriefCase,"Aidoc Medical , Ltd.",2020-11-30,29,SESE,Substantially Equivalent,Special,N,,,,1,Radiological Computer-Assisted Triage And Notification Software,2,892.2080,RA,Radiology,RA,N,N,N,N,Ineligible,0,0,0,0,,,,0,exact_submission_number_only,2026-07-31,https://www.fda.gov/medical-devices/software-medical-device-samd/artificial-intelligence-enabled-medical-devices
K202229,510(k),2020-12-22,2020,Q4,AI Metrics,"AI Metrics, LLC",Radiology,LLZ,1,AI Metrics,"Ai Metrics, LLC",2020-08-07,137,SESE,Substantially Equivalent,Traditional,N,,,,1,"System, Image Processing, Radiological",2,892.2050,RA,Radiology,RA,N,N,N,Y,Eligible,0,0,0,0,,,,0,exact_submission_number_only,2026-07-31,https://www.fda.gov/medical-devices/software-medical-device-samd/artificial-intelligence-enabled-medical-devices
K201555,510(k),2020-12-18,2020,Q4,EchoGo Pro,Ultromics Ltd,Radiology,POK,1,EchoGo Pro,"Ultromics, Ltd.",2020-06-10,191,SESE,Substantially Equivalent,Traditional,N,,,,1,Computer-Assisted Diagnostic Software For Lesions Suspicious For Cancer,2,892.2060,RA,Radiology,RA,N,N,N,N,Eligible,0,0,0,0,,,,0,exact_submission_number_only,2026-07-31,https://www.fda.gov/medical-devices/software-medical-device-samd/artificial-intelligence-enabled-medical-devices
K201745,510(k),2020-12-10,2020,Q4,Deep Learning Image Reconstruction for Gemstone Spectral Imaging,"GE Medical Systems, LLC",Radiology,JAK,1,Deep Learning Image Reconstruction for Gemstone Spectral Imaging,"Ge Medical Systems, LLC",2020-06-26,167,SESE,Substantially Equivalent,Traditional,N,,,,1,"System, X-Ray, Tomography, Computed",2,892.1750,RA,Radiology,RA,N,N,N,Y,Eligible,0,0,0,0,,,,0,exact_submission_number_only,2026-07-31,https://www.fda.gov/medical-devices/software-medical-device-samd/artificial-intelligence-enabled-medical-devices
K203042,510(k),2020-12-10,2020,Q4,Aquilion Exceed LB (TSX-202A/3) V10.6 with AiCE-I,Canon Medical Systems Corporation,Radiology,JAK,1,Aquilion Exceed LB (TSX-202A/3) V10.6 with AiCE-I,Canon Medical Systems Corporation,2020-10-06,65,SESE,Substantially Equivalent,Traditional,N,,,,1,"System, X-Ray, Tomography, Computed",2,892.1750,RA,Radiology,RA,N,N,N,Y,Eligible,0,0,0,0,,,,0,exact_submission_number_only,2026-07-31,https://www.fda.gov/medical-devices/software-medical-device-samd/artificial-intelligence-enabled-medical-devices
K201039,510(k),2020-12-07,2020,Q4,HepaFat-AI,Resonance Health Analysis Services Pty Ltd,Radiology,LNH,1,HepaFat-AI,"Resonance Health Analysis Services Pty, Ltd.",2020-04-20,231,SESE,Substantially Equivalent,Traditional,N,,,,1,"System, Nuclear Magnetic Resonance Imaging",2,892.1000,RA,Radiology,RA,N,N,N,Y,Eligible,0,0,0,0,,,,0,exact_submission_number_only,2026-07-31,https://www.fda.gov/medical-devices/software-medical-device-samd/artificial-intelligence-enabled-medical-devices
K202487,510(k),2020-12-04,2020,Q4,HealthJOINT,Zebra Medical Vision Ltd.,Radiology,LLZ,1,HealthJOINT,"Zebra Medical Vision, Ltd.",2020-08-31,95,SESE,Substantially Equivalent,Traditional,N,,,,1,"System, Image Processing, Radiological",2,892.2050,RA,Radiology,RA,N,N,N,Y,Eligible,0,0,0,0,,,,0,exact_submission_number_only,2026-07-31,https://www.fda.gov/medical-devices/software-medical-device-samd/artificial-intelligence-enabled-medical-devices
K193287,510(k),2020-11-20,2020,Q4,CorInsights MRI,"ADM Diagnostics, Inc.",Radiology,LLZ,1,CorInsights MRI,"Adm Diagnostics, Inc.",2019-11-27,359,SESE,Substantially Equivalent,Traditional,N,,,,1,"System, Image Processing, Radiological",2,892.2050,RA,Radiology,RA,N,N,N,Y,Eligible,0,0,0,0,,,,0,exact_submission_number_only,2026-07-31,https://www.fda.gov/medical-devices/software-medical-device-samd/artificial-intelligence-enabled-medical-devices
K200873,510(k),2020-11-20,2020,Q4,HALO,NICo-Lab B.V.,Radiology,QAS,1,HALO,Nico-Lab B.V.,2020-04-01,233,SESE,Substantially Equivalent,Traditional,N,,,,1,Radiological Computer-Assisted Triage And Notification Software,2,892.2080,RA,Radiology,RA,N,N,N,N,Ineligible,0,0,0,0,,,,0,exact_submission_number_only,2026-07-31,https://www.fda.gov/medical-devices/software-medical-device-samd/artificial-intelligence-enabled-medical-devices
K203169,510(k),2020-11-20,2020,Q4,Revolution Ascend,GE Healthcare Japan Corporation,Radiology,JAK,1,Revolution Ascend,Ge Healthcare Japan Corporation,2020-10-23,28,SESE,Substantially Equivalent,Special,N,,,,1,"System, X-Ray, Tomography, Computed",2,892.1750,RA,Radiology,RA,N,N,N,Y,Eligible,1,1,1,0,2021-06-30,2021-06-30,222.0,1,exact_submission_number_only,2026-07-31,https://www.fda.gov/medical-devices/software-medical-device-samd/artificial-intelligence-enabled-medical-devices
K201019,510(k),2020-11-18,2020,Q4,Genius AI Detection,"Hologic, Inc.",Radiology,QDQ,1,Genius AI Detection,"Hologic, Inc.",2020-04-17,215,SESE,Substantially Equivalent,Traditional,N,,,,1,Radiological Computer Assisted Detection/Diagnosis Software For Lesions Suspicious For Cancer,2,892.2090,RA,Radiology,RA,N,N,N,N,Ineligible,0,0,0,0,,,,0,exact_submission_number_only,2026-07-31,https://www.fda.gov/medical-devices/software-medical-device-samd/artificial-intelligence-enabled-medical-devices
K201195,510(k),2020-11-18,2020,Q4,"syngo.via MI Workflows, syngo MBF","Siemens Medical Solutions USA, Inc.",Radiology,QIH,1,"syngo.via MI Workflows, syngo MBF","Siemens Medical Solutions USA, Inc.",2020-05-04,198,SESE,Substantially Equivalent,Traditional,N,,,,1,Automated Radiological Image Processing Software,2,892.2050,RA,Radiology,RA,N,N,N,N,Ineligible,0,0,0,0,,,,0,exact_submission_number_only,2026-07-31,https://www.fda.gov/medical-devices/software-medical-device-samd/artificial-intelligence-enabled-medical-devices
K193306,510(k),2020-11-17,2020,Q4,PROView,GE Medical Systems SCS,Radiology,LLZ,1,PROView,GE Medical Systems SCS,2019-11-29,354,SESE,Substantially Equivalent,Traditional,N,,,,1,"System, Image Processing, Radiological",2,892.2050,RA,Radiology,RA,N,N,N,Y,Eligible,0,0,0,0,,,,0,exact_submission_number_only,2026-07-31,https://www.fda.gov/medical-devices/software-medical-device-samd/artificial-intelligence-enabled-medical-devices
K193289,510(k),2020-11-12,2020,Q4,"FastStroke, CT Perfusion 4D",GE Medical Systems SCS,Radiology,JAK,1,"FastStroke, CT Perfusion 4D",GE Medical Systems SCS,2019-11-27,351,SESE,Substantially Equivalent,Traditional,N,,,,1,"System, X-Ray, Tomography, Computed",2,892.1750,RA,Radiology,RA,N,N,N,Y,Eligible,0,0,0,0,,,,0,exact_submission_number_only,2026-07-31,https://www.fda.gov/medical-devices/software-medical-device-samd/artificial-intelligence-enabled-medical-devices
K201985,510(k),2020-11-12,2020,Q4,KardiaAI,"AliveCor, Inc.",Cardiovascular,DQK,1,KardiaAI,"AliveCor, Inc.",2020-07-17,118,SESE,Substantially Equivalent,Traditional,N,,,,1,"Computer, Diagnostic, Programmable",2,870.1425,CV,Cardiovascular,CV,N,N,N,Y,Eligible,0,0,0,0,,,,0,exact_submission_number_only,2026-07-31,https://www.fda.gov/medical-devices/software-medical-device-samd/artificial-intelligence-enabled-medical-devices
K193562,510(k),2020-11-06,2020,Q4,AI-Rad Companion Organs RT,"Siemens Medical Solutions USA, Inc.",Radiology,QKB,1,AI-Rad Companion Organs RT,"Siemens Medical Solutions USA, Inc.",2019-12-23,319,SESE,Substantially Equivalent,Traditional,N,,,,1,Radiological Image Processing Software For Radiation Therapy,2,892.2050,RA,Radiology,RA,N,N,N,N,Ineligible,0,0,0,0,,,,0,exact_submission_number_only,2026-07-31,https://www.fda.gov/medical-devices/software-medical-device-samd/artificial-intelligence-enabled-medical-devices
K200750,510(k),2020-11-06,2020,Q4,Neuro.Al Algorithm,"TeraRecon, Inc.",Radiology,LLZ,1,Neuro.Al Algorithm,"Terarecon,Inc.",2020-03-23,228,SESE,Substantially Equivalent,Special,N,,,,1,"System, Image Processing, Radiological",2,892.2050,RA,Radiology,RA,N,N,N,Y,Eligible,0,0,0,0,,,,0,exact_submission_number_only,2026-07-31,https://www.fda.gov/medical-devices/software-medical-device-samd/artificial-intelligence-enabled-medical-devices
K200323,510(k),2020-10-30,2020,Q4,AutoContour,"Radformation, Inc.",Radiology,QKB,1,AutoContour,"Radformation, Inc.",2020-02-10,263,SESE,Substantially Equivalent,Traditional,N,,,,1,Radiological Image Processing Software For Radiation Therapy,2,892.2050,RA,Radiology,RA,N,N,N,N,Ineligible,0,0,0,0,,,,0,exact_submission_number_only,2026-07-31,https://www.fda.gov/medical-devices/software-medical-device-samd/artificial-intelligence-enabled-medical-devices
K202013,510(k),2020-10-30,2020,Q4,WRDensity by Whiterabbit.ai,Whiterabbit.ai Inc.,Radiology,QIH,1,WRDensity by Whiterabbit.ai,"Whiterabbit.Ai, Inc.",2020-07-21,101,SESE,Substantially Equivalent,Traditional,N,,,,1,Automated Radiological Image Processing Software,2,892.2050,RA,Radiology,RA,N,N,N,N,Ineligible,0,0,0,0,,,,0,exact_submission_number_only,2026-07-31,https://www.fda.gov/medical-devices/software-medical-device-samd/artificial-intelligence-enabled-medical-devices
K202089,510(k),2020-10-28,2020,Q4,"LensHooke X1 PRO Semen Quality Analyzer, LensHooke X1 PRO SE Semen Quality Analyzer","Bonraybio Co., Ltd.",Hematology,POV,1,"LensHooke X1 PRO Semen Quality Analyzer, LensHooke X1 PRO SE Semen Quality Analyzer","Bonraybio Co., Ltd.",2020-07-28,92,SESE,Substantially Equivalent,Special,N,,,,1,Semen Analysis Device,2,864.5220,HE,Hematology,HE,N,N,N,Y,Eligible,0,0,0,0,,,,0,exact_submission_number_only,2026-07-31,https://www.fda.gov/medical-devices/software-medical-device-samd/artificial-intelligence-enabled-medical-devices
K200595,510(k),2020-10-16,2020,Q4,"CellaVision DC-1, CellaVision DC-1 PPA",CellaVision AB,Hematology,JOY,1,"CellaVision DC-1, CellaVision DC-1 PPA",CellaVision AB,2020-03-06,224,SESE,Substantially Equivalent,Traditional,N,,,,1,"Device, Automated Cell-Locating",2,864.5260,HE,Hematology,HE,N,N,N,Y,Eligible,0,0,0,0,,,,0,exact_submission_number_only,2026-07-31,https://www.fda.gov/medical-devices/software-medical-device-samd/artificial-intelligence-enabled-medical-devices
K201710,510(k),2020-10-16,2020,Q4,A View LCS,"Coreline Soft Co., Ltd.",Radiology,LLZ,1,A View LCS,"Coreline Soft Co., Ltd.",2020-06-23,115,SESE,Substantially Equivalent,Traditional,N,,,,1,"System, Image Processing, Radiological",2,892.2050,RA,Radiology,RA,N,N,N,Y,Eligible,0,0,0,0,,,,0,exact_submission_number_only,2026-07-31,https://www.fda.gov/medical-devices/software-medical-device-samd/artificial-intelligence-enabled-medical-devices
K201615,510(k),2020-10-15,2020,Q4,SIGNA 7.0T,"GE Medical Systems, LLC",Radiology,LNH,1,SIGNA 7.0T,"Ge Medical Systems, LLC",2020-06-15,122,SESE,Substantially Equivalent,Traditional,N,,,,1,"System, Nuclear Magnetic Resonance Imaging",2,892.1000,RA,Radiology,RA,N,N,N,Y,Eligible,1,1,1,0,2024-06-14,2024-06-14,1338.0,1,exact_submission_number_only,2026-07-31,https://www.fda.gov/medical-devices/software-medical-device-samd/artificial-intelligence-enabled-medical-devices
K202501,510(k),2020-10-11,2020,Q4,Quantib Prostate,Quantib BV,Radiology,LLZ,1,Quantib Prostate,Quantib B.V.,2020-08-31,41,SESE,Substantially Equivalent,Traditional,N,,,,1,"System, Image Processing, Radiological",2,892.2050,RA,Radiology,RA,N,N,N,Y,Eligible,0,0,0,0,,,,0,exact_submission_number_only,2026-07-31,https://www.fda.gov/medical-devices/software-medical-device-samd/artificial-intelligence-enabled-medical-devices
K193631,510(k),2020-10-09,2020,Q4,"Stethee Pro 1, Stethee Pro Software System",M3DICINE Pty Ltd.,Cardiovascular,DQD,1,"Stethee Pro 1, Stethee Pro Software System","M3Dicine Pty , Ltd.",2019-12-27,287,SESE,Substantially Equivalent,Traditional,N,,,,1,"Stethoscope, Electronic",2,870.1875,CV,Cardiovascular,CV,N,N,N,Y,Eligible,0,0,0,0,,,,0,exact_submission_number_only,2026-07-31,https://www.fda.gov/medical-devices/software-medical-device-samd/artificial-intelligence-enabled-medical-devices
K201301,510(k),2020-10-02,2020,Q4,X100 with Full Field Peripheral Blood Smear (PBS) Application,Scopio Labs LTD.,Hematology,JOY,1,X100 with Full Field Peripheral Blood Smear (PBS) Application,"Scopio Labs , Ltd.",2020-05-15,140,SESE,Substantially Equivalent,Traditional,N,,,,1,"Device, Automated Cell-Locating",2,864.5260,HE,Hematology,HE,N,N,N,Y,Eligible,0,0,0,0,,,,0,exact_submission_number_only,2026-07-31,https://www.fda.gov/medical-devices/software-medical-device-samd/artificial-intelligence-enabled-medical-devices
K202170,510(k),2020-10-02,2020,Q4,LiverMultiScan,Perspectum LTD,Radiology,LNH,1,LiverMultiScan,"Perspectum, Ltd.",2020-08-03,60,SESE,Substantially Equivalent,Traditional,N,,,,1,"System, Nuclear Magnetic Resonance Imaging",2,892.1000,RA,Radiology,RA,N,N,N,Y,Eligible,0,0,0,0,,,,0,exact_submission_number_only,2026-07-31,https://www.fda.gov/medical-devices/software-medical-device-samd/artificial-intelligence-enabled-medical-devices
K202280,510(k),2020-10-02,2020,Q4,Cleerly Labs v2.0,"Cleerly, Inc.",Radiology,LLZ,1,Cleerly Labs v2.0,"Cleerly, Inc.",2020-08-11,52,SESE,Substantially Equivalent,Traditional,N,,,,1,"System, Image Processing, Radiological",2,892.2050,RA,Radiology,RA,N,N,N,Y,Eligible,0,0,0,0,,,,0,exact_submission_number_only,2026-07-31,https://www.fda.gov/medical-devices/software-medical-device-samd/artificial-intelligence-enabled-medical-devices
K192051,510(k),2020-09-30,2020,Q3,THINQ,CorticoMetrics LLC,Radiology,LLZ,1,THINQ,"Corticometrics, LLC",2019-07-31,427,SESE,Substantially Equivalent,Traditional,N,,,,1,"System, Image Processing, Radiological",2,892.2050,RA,Radiology,RA,N,N,N,Y,Eligible,0,0,0,0,,,,0,exact_submission_number_only,2026-07-31,https://www.fda.gov/medical-devices/software-medical-device-samd/artificial-intelligence-enabled-medical-devices
K202546,510(k),2020-09-29,2020,Q3,LVivo Seamless,DiA Imaging Analysis Ltd,Radiology,QIH,1,LVivo Seamless,"Dia Imaging Analysis, Ltd.",2020-09-02,27,SESE,Substantially Equivalent,Special,N,,,,1,Automated Radiological Image Processing Software,2,892.2050,RA,Radiology,RA,N,N,N,N,Ineligible,0,0,0,0,,,,0,exact_submission_number_only,2026-07-31,https://www.fda.gov/medical-devices/software-medical-device-samd/artificial-intelligence-enabled-medical-devices
K201103,510(k),2020-09-25,2020,Q3,Xeleris V Processing and Review Systems,GE Healthcare,Radiology,LLZ,1,Xeleris V Processing and Review Systems,GE Healthcare,2020-04-24,154,SESE,Substantially Equivalent,Traditional,N,,,,1,"System, Image Processing, Radiological",2,892.2050,RA,Radiology,RA,N,N,N,Y,Eligible,0,0,0,0,,,,0,exact_submission_number_only,2026-07-31,https://www.fda.gov/medical-devices/software-medical-device-samd/artificial-intelligence-enabled-medical-devices
K200569,510(k),2020-09-24,2020,Q3,RayStation,RaySearch Laboratories AB (publ),Radiology,MUJ,1,RayStation,RaySearch Laboratories AB (PUBL),2020-03-04,204,SESE,Substantially Equivalent,Traditional,N,,,,1,"System, Planning, Radiation Therapy Treatment",2,892.5050,RA,Radiology,RA,N,N,N,N,Eligible,14,13,6,8,2020-10-08,2025-08-08,14.0,1,exact_submission_number_only,2026-07-31,https://www.fda.gov/medical-devices/software-medical-device-samd/artificial-intelligence-enabled-medical-devices
K200852,510(k),2020-09-18,2020,Q3,"EchoPAC Software Only, EchoPAC Plug-In",GE Medical Systems Ultrasound and Primary Care Diagnostics,Radiology,LLZ,1,"EchoPAC Software Only, EchoPAC Plug-In",GE Medical Systems Ultrasound and Primary Care Diagnostics,2020-03-31,171,SESE,Substantially Equivalent,Traditional,N,,,,1,"System, Image Processing, Radiological",2,892.2050,RA,Radiology,RA,N,N,N,Y,Eligible,0,0,0,0,,,,0,exact_submission_number_only,2026-07-31,https://www.fda.gov/medical-devices/software-medical-device-samd/artificial-intelligence-enabled-medical-devices
K201992,510(k),2020-09-18,2020,Q3,Caption Guidance,Caption Health,Radiology,QJU,1,Caption Guidance,Caption Health,2020-07-17,63,SESE,Substantially Equivalent,Traditional,N,,,,1,Image Acquisition And/Or Optimization Guided By Artificial Intelligence,2,892.2100,RA,Radiology,RA,N,N,N,N,Ineligible,0,0,0,0,,,,0,exact_submission_number_only,2026-07-31,https://www.fda.gov/medical-devices/software-medical-device-samd/artificial-intelligence-enabled-medical-devices
K201298,510(k),2020-09-16,2020,Q3,VX1,Volta Medical,Cardiovascular,DQK,1,VX1,Volta Medical,2020-05-15,124,SESE,Substantially Equivalent,Traditional,N,,,,1,"Computer, Diagnostic, Programmable",2,870.1425,CV,Cardiovascular,CV,N,N,N,Y,Eligible,0,0,0,0,,,,0,exact_submission_number_only,2026-07-31,https://www.fda.gov/medical-devices/software-medical-device-samd/artificial-intelligence-enabled-medical-devices
K201369,510(k),2020-09-16,2020,Q3,AVA (Augmented Vascular Analysis),See-Mode Technologies Pte. Ltd.,Radiology,LLZ,1,AVA (Augmented Vascular Analysis),"See-Mode Technologies Pte, Ltd.",2020-05-22,117,SESE,Substantially Equivalent,Traditional,N,,,,1,"System, Image Processing, Radiological",2,892.2050,RA,Radiology,RA,N,N,N,Y,Eligible,0,0,0,0,,,,0,exact_submission_number_only,2026-07-31,https://www.fda.gov/medical-devices/software-medical-device-samd/artificial-intelligence-enabled-medical-devices
K192665,510(k),2020-09-15,2020,Q3,"Accelerate Pheno System, Accelerate PhenoTest BC Kit","Accelerate Diagnostics, Inc.",Microbiology,PRH,1,"Accelerate Pheno System, Accelerate PhenoTest BC Kit","Accelerate Diagnostics, Inc.",2019-09-25,356,SESE,Substantially Equivalent,Traditional,N,,,,1,Positive Blood Culture Identification And Ast Kit,2,866.1650,MI,Microbiology,MI,N,N,N,N,Eligible,2,1,2,0,2022-10-17,2022-10-17,762.0,1,exact_submission_number_only,2026-07-31,https://www.fda.gov/medical-devices/software-medical-device-samd/artificial-intelligence-enabled-medical-devices
K200708,510(k),2020-09-09,2020,Q3,Vivid iq,GE Medical Systems Ultrasound and,Radiology,IYN,1,Vivid iq,Ge Medical Systems Ultrasound And,2020-03-18,175,SESE,Substantially Equivalent,Traditional,N,,,,1,"System, Imaging, Pulsed Doppler, Ultrasonic",2,892.1550,RA,Radiology,RA,N,N,N,Y,Eligible,0,0,0,0,,,,0,exact_submission_number_only,2026-07-31,https://www.fda.gov/medical-devices/software-medical-device-samd/artificial-intelligence-enabled-medical-devices
K200851,510(k),2020-09-09,2020,Q3,"Vivid T8, Vivid T9",GE Medical Systems Ultrasound and Primary Care Diagnostics,Radiology,IYN,1,"Vivid T8, Vivid T9",GE Medical Systems Ultrasound and Primary Care Diagnostics,2020-03-31,162,SESE,Substantially Equivalent,Traditional,N,,,,1,"System, Imaging, Pulsed Doppler, Ultrasonic",2,892.1550,RA,Radiology,RA,N,N,N,Y,Eligible,0,0,0,0,,,,0,exact_submission_number_only,2026-07-31,https://www.fda.gov/medical-devices/software-medical-device-samd/artificial-intelligence-enabled-medical-devices
K201841,510(k),2020-09-06,2020,Q3,EyeBOX,"Oculogica, Inc.",Neurology,QEA,1,EyeBOX,"Oculogica, Inc.",2020-07-02,66,SESE,Substantially Equivalent,Traditional,N,,,,1,Brain Injury Adjunctive Interpretive Oculomotor Assessment Aid,2,882.1455,NE,Neurology,NE,N,N,N,N,Ineligible,0,0,0,0,,,,0,exact_submission_number_only,2026-07-31,https://www.fda.gov/medical-devices/software-medical-device-samd/artificial-intelligence-enabled-medical-devices
K202238,510(k),2020-09-04,2020,Q3,SIGNA Artist,GE Healthcare (Tianjin) Company Limited,Radiology,LNH,1,SIGNA Artist,Ge Healthcare (Tianjin) Company Limited,2020-08-07,28,SESE,Substantially Equivalent,Special,N,,,,1,"System, Nuclear Magnetic Resonance Imaging",2,892.1000,RA,Radiology,RA,N,N,N,Y,Eligible,5,5,4,1,2021-06-04,2025-06-20,273.0,1,exact_submission_number_only,2026-07-31,https://www.fda.gov/medical-devices/software-medical-device-samd/artificial-intelligence-enabled-medical-devices
K200833,510(k),2020-09-02,2020,Q3,RX-1 Rhythm Express Remote Cardiac Monitoring System,VivaQuant Inc.,Cardiovascular,MLO,1,RX-1 Rhythm Express Remote Cardiac Monitoring System,"VivaQuant, Inc.",2020-03-30,156,SESE,Substantially Equivalent,Traditional,N,,,,1,"Electrocardiograph, Ambulatory, With Analysis Algorithm",2,870.2800,CV,Cardiovascular,CV,N,N,N,N,Eligible,0,0,0,0,,,,0,exact_submission_number_only,2026-07-31,https://www.fda.gov/medical-devices/software-medical-device-samd/artificial-intelligence-enabled-medical-devices
K200714,510(k),2020-08-26,2020,Q3,AVIEW,"Coreline Soft Co., Ltd",Radiology,LLZ,1,AVIEW,"Coreline Soft Co., Ltd.",2020-03-18,161,SESE,Substantially Equivalent,Traditional,N,,,,1,"System, Image Processing, Radiological",2,892.2050,RA,Radiology,RA,N,N,N,Y,Eligible,0,0,0,0,,,,0,exact_submission_number_only,2026-07-31,https://www.fda.gov/medical-devices/software-medical-device-samd/artificial-intelligence-enabled-medical-devices
K201020,510(k),2020-08-26,2020,Q3,BriefCase,"Aidoc Medical, Ltd.",Radiology,QAS,1,BriefCase,"Aidoc Medical , Ltd.",2020-04-17,131,SESE,Substantially Equivalent,Traditional,N,,,,1,Radiological Computer-Assisted Triage And Notification Software,2,892.2080,RA,Radiology,RA,N,N,N,N,Ineligible,0,0,0,0,,,,0,exact_submission_number_only,2026-07-31,https://www.fda.gov/medical-devices/software-medical-device-samd/artificial-intelligence-enabled-medical-devices
K201632,510(k),2020-08-14,2020,Q3,TOMTEC-ARENA,TOMTEC Imaging Systems GmbH,Radiology,LLZ,1,TOMTEC-ARENA,Tomtec Imaging Systems GmbH,2020-06-16,59,SESE,Substantially Equivalent,Traditional,N,,,,1,"System, Image Processing, Radiological",2,892.2050,RA,Radiology,RA,N,N,N,Y,Eligible,0,0,0,0,,,,0,exact_submission_number_only,2026-07-31,https://www.fda.gov/medical-devices/software-medical-device-samd/artificial-intelligence-enabled-medical-devices
K201232,510(k),2020-08-13,2020,Q3,Limbus Contour,Limbus AI Inc.,Radiology,LLZ,1,Limbus Contour,"Limbus Ai, Inc.",2020-05-07,98,SESE,Substantially Equivalent,Traditional,N,,,,1,"System, Image Processing, Radiological",2,892.2050,RA,Radiology,RA,N,N,N,Y,Eligible,0,0,0,0,,,,0,exact_submission_number_only,2026-07-31,https://www.fda.gov/medical-devices/software-medical-device-samd/artificial-intelligence-enabled-medical-devices
K201444,510(k),2020-08-13,2020,Q3,Syngo.via RT Image Suite,"Siemens Medical Solutions USA, Inc.",Radiology,MUJ,1,Syngo.via RT Image Suite,"Siemens Medical Solutions USA, Inc.",2020-06-01,73,SESE,Substantially Equivalent,Traditional,N,,,,1,"System, Planning, Radiation Therapy Treatment",2,892.5050,RA,Radiology,RA,N,N,N,N,Eligible,0,0,0,0,,,,0,exact_submission_number_only,2026-07-31,https://www.fda.gov/medical-devices/software-medical-device-samd/artificial-intelligence-enabled-medical-devices
K200990,510(k),2020-08-07,2020,Q3,VIDAvision,VIDA Diagnostics Inc.,Radiology,JAK,1,VIDAvision,"Vida Diagnostics, Inc.",2020-04-15,114,SESE,Substantially Equivalent,Traditional,N,,,,1,"System, X-Ray, Tomography, Computed",2,892.1750,RA,Radiology,RA,N,N,N,Y,Eligible,0,0,0,0,,,,0,exact_submission_number_only,2026-07-31,https://www.fda.gov/medical-devices/software-medical-device-samd/artificial-intelligence-enabled-medical-devices
K201310,510(k),2020-08-07,2020,Q3,Accipiolx,MaxQ Al Ltd.,Radiology,QAS,1,Accipiolx,"Maxq AL , Ltd.",2020-05-15,84,SESE,Substantially Equivalent,Traditional,N,,,,1,Radiological Computer-Assisted Triage And Notification Software,2,892.2080,RA,Radiology,RA,N,N,N,N,Ineligible,0,0,0,0,,,,0,exact_submission_number_only,2026-07-31,https://www.fda.gov/medical-devices/software-medical-device-samd/artificial-intelligence-enabled-medical-devices
K193210,510(k),2020-08-04,2020,Q3,HYPER DLR,"Shanghai United Imaging Healthcare Co., Ltd.",Radiology,KPS,1,HYPER DLR,"Shanghai United Imaging Healthcare Co., Ltd.",2019-11-21,257,SESE,Substantially Equivalent,Traditional,N,,,,1,"System, Tomography, Computed, Emission",2,892.1200,RA,Radiology,RA,N,N,N,Y,Eligible,0,0,0,0,,,,0,exact_submission_number_only,2026-07-31,https://www.fda.gov/medical-devices/software-medical-device-samd/artificial-intelligence-enabled-medical-devices
K200667,510(k),2020-08-03,2020,Q3,EyeArt,"Eyenuk, Inc",Ophthalmic,PIB,1,EyeArt,"Eyenuk, Inc.",2020-03-13,143,SESE,Substantially Equivalent,Traditional,N,,,,1,Diabetic Retinopathy Detection Device,2,886.1100,OP,Ophthalmic,OP,N,N,N,N,Eligible,0,0,0,0,,,,0,exact_submission_number_only,2026-07-31,https://www.fda.gov/medical-devices/software-medical-device-samd/artificial-intelligence-enabled-medical-devices
K193283,510(k),2020-07-30,2020,Q3,AI-Rad Companion Prostate MR,Siemens Medical Solutions USA Inc.,Radiology,QIH,1,AI-Rad Companion Prostate MR,"Siemens Medical Solutions USA, Inc.",2019-11-27,246,SESE,Substantially Equivalent,Traditional,N,,,,1,Automated Radiological Image Processing Software,2,892.2050,RA,Radiology,RA,N,N,N,N,Ineligible,0,0,0,0,,,,0,exact_submission_number_only,2026-07-31,https://www.fda.gov/medical-devices/software-medical-device-samd/artificial-intelligence-enabled-medical-devices
K193417,510(k),2020-07-30,2020,Q3,FractureDetect (FX),"Imagen Technologies, Inc.",Radiology,QBS,1,FractureDetect (FX),"Imagen Technologies, Inc.",2019-12-09,234,SESE,Substantially Equivalent,Traditional,N,,,,1,Radiological Computer Assisted Detection/Diagnosis Software For Fracture,2,892.2090,RA,Radiology,RA,N,N,N,N,Ineligible,0,0,0,0,,,,0,exact_submission_number_only,2026-07-31,https://www.fda.gov/medical-devices/software-medical-device-samd/artificial-intelligence-enabled-medical-devices
K200743,510(k),2020-07-23,2020,Q3,Vivid E80/ Vivid E90/ Vivid E95,GE Medical Systems Ultrasound and,Radiology,IYN,1,Vivid E80/ Vivid E90/ Vivid E95,Ge Medical Systems Ultrasound And,2020-03-23,122,SESE,Substantially Equivalent,Traditional,N,,,,1,"System, Imaging, Pulsed Doppler, Ultrasonic",2,892.1550,RA,Radiology,RA,N,N,N,Y,Eligible,0,0,0,0,,,,0,exact_submission_number_only,2026-07-31,https://www.fda.gov/medical-devices/software-medical-device-samd/artificial-intelligence-enabled-medical-devices
K200621,510(k),2020-07-22,2020,Q3,Caption Interpretation Automated Ejection Fraction Software,Caption Health,Radiology,QIH,1,Caption Interpretation Automated Ejection Fraction Software,Caption Health,2020-03-09,135,SESE,Substantially Equivalent,Traditional,N,,,,1,Automated Radiological Image Processing Software,2,892.2050,RA,Radiology,RA,N,N,N,N,Ineligible,1,1,0,1,2021-05-19,2021-05-19,301.0,1,exact_submission_number_only,2026-07-31,https://www.fda.gov/medical-devices/software-medical-device-samd/artificial-intelligence-enabled-medical-devices
K200497,510(k),2020-07-16,2020,Q3,"Vivid S60N, Vivid S70N",GE Medical Systems Ultrasound and Primary Care Diagnostics,Radiology,IYN,1,"Vivid S60N, Vivid S70N",GE Medical Systems Ultrasound and Primary Care Diagnostics,2020-02-28,139,SESE,Substantially Equivalent,Traditional,N,,,,1,"System, Imaging, Pulsed Doppler, Ultrasonic",2,892.1550,RA,Radiology,RA,N,N,N,Y,Eligible,2,1,2,0,2023-05-30,2023-05-30,1048.0,1,exact_submission_number_only,2026-07-31,https://www.fda.gov/medical-devices/software-medical-device-samd/artificial-intelligence-enabled-medical-devices
K200905,510(k),2020-07-16,2020,Q3,HealthMammo,Zebra Medical Vision Ltd.,Radiology,QFM,1,HealthMammo,"Zebra Medical Vision, Ltd.",2020-04-06,101,SESE,Substantially Equivalent,Traditional,N,,,,1,Radiological Computer-Assisted Prioritization Software For Lesions,2,892.2080,RA,Radiology,RA,N,N,N,N,Ineligible,0,0,0,0,,,,0,exact_submission_number_only,2026-07-31,https://www.fda.gov/medical-devices/software-medical-device-samd/artificial-intelligence-enabled-medical-devices
K193097,510(k),2020-07-14,2020,Q3,"Vantage Orian 1.5T, MRT-1550, V6.0 with AiCE Reconstruction Processing Unit for MR",Canon Medical Systems Corporation,Radiology,LNH,1,"Vantage Orian 1.5T, MRT-1550, V6.0 with AiCE Reconstruction Processing Unit for MR",Canon Medical Systems Corporation,2019-11-07,250,SESE,Substantially Equivalent,Traditional,N,,,,1,"System, Nuclear Magnetic Resonance Imaging",2,892.1000,RA,Radiology,RA,N,N,N,Y,Eligible,0,0,0,0,,,,0,exact_submission_number_only,2026-07-31,https://www.fda.gov/medical-devices/software-medical-device-samd/artificial-intelligence-enabled-medical-devices
K192969,510(k),2020-07-10,2020,Q3,Ezra Plexo Software,Ezra AI Inc.,Radiology,QIH,1,Ezra Plexo Software,"Ezra Ai, Inc.",2019-10-23,261,SESE,Substantially Equivalent,Traditional,N,,,,1,Automated Radiological Image Processing Software,2,892.2050,RA,Radiology,RA,N,N,N,N,Ineligible,0,0,0,0,,,,0,exact_submission_number_only,2026-07-31,https://www.fda.gov/medical-devices/software-medical-device-samd/artificial-intelligence-enabled-medical-devices
K193294,510(k),2020-07-10,2020,Q3,AI-Rad Companion Engine,"Siemens Medical Solutions USA, Inc.",Radiology,LLZ,1,AI-Rad Companion Engine,"Siemens Medical Solutions USA, Inc.",2019-11-27,226,SESE,Substantially Equivalent,Traditional,N,,,,1,"System, Image Processing, Radiological",2,892.2050,RA,Radiology,RA,N,N,N,Y,Eligible,0,0,0,0,,,,0,exact_submission_number_only,2026-07-31,https://www.fda.gov/medical-devices/software-medical-device-samd/artificial-intelligence-enabled-medical-devices
K200941,510(k),2020-07-09,2020,Q3,Rapid LVO,iSchemaView Inc.,Radiology,QAS,1,Rapid LVO,"Ischemaview, Inc.",2020-04-08,92,SESE,Substantially Equivalent,Traditional,N,,,,1,Radiological Computer-Assisted Triage And Notification Software,2,892.2080,RA,Radiology,RA,N,N,N,N,Ineligible,0,0,0,0,,,,0,exact_submission_number_only,2026-07-31,https://www.fda.gov/medical-devices/software-medical-device-samd/artificial-intelligence-enabled-medical-devices
K193073,510(k),2020-07-06,2020,Q3,Deep Recon,"Shanghai United Imaging Healthcare Co., Ltd.",Radiology,JAK,1,Deep Recon,"Shanghai United Imaging Healthcare Co., Ltd.",2019-11-04,245,SESE,Substantially Equivalent,Traditional,N,,,,1,"System, X-Ray, Tomography, Computed",2,892.1750,RA,Radiology,RA,N,N,N,Y,Eligible,0,0,0,0,,,,0,exact_submission_number_only,2026-07-31,https://www.fda.gov/medical-devices/software-medical-device-samd/artificial-intelligence-enabled-medical-devices
K192880,510(k),2020-07-02,2020,Q3,InferRead Lung CT.AI,"Beijing Infervision Technology Co.,Ltd.",Radiology,OEB,1,InferRead Lung CT.AI,"Beijing Infervision Technology Co., Ltd.",2019-10-09,267,SESE,Substantially Equivalent,Traditional,N,,,,1,"Lung Computed Tomography System, Computer-Aided Detection",2,892.2050,RA,Radiology,RA,N,N,N,N,Eligible,0,0,0,0,,,,0,exact_submission_number_only,2026-07-31,https://www.fda.gov/medical-devices/software-medical-device-samd/artificial-intelligence-enabled-medical-devices
K193252,510(k),2020-07-02,2020,Q3,Contour ProtegeAI,MIM Software Inc.,Radiology,QKB,1,Contour ProtegeAI,"Mim Software, Inc.",2019-11-25,220,SESE,Substantially Equivalent,Traditional,N,,,,1,Radiological Image Processing Software For Radiation Therapy,2,892.2050,RA,Radiology,RA,N,N,N,N,Ineligible,0,0,0,0,,,,0,exact_submission_number_only,2026-07-31,https://www.fda.gov/medical-devices/software-medical-device-samd/artificial-intelligence-enabled-medical-devices
K200760,510(k),2020-06-26,2020,Q2,Rapid ASPECTS,iSchemaView Inc.,Radiology,POK,1,Rapid ASPECTS,"Ischemaview, Inc.",2020-03-24,94,SESE,Substantially Equivalent,Traditional,N,,,,1,Computer-Assisted Diagnostic Software For Lesions Suspicious For Cancer,2,892.2060,RA,Radiology,RA,N,N,N,N,Eligible,0,0,0,0,,,,0,exact_submission_number_only,2026-07-31,https://www.fda.gov/medical-devices/software-medical-device-samd/artificial-intelligence-enabled-medical-devices
K200855,510(k),2020-06-24,2020,Q2,CINA,AVICENNA.AI,Radiology,QAS,1,CINA,Avicenna.Ai,2020-03-31,85,SESE,Substantially Equivalent,Traditional,N,,,,1,Radiological Computer-Assisted Triage And Notification Software,2,892.2080,RA,Radiology,RA,N,N,N,N,Ineligible,0,0,0,0,,,,0,exact_submission_number_only,2026-07-31,https://www.fda.gov/medical-devices/software-medical-device-samd/artificial-intelligence-enabled-medical-devices
K200232,510(k),2020-06-23,2020,Q2,LVivo Software Application,DiA Imaging Analysis Ltd,Radiology,QIH,1,LVivo Software Application,"Dia Imaging Analysis, Ltd.",2020-01-30,145,SESE,Substantially Equivalent,Traditional,N,,,,1,Automated Radiological Image Processing Software,2,892.2050,RA,Radiology,RA,N,N,N,N,Ineligible,0,0,0,0,,,,0,exact_submission_number_only,2026-07-31,https://www.fda.gov/medical-devices/software-medical-device-samd/artificial-intelligence-enabled-medical-devices
K193298,510(k),2020-06-19,2020,Q2,BriefCase,"Aidoc Medical, Ltd.",Radiology,QAS,1,BriefCase,"Aidoc Medical , Ltd.",2019-11-27,205,SESE,Substantially Equivalent,Traditional,N,,,,1,Radiological Computer-Assisted Triage And Notification Software,2,892.2080,RA,Radiology,RA,N,N,N,N,Ineligible,0,0,0,0,,,,0,exact_submission_number_only,2026-07-31,https://www.fda.gov/medical-devices/software-medical-device-samd/artificial-intelligence-enabled-medical-devices
K193290,510(k),2020-06-17,2020,Q2,AI-Rad Companion Brain MR,"Siemens Medical Solutions USA, Inc.",Radiology,LLZ,1,AI-Rad Companion Brain MR,"Siemens Medical Solutions USA, Inc.",2019-11-27,203,SESE,Substantially Equivalent,Traditional,N,,,,1,"System, Image Processing, Radiological",2,892.2050,RA,Radiology,RA,N,N,N,Y,Eligible,0,0,0,0,,,,0,exact_submission_number_only,2026-07-31,https://www.fda.gov/medical-devices/software-medical-device-samd/artificial-intelligence-enabled-medical-devices
K200921,510(k),2020-06-17,2020,Q2,qER,Qure.ai Technologies,Radiology,QAS,1,qER,Qure.Ai Technologies,2020-04-06,72,SESE,Substantially Equivalent,Traditional,N,,,,1,Radiological Computer-Assisted Triage And Notification Software,2,892.2080,RA,Radiology,RA,N,N,N,N,Ineligible,0,0,0,0,,,,0,exact_submission_number_only,2026-07-31,https://www.fda.gov/medical-devices/software-medical-device-samd/artificial-intelligence-enabled-medical-devices
K200356,510(k),2020-06-11,2020,Q2,MEDO ARIA,Medo.ai,Radiology,QIH,1,MEDO ARIA,Medo.Ai,2020-02-13,119,SESE,Substantially Equivalent,Traditional,N,,,,1,Automated Radiological Image Processing Software,2,892.2050,RA,Radiology,RA,N,N,N,N,Ineligible,0,0,0,0,,,,0,exact_submission_number_only,2026-07-31,https://www.fda.gov/medical-devices/software-medical-device-samd/artificial-intelligence-enabled-medical-devices
K200980,510(k),2020-06-11,2020,Q2,Auto 3D Bladder Volume Tool,"Butterfly Network, Inc.",Radiology,IYO,1,Auto 3D Bladder Volume Tool,"Butterfly Network, Inc.",2020-04-14,58,SESE,Substantially Equivalent,Traditional,N,,,,1,"System, Imaging, Pulsed Echo, Ultrasonic",2,892.1560,RA,Radiology,RA,N,N,N,Y,Eligible,0,0,0,0,,,,0,exact_submission_number_only,2026-07-31,https://www.fda.gov/medical-devices/software-medical-device-samd/artificial-intelligence-enabled-medical-devices
K200974,510(k),2020-06-03,2020,Q2,QLAB Advanced Quantification Software,Philips Healthcare,Radiology,QIH,1,QLAB Advanced Quantification Software,Philips Health Care,2020-04-13,51,SESE,Substantially Equivalent,Traditional,N,,,,1,Automated Radiological Image Processing Software,2,892.2050,RA,Radiology,RA,N,N,N,N,Ineligible,0,0,0,0,,,,0,exact_submission_number_only,2026-07-31,https://www.fda.gov/medical-devices/software-medical-device-samd/artificial-intelligence-enabled-medical-devices
K192601,510(k),2020-06-01,2020,Q2,uWS-MR,"Shanghai United Imaging Healthcare Co., Ltd",Radiology,QIH,1,uWS-MR,"Shanghai United Imaging Healthcare Co., Ltd.",2019-09-20,255,SESE,Substantially Equivalent,Traditional,N,,,,1,Automated Radiological Image Processing Software,2,892.2050,RA,Radiology,RA,N,N,N,N,Ineligible,0,0,0,0,,,,0,exact_submission_number_only,2026-07-31,https://www.fda.gov/medical-devices/software-medical-device-samd/artificial-intelligence-enabled-medical-devices
K201034,510(k),2020-05-14,2020,Q2,Syngo.CT CaScoring,"Siemens Medical Solutions USA, Inc.",Radiology,JAK,1,Syngo.CT CaScoring,"Siemens Medical Solutions USA, Inc.",2020-04-20,24,SESE,Substantially Equivalent,Special,N,,,,1,"System, X-Ray, Tomography, Computed",2,892.1750,RA,Radiology,RA,N,N,N,Y,Eligible,0,0,0,0,,,,0,exact_submission_number_only,2026-07-31,https://www.fda.gov/medical-devices/software-medical-device-samd/artificial-intelligence-enabled-medical-devices
K192901,510(k),2020-05-12,2020,Q2,HealthVCF,Zebra Medical Vision Ltd.,Radiology,QFM,1,HealthVCF,"Zebra Medical Vision, Ltd.",2019-10-15,210,SESE,Substantially Equivalent,Traditional,N,,,,1,Radiological Computer-Assisted Prioritization Software For Lesions,2,892.2080,RA,Radiology,RA,N,N,N,N,Ineligible,0,0,0,0,,,,0,exact_submission_number_only,2026-07-31,https://www.fda.gov/medical-devices/software-medical-device-samd/artificial-intelligence-enabled-medical-devices
K193176,510(k),2020-05-05,2020,Q2,uMR 780,"Shanghai United Imaging Healthcare Co., Ltd",Radiology,LNH,1,uMR 780,"Shanghai United Imaging Healthcare Co., Ltd.",2019-11-18,169,SESE,Substantially Equivalent,Traditional,N,,,,1,"System, Nuclear Magnetic Resonance Imaging",2,892.1000,RA,Radiology,RA,N,N,N,Y,Eligible,0,0,0,0,,,,0,exact_submission_number_only,2026-07-31,https://www.fda.gov/medical-devices/software-medical-device-samd/artificial-intelligence-enabled-medical-devices
K193220,510(k),2020-05-05,2020,Q2,AVIEW LCS,"Coreline Soft Co., Ltd",Radiology,LLZ,1,AVIEW LCS,"Coreline Soft Co., Ltd.",2019-11-21,166,SESE,Substantially Equivalent,Traditional,N,,,,1,"System, Image Processing, Radiological",2,892.2050,RA,Radiology,RA,N,N,N,Y,Eligible,0,0,0,0,,,,0,exact_submission_number_only,2026-07-31,https://www.fda.gov/medical-devices/software-medical-device-samd/artificial-intelligence-enabled-medical-devices
K201012,510(k),2020-05-01,2020,Q2,"EPIQ Diagnostic Ultrasound System Series, Affiniti Diagnostic Ultrasound System Series, CX50 Diagnostic Ultrasound System, Sparq Diagnostic Ultrasound System, Lumify Diagnostic Ultrasound System","Philips Ultrasound, Inc.",Radiology,IYN,1,"EPIQ Diagnostic Ultrasound System Series, Affiniti Diagnostic Ultrasound System Series, CX50 Diagnostic Ultrasound System, Sparq Diagnostic Ultrasound System, Lumify Diagnostic Ultrasound System","Philips Ultrasound, Inc.",2020-04-17,14,SESE,Substantially Equivalent,Special,N,,,,1,"System, Imaging, Pulsed Doppler, Ultrasonic",2,892.1550,RA,Radiology,RA,N,N,N,Y,Eligible,5,2,3,2,2021-08-19,2025-07-03,475.0,1,exact_submission_number_only,2026-07-31,https://www.fda.gov/medical-devices/software-medical-device-samd/artificial-intelligence-enabled-medical-devices
K193351,510(k),2020-04-21,2020,Q2,NinesAI,"Nines, Inc.",Radiology,QAS,1,NinesAI,"Nines, Inc.",2019-12-03,140,SESE,Substantially Equivalent,Traditional,N,,,,1,Radiological Computer-Assisted Triage And Notification Software,2,892.2080,RA,Radiology,RA,N,N,N,N,Ineligible,0,0,0,0,,,,0,exact_submission_number_only,2026-07-31,https://www.fda.gov/medical-devices/software-medical-device-samd/artificial-intelligence-enabled-medical-devices
K200755,510(k),2020-04-16,2020,Q2,Caption Guidance,Caption Health,Radiology,QJU,1,Caption Guidance,Caption Health,2020-03-23,24,SESE,Substantially Equivalent,Traditional,N,,,,1,Image Acquisition And/Or Optimization Guided By Artificial Intelligence,2,892.2100,RA,Radiology,RA,N,N,N,N,Ineligible,0,0,0,0,,,,0,exact_submission_number_only,2026-07-31,https://www.fda.gov/medical-devices/software-medical-device-samd/artificial-intelligence-enabled-medical-devices
K192167,510(k),2020-04-13,2020,Q2,CuraRad-ICH,CuraCloud Corp.,Radiology,QAS,1,CuraRad-ICH,Curacloud Corp.,2019-08-09,248,SESE,Substantially Equivalent,Traditional,N,,,,1,Radiological Computer-Assisted Triage And Notification Software,2,892.2080,RA,Radiology,RA,N,N,N,N,Ineligible,0,0,0,0,,,,0,exact_submission_number_only,2026-07-31,https://www.fda.gov/medical-devices/software-medical-device-samd/artificial-intelligence-enabled-medical-devices
K193282,510(k),2020-04-10,2020,Q2,SIGNA Premier,"GE Healthcare (GE Medical Systems, LLC)",Radiology,LNH,1,SIGNA Premier,"Ge Healthcare (Ge Medical Systems, LLC)",2019-11-27,135,SESE,Substantially Equivalent,Traditional,N,,,,1,"System, Nuclear Magnetic Resonance Imaging",2,892.1000,RA,Radiology,RA,N,N,N,Y,Eligible,7,7,6,1,2021-06-04,2026-02-27,420.0,1,exact_submission_number_only,2026-07-31,https://www.fda.gov/medical-devices/software-medical-device-samd/artificial-intelligence-enabled-medical-devices
K193300,510(k),2020-04-08,2020,Q2,AIMI-Triage CXR PTX,"RADLogics, Inc.",Radiology,QFM,1,AIMI-Triage CXR PTX,"Radlogics, Inc.",2019-11-27,133,SESE,Substantially Equivalent,Traditional,N,,,,1,Radiological Computer-Assisted Prioritization Software For Lesions,2,892.2080,RA,Radiology,RA,N,N,N,N,Ineligible,0,0,0,0,,,,0,exact_submission_number_only,2026-07-31,https://www.fda.gov/medical-devices/software-medical-device-samd/artificial-intelligence-enabled-medical-devices
K193087,510(k),2020-03-31,2020,Q1,Rapid ICH,iSchemaView Incorporated,Radiology,QAS,1,Rapid ICH,Ischemaview Incorporated,2019-11-06,146,SESE,Substantially Equivalent,Traditional,N,,,,1,Radiological Computer-Assisted Triage And Notification Software,2,892.2080,RA,Radiology,RA,N,N,N,N,Ineligible,0,0,0,0,,,,0,exact_submission_number_only,2026-07-31,https://www.fda.gov/medical-devices/software-medical-device-samd/artificial-intelligence-enabled-medical-devices
K192732,510(k),2020-03-26,2020,Q1,BodyGuardian Remote Monitoring System,"Preventice Technologies, Inc.",Cardiovascular,DSI,1,BodyGuardian Remote Monitoring System,"Preventice Technologies, Inc.",2019-09-27,181,SESE,Substantially Equivalent,Traditional,N,,,,1,"Detector And Alarm, Arrhythmia",2,870.1025,CV,Cardiovascular,CV,N,N,N,N,Ineligible,0,0,0,0,,,,0,exact_submission_number_only,2026-07-31,https://www.fda.gov/medical-devices/software-medical-device-samd/artificial-intelligence-enabled-medical-devices
K193518,510(k),2020-03-26,2020,Q1,KOSMOS,"EchoNous, Inc.",Radiology,IYN,1,KOSMOS,"EchoNous, Inc.",2019-12-19,98,SESE,Substantially Equivalent,Traditional,N,,,,1,"System, Imaging, Pulsed Doppler, Ultrasonic",2,892.1550,RA,Radiology,RA,N,N,N,Y,Eligible,0,0,0,0,,,,0,exact_submission_number_only,2026-07-31,https://www.fda.gov/medical-devices/software-medical-device-samd/artificial-intelligence-enabled-medical-devices
K192437,510(k),2020-03-25,2020,Q1,Arterys MICA,Arterys Inc.,Radiology,QIH,1,Arterys MICA,"Arterys, Inc.",2019-09-06,201,SESE,Substantially Equivalent,Traditional,N,,,,1,Automated Radiological Image Processing Software,2,892.2050,RA,Radiology,RA,N,N,N,N,Ineligible,0,0,0,0,,,,0,exact_submission_number_only,2026-07-31,https://www.fda.gov/medical-devices/software-medical-device-samd/artificial-intelligence-enabled-medical-devices
K192854,510(k),2020-03-25,2020,Q1,MammoScreen,Therapixel,Radiology,QDQ,1,MammoScreen,Therapixel,2019-10-04,173,SESE,Substantially Equivalent,Traditional,N,,,,1,Radiological Computer Assisted Detection/Diagnosis Software For Lesions Suspicious For Cancer,2,892.2090,RA,Radiology,RA,N,N,N,N,Ineligible,0,0,0,0,,,,0,exact_submission_number_only,2026-07-31,https://www.fda.gov/medical-devices/software-medical-device-samd/artificial-intelligence-enabled-medical-devices
K193281,510(k),2020-03-20,2020,Q1,Hepatic VCAR,GE Medical Systems SCS,Radiology,JAK,1,Hepatic VCAR,GE Medical Systems SCS,2019-11-27,114,SESE,Substantially Equivalent,Traditional,N,,,,1,"System, X-Ray, Tomography, Computed",2,892.1750,RA,Radiology,RA,N,N,N,Y,Eligible,0,0,0,0,,,,0,exact_submission_number_only,2026-07-31,https://www.fda.gov/medical-devices/software-medical-device-samd/artificial-intelligence-enabled-medical-devices
K200036,510(k),2020-03-20,2020,Q1,AI-ECG Tracker,"Shenzhen Carewell Electronics Co., Ltd.",Cardiovascular,DPS,1,AI-ECG Tracker,"Shenzhen Carewell Electronics Co., Ltd.",2020-01-08,72,SESE,Substantially Equivalent,Traditional,N,,,,1,Electrocardiograph,2,870.2340,CV,Cardiovascular,CV,N,N,N,Y,Eligible,0,0,0,0,,,,0,exact_submission_number_only,2026-07-31,https://www.fda.gov/medical-devices/software-medical-device-samd/artificial-intelligence-enabled-medical-devices
K193658,510(k),2020-03-18,2020,Q1,Viz ICH,"Viz.ai, Inc.",Radiology,QAS,1,Viz ICH,"Viz. Ai, Inc.",2019-12-30,79,SESE,Substantially Equivalent,Traditional,N,,,,1,Radiological Computer-Assisted Triage And Notification Software,2,892.2080,RA,Radiology,RA,N,N,N,N,Ineligible,0,0,0,0,,,,0,exact_submission_number_only,2026-07-31,https://www.fda.gov/medical-devices/software-medical-device-samd/artificial-intelligence-enabled-medical-devices
K193267,510(k),2020-03-16,2020,Q1,Al-Rad Companion (Musculoskeletal),"Siemens Medical Solutions USA, Inc.",Radiology,JAK,1,Al-Rad Companion (Musculoskeletal),"Siemens Medical Solutions USA, Inc.",2019-11-26,111,SESE,Substantially Equivalent,Traditional,N,,,,1,"System, X-Ray, Tomography, Computed",2,892.1750,RA,Radiology,RA,N,N,N,Y,Eligible,0,0,0,0,,,,0,exact_submission_number_only,2026-07-31,https://www.fda.gov/medical-devices/software-medical-device-samd/artificial-intelligence-enabled-medical-devices
K192388,510(k),2020-03-12,2020,Q1,SonoVision Ultrasound Imaging System,"Tissue Differentiation Intelligence, LLC",Radiology,IYN,1,SonoVision Ultrasound Imaging System,"Tissue Differentiation Intelligence, LLC",2019-09-03,191,SESE,Substantially Equivalent,Abbreviated,N,,,,1,"System, Imaging, Pulsed Doppler, Ultrasonic",2,892.1550,RA,Radiology,RA,N,N,N,Y,Eligible,0,0,0,0,,,,0,exact_submission_number_only,2026-07-31,https://www.fda.gov/medical-devices/software-medical-device-samd/artificial-intelligence-enabled-medical-devices
K192574,510(k),2020-03-09,2020,Q1,"Vantage Galan 3T, MRT-3020, V6.0 with AiCE Reconstruction Processing Unit for MR",Canon Medical Systems Corporation,Radiology,LNH,1,"Vantage Galan 3T, MRT-3020, V6.0 with AiCE Reconstruction Processing Unit for MR",Canon Medical Systems Corporation,2019-09-19,172,SESE,Substantially Equivalent,Traditional,N,,,,1,"System, Nuclear Magnetic Resonance Imaging",2,892.1000,RA,Radiology,RA,N,N,N,Y,Eligible,0,0,0,0,,,,0,exact_submission_number_only,2026-07-31,https://www.fda.gov/medical-devices/software-medical-device-samd/artificial-intelligence-enabled-medical-devices
K193216,510(k),2020-03-09,2020,Q1,syngo.CT Lung CAD,"Siemens Medical Solutions, Inc",Radiology,OEB,1,syngo.CT Lung CAD,"Siemens Medi Cal Solutions, Inc.",2019-11-21,109,SESE,Substantially Equivalent,Traditional,N,,,,1,"Lung Computed Tomography System, Computer-Aided Detection",2,892.2050,RA,Radiology,RA,N,N,N,N,Eligible,0,0,0,0,,,,0,exact_submission_number_only,2026-07-31,https://www.fda.gov/medical-devices/software-medical-device-samd/artificial-intelligence-enabled-medical-devices
K193229,510(k),2020-03-05,2020,Q1,Transpara,ScreenPoint Medical B.V.,Radiology,QDQ,1,Transpara,Screenpoint Medical B.V.,2019-11-22,104,SESE,Substantially Equivalent,Traditional,N,,,,1,Radiological Computer Assisted Detection/Diagnosis Software For Lesions Suspicious For Cancer,2,892.2090,RA,Radiology,RA,N,N,N,N,Ineligible,0,0,0,0,,,,0,exact_submission_number_only,2026-07-31,https://www.fda.gov/medical-devices/software-medical-device-samd/artificial-intelligence-enabled-medical-devices
K191550,510(k),2020-03-04,2020,Q1,Broncholab,Fluidda Inc.,Radiology,JAK,1,Broncholab,"Fluidda, Inc.",2019-06-12,266,SESE,Substantially Equivalent,Traditional,N,,,,1,"System, X-Ray, Tomography, Computed",2,892.1750,RA,Radiology,RA,N,N,N,Y,Eligible,0,0,0,0,,,,0,exact_submission_number_only,2026-07-31,https://www.fda.gov/medical-devices/software-medical-device-samd/artificial-intelligence-enabled-medical-devices
K191556,510(k),2020-02-28,2020,Q1,Red Dot,Behold.AI Technologies Limited,Radiology,QFM,1,Red Dot,Behold.Ai Technologies Limited,2019-06-12,261,SESE,Substantially Equivalent,Traditional,N,,,,1,Radiological Computer-Assisted Prioritization Software For Lesions,2,892.2080,RA,Radiology,RA,N,N,N,N,Ineligible,0,0,0,0,,,,0,exact_submission_number_only,2026-07-31,https://www.fda.gov/medical-devices/software-medical-device-samd/artificial-intelligence-enabled-medical-devices
K191928,510(k),2020-02-28,2020,Q1,AccuContour,Xiamen Manteia Technology LTD.,Radiology,QKB,1,AccuContour,"Xiamen Manteia Technology , Ltd.",2019-07-19,224,SESE,Substantially Equivalent,Traditional,N,,,,1,Radiological Image Processing Software For Radiation Therapy,2,892.2050,RA,Radiology,RA,N,N,N,N,Ineligible,0,0,0,0,,,,0,exact_submission_number_only,2026-07-31,https://www.fda.gov/medical-devices/software-medical-device-samd/artificial-intelligence-enabled-medical-devices
K192962,510(k),2020-02-28,2020,Q1,icobrain-ctp,Icometrix NV,Radiology,LLZ,1,icobrain-ctp,Icometrix NV,2019-10-22,129,SESE,Substantially Equivalent,Traditional,N,,,,1,"System, Image Processing, Radiological",2,892.2050,RA,Radiology,RA,N,N,N,Y,Eligible,0,0,0,0,,,,0,exact_submission_number_only,2026-07-31,https://www.fda.gov/medical-devices/software-medical-device-samd/artificial-intelligence-enabled-medical-devices
K192832,510(k),2020-02-21,2020,Q1,Aquilion Prime SP (TSX-303B8) V10.2 with AiCE-i,Canon Medical Systems Corporation,Radiology,JAK,1,Aquilion Prime SP (TSX-303B8) V10.2 with AiCE-i,Canon Medical Systems Corporation,2019-10-02,142,SESE,Substantially Equivalent,Traditional,N,,,,1,"System, X-Ray, Tomography, Computed",2,892.1750,RA,Radiology,RA,N,N,N,Y,Eligible,1,1,0,1,2020-11-09,2020-11-09,262.0,1,exact_submission_number_only,2026-07-31,https://www.fda.gov/medical-devices/software-medical-device-samd/artificial-intelligence-enabled-medical-devices
K192973,510(k),2020-02-19,2020,Q1,densitas densityai,"Densitas, Inc.",Radiology,LLZ,1,densitas densityai,"Densitas, Inc.",2019-10-24,118,SESE,Substantially Equivalent,Special,N,,,,1,"System, Image Processing, Radiological",2,892.2050,RA,Radiology,RA,N,N,N,Y,Eligible,0,0,0,0,,,,0,exact_submission_number_only,2026-07-31,https://www.fda.gov/medical-devices/software-medical-device-samd/artificial-intelligence-enabled-medical-devices
K193248,510(k),2020-02-14,2020,Q1,"Biograph Vision, Biograph mCT Family of PET/CTs","Siemens Medical Solutions USA, Inc",Radiology,KPS,1,"Biograph Vision, Biograph mCT Family of PET/CTs","Siemens Medical Solutions USA, Inc.",2019-11-25,81,SESE,Substantially Equivalent,Traditional,N,,,,1,"System, Tomography, Computed, Emission",2,892.1200,RA,Radiology,RA,N,N,N,Y,Eligible,2,1,2,0,2023-01-16,2023-01-16,1067.0,1,exact_submission_number_only,2026-07-31,https://www.fda.gov/medical-devices/software-medical-device-samd/artificial-intelligence-enabled-medical-devices
K192828,510(k),2020-02-13,2020,Q1,Aquilion ONE (TSX-306A/3) V10.0 with Spectral Imaging System,Canon Medical Systems Corporation,Radiology,JAK,1,Aquilion ONE (TSX-306A/3) V10.0 with Spectral Imaging System,Canon Medical Systems Corporation,2019-10-02,134,SESE,Substantially Equivalent,Traditional,N,,,,1,"System, X-Ray, Tomography, Computed",2,892.1750,RA,Radiology,RA,N,N,N,Y,Eligible,0,0,0,0,,,,0,exact_submission_number_only,2026-07-31,https://www.fda.gov/medical-devices/software-medical-device-samd/artificial-intelligence-enabled-medical-devices
K193178,510(k),2020-02-12,2020,Q1,Biograph Horizon,"Siemens Medical Solution USA, Inc.",Radiology,KPS,1,Biograph Horizon,"Siemens Medical Solution USA, Inc.",2019-11-18,86,SESE,Substantially Equivalent,Traditional,N,,,,1,"System, Tomography, Computed, Emission",2,892.1200,RA,Radiology,RA,N,N,N,Y,Eligible,1,1,1,0,2023-01-16,2023-01-16,1069.0,1,exact_submission_number_only,2026-07-31,https://www.fda.gov/medical-devices/software-medical-device-samd/artificial-intelligence-enabled-medical-devices
K192377,510(k),2020-02-10,2020,Q1,"Ethos Treatment Management, Ethos Treatment Planning, Ethos Radiotherapy System, Halcyon","Varian Medical Systems, Inc.",Radiology,IYE,1,"Ethos Treatment Management, Ethos Treatment Planning, Ethos Radiotherapy System, Halcyon","Varian Medical Systems, Inc.",2019-08-30,164,SESE,Substantially Equivalent,Traditional,N,,,,1,"Accelerator, Linear, Medical",2,892.5050,RA,Radiology,RA,N,N,N,N,Eligible,0,0,0,0,,,,0,exact_submission_number_only,2026-07-31,https://www.fda.gov/medical-devices/software-medical-device-samd/artificial-intelligence-enabled-medical-devices
DEN190040,De Novo,2020-02-07,2020,Q1,Caption Guidance,"Bay Labs, Inc.",Radiology,QJU,1,Caption Guidance,"bay labs, inc.",2019-08-27,164,DENG,Granted,,,,Direct,N,1,Image Acquisition And/Or Optimization Guided By Artificial Intelligence,2,892.2100,RA,Radiology,RA,N,N,N,N,Ineligible,0,0,0,0,,,,0,exact_submission_number_only,2026-07-31,https://www.fda.gov/medical-devices/software-medical-device-samd/artificial-intelligence-enabled-medical-devices
K193109,510(k),2020-01-24,2020,Q1,MRCAT brain,Philips Medical Systems MR Finland,Radiology,MUJ,1,MRCAT brain,Philips Medical Systems MR Finland,2019-11-08,77,SESE,Substantially Equivalent,Traditional,N,,,,1,"System, Planning, Radiation Therapy Treatment",2,892.5050,RA,Radiology,RA,N,N,N,N,Eligible,0,0,0,0,,,,0,exact_submission_number_only,2026-07-31,https://www.fda.gov/medical-devices/software-medical-device-samd/artificial-intelligence-enabled-medical-devices
K192415,510(k),2020-01-17,2020,Q1,Study Watch with Irregular Pulse Monitor,Verily Life Sciences LLC,Cardiovascular,DXH,1,Study Watch with Irregular Pulse Monitor,"Verily Life Sciences, LLC",2019-09-04,135,SESE,Substantially Equivalent,Traditional,N,,,,1,"Transmitters And Receivers, Electrocardiograph, Telephone",2,870.2920,CV,Cardiovascular,CV,N,N,N,Y,Eligible,0,0,0,0,,,,0,exact_submission_number_only,2026-07-31,https://www.fda.gov/medical-devices/software-medical-device-samd/artificial-intelligence-enabled-medical-devices
K192956,510(k),2020-01-16,2020,Q1,Auto Positioning,"GE Hangwei Medical Systems, Co., Ltd.",Radiology,JAK,1,Auto Positioning,"Ge Hangwei Medical Systems Co., Ltd.",2019-10-21,87,SESE,Substantially Equivalent,Traditional,N,,,,1,"System, X-Ray, Tomography, Computed",2,892.1750,RA,Radiology,RA,N,N,N,Y,Eligible,0,0,0,0,,,,0,exact_submission_number_only,2026-07-31,https://www.fda.gov/medical-devices/software-medical-device-samd/artificial-intelligence-enabled-medical-devices
K191125,510(k),2020-01-15,2020,Q1,ADAS 3D,Galgo Medical S.L,Radiology,LLZ,1,ADAS 3D,Galgo Medical S.L,2019-04-29,261,SESE,Substantially Equivalent,Traditional,N,,,,1,"System, Image Processing, Radiological",2,892.2050,RA,Radiology,RA,N,N,N,Y,Eligible,0,0,0,0,,,,0,exact_submission_number_only,2026-07-31,https://www.fda.gov/medical-devices/software-medical-device-samd/artificial-intelligence-enabled-medical-devices
K192004,510(k),2020-01-15,2020,Q1,Eko Analysis Software,Eko Devices Inc,Cardiovascular,MWI,1,Eko Analysis Software,"Eko Devices, Inc.",2019-07-26,173,SESE,Substantially Equivalent,Traditional,N,,,,1,"Monitor, Physiological, Patient (Without Arrhythmia Detection Or Alarms)",2,870.2300,CV,Cardiovascular,CV,N,N,N,Y,Eligible,0,0,0,0,,,,0,exact_submission_number_only,2026-07-31,https://www.fda.gov/medical-devices/software-medical-device-samd/artificial-intelligence-enabled-medical-devices
K183089,510(k),2020-01-02,2020,Q1,Air Next,NuvoAir AB,Anesthesiology,BZG,1,Air Next,Nuvoair AB,2018-11-06,422,SESE,Substantially Equivalent,Traditional,N,,,,1,"Spirometer, Diagnostic",2,868.1840,AN,Anesthesiology,AN,N,N,N,Y,Eligible,0,0,0,0,,,,0,exact_submission_number_only,2026-07-31,https://www.fda.gov/medical-devices/software-medical-device-samd/artificial-intelligence-enabled-medical-devices
K191647,510(k),2019-12-20,2019,Q4,QLAB Advanced Quantification Software,Philips Healthcare,Radiology,QIH,1,QLAB Advanced Quantification Software,Philips Health Care,2019-06-20,183,SESE,Substantially Equivalent,Traditional,N,,,,1,Automated Radiological Image Processing Software,2,892.2050,RA,Radiology,RA,N,N,N,N,Ineligible,0,0,0,0,,,,0,exact_submission_number_only,2026-07-31,https://www.fda.gov/medical-devices/software-medical-device-samd/artificial-intelligence-enabled-medical-devices
K192383,510(k),2019-12-20,2019,Q4,BriefCase,"Aidoc Medical, Ltd.",Radiology,QAS,1,BriefCase,"Aidoc Medical , Ltd.",2019-08-30,112,SESE,Substantially Equivalent,Traditional,N,,,,1,Radiological Computer-Assisted Triage And Notification Software,2,892.2080,RA,Radiology,RA,N,N,N,N,Ineligible,0,0,0,0,,,,0,exact_submission_number_only,2026-07-31,https://www.fda.gov/medical-devices/software-medical-device-samd/artificial-intelligence-enabled-medical-devices
K192763,510(k),2019-12-17,2019,Q4,syngo.CT CaScoring,"Siemens Medical Solutions USA, Inc.",Radiology,JAK,1,syngo.CT CaScoring,"Siemens Medical Solutions USA, Inc.",2019-09-30,78,SESE,Substantially Equivalent,Traditional,N,,,,1,"System, X-Ray, Tomography, Computed",2,892.1750,RA,Radiology,RA,N,N,N,Y,Eligible,0,0,0,0,,,,0,exact_submission_number_only,2026-07-31,https://www.fda.gov/medical-devices/software-medical-device-samd/artificial-intelligence-enabled-medical-devices
K192130,510(k),2019-12-13,2019,Q4,Icobrain,Icometrix NV,Radiology,LLZ,1,Icobrain,Icometrix NV,2019-08-07,128,SESE,Substantially Equivalent,Traditional,N,,,,1,"System, Image Processing, Radiological",2,892.2050,RA,Radiology,RA,N,N,N,Y,Eligible,0,0,0,0,,,,0,exact_submission_number_only,2026-07-31,https://www.fda.gov/medical-devices/software-medical-device-samd/artificial-intelligence-enabled-medical-devices
K192531,510(k),2019-12-13,2019,Q4,QyScore Software,Qynapse,Radiology,LLZ,1,QyScore Software,Qynapse,2019-09-16,88,SESE,Substantially Equivalent,Traditional,N,,,,1,"System, Image Processing, Radiological",2,892.2050,RA,Radiology,RA,N,N,N,Y,Eligible,0,0,0,0,,,,0,exact_submission_number_only,2026-07-31,https://www.fda.gov/medical-devices/software-medical-device-samd/artificial-intelligence-enabled-medical-devices
K193170,510(k),2019-12-13,2019,Q4,Deep Learning Image Reconstruction,GE Healthcare Japan Corporation,Radiology,JAK,1,Deep Learning Image Reconstruction,Ge Healthcare Japan Corporation,2019-11-15,28,SESE,Substantially Equivalent,Special,N,,,,1,"System, X-Ray, Tomography, Computed",2,892.1750,RA,Radiology,RA,N,N,N,Y,Eligible,0,0,0,0,,,,0,exact_submission_number_only,2026-07-31,https://www.fda.gov/medical-devices/software-medical-device-samd/artificial-intelligence-enabled-medical-devices
K192571,510(k),2019-12-11,2019,Q4,NemoScan,Software Nemotec S.L.,Radiology,LLZ,1,NemoScan,Software Nemotec S.L.,2019-09-18,84,SESE,Substantially Equivalent,Traditional,N,,,,1,"System, Image Processing, Radiological",2,892.2050,RA,Radiology,RA,N,N,N,Y,Eligible,0,0,0,0,,,,0,exact_submission_number_only,2026-07-31,https://www.fda.gov/medical-devices/software-medical-device-samd/artificial-intelligence-enabled-medical-devices
K192287,510(k),2019-12-10,2019,Q4,Transpara,Screenpoint Medical B.V.,Radiology,QDQ,1,Transpara,Screenpoint Medical B.V.,2019-08-22,110,SESE,Substantially Equivalent,Traditional,N,,,,1,Radiological Computer Assisted Detection/Diagnosis Software For Lesions Suspicious For Cancer,2,892.2090,RA,Radiology,RA,N,N,N,N,Ineligible,0,0,0,0,,,,0,exact_submission_number_only,2026-07-31,https://www.fda.gov/medical-devices/software-medical-device-samd/artificial-intelligence-enabled-medical-devices
K192442,510(k),2019-12-09,2019,Q4,FFRangio,CathWorks Ltd,Cardiovascular,QEK,1,FFRangio,"Cathworks, Ltd.",2019-09-06,94,SESE,Substantially Equivalent,Special,N,,,,1,Angiographic Coronary Vascular Physiologic Simulation Software,2,870.1415,CV,Cardiovascular,CV,N,N,N,N,Ineligible,0,0,0,0,,,,0,exact_submission_number_only,2026-07-31,https://www.fda.gov/medical-devices/software-medical-device-samd/artificial-intelligence-enabled-medical-devices
K192279,510(k),2019-12-07,2019,Q4,PhantomMSK Trauma,OrthoGrid Systems Inc.,Radiology,LLZ,1,PhantomMSK Trauma,"OrthoGrid Systems, Inc.",2019-08-22,107,SESE,Substantially Equivalent,Traditional,N,,,,1,"System, Image Processing, Radiological",2,892.2050,RA,Radiology,RA,N,N,N,Y,Eligible,0,0,0,0,,,,0,exact_submission_number_only,2026-07-31,https://www.fda.gov/medical-devices/software-medical-device-samd/artificial-intelligence-enabled-medical-devices
K192945,510(k),2019-11-27,2019,Q4,7D Surgical System Cranial Biopsy and Ventricular Catheter Placement Application,7D Surgical Inc.,Neurology,HAW,1,7D Surgical System Cranial Biopsy and Ventricular Catheter Placement Application,"7D Surgical, Inc.",2019-10-18,40,SESE,Substantially Equivalent,Special,N,,,,1,Neurological Stereotaxic Instrument,2,882.4560,NE,Neurology,NE,N,N,N,N,Ineligible,0,0,0,0,,,,0,exact_submission_number_only,2026-07-31,https://www.fda.gov/medical-devices/software-medical-device-samd/artificial-intelligence-enabled-medical-devices
K192320,510(k),2019-11-26,2019,Q4,HealthCXR,"Zebra Medical Vision, Ltd.",Radiology,QFM,1,HealthCXR,"Zebra Medical Vision, Ltd.",2019-08-26,92,SESE,Substantially Equivalent,Traditional,N,,,,1,Radiological Computer-Assisted Prioritization Software For Lesions,2,892.2080,RA,Radiology,RA,N,N,N,N,Ineligible,0,0,0,0,,,,0,exact_submission_number_only,2026-07-31,https://www.fda.gov/medical-devices/software-medical-device-samd/artificial-intelligence-enabled-medical-devices
K190529,510(k),2019-11-25,2019,Q4,SOZO,ImpediMed Limited,Cardiovascular,QJB,1,SOZO,ImpediMed Limited,2019-03-04,266,SESE,Substantially Equivalent,Traditional,N,,,,1,"Adjunct Monitor, Protein Calorie Malnutrition",2,870.2770,CV,Cardiovascular,GU,N,N,N,N,Ineligible,0,0,0,0,,,,0,exact_submission_number_only,2026-07-31,https://www.fda.gov/medical-devices/software-medical-device-samd/artificial-intelligence-enabled-medical-devices
K191278,510(k),2019-11-19,2019,Q4,RSI-MRI+,MultiModal Imaging Services Corporation (dba HealthLytix),Radiology,LLZ,1,RSI-MRI+,Multimodal Imaging Services Corporation (Dba Healthlytix),2019-05-13,190,SESE,Substantially Equivalent,Traditional,N,,,,1,"System, Image Processing, Radiological",2,892.2050,RA,Radiology,RA,N,N,N,Y,Eligible,0,0,0,0,,,,0,exact_submission_number_only,2026-07-31,https://www.fda.gov/medical-devices/software-medical-device-samd/artificial-intelligence-enabled-medical-devices
K191171,510(k),2019-11-13,2019,Q4,EchoGo Core,Ultromics Ltd,Radiology,QIH,1,EchoGo Core,"Ultromics, Ltd.",2019-05-01,196,SESE,Substantially Equivalent,Traditional,N,,,,1,Automated Radiological Image Processing Software,2,892.2050,RA,Radiology,RA,N,N,N,N,Ineligible,0,0,0,0,,,,0,exact_submission_number_only,2026-07-31,https://www.fda.gov/medical-devices/software-medical-device-samd/artificial-intelligence-enabled-medical-devices
K191026,510(k),2019-11-07,2019,Q4,MEDIP PRO,"MEDICALIP Co., Ltd",Radiology,LLZ,1,MEDIP PRO,"Medical IP Co., Ltd.",2019-04-18,203,SESE,Substantially Equivalent,Traditional,N,,,,1,"System, Image Processing, Radiological",2,892.2050,RA,Radiology,RA,N,N,N,Y,Eligible,0,0,0,0,,,,0,exact_submission_number_only,2026-07-31,https://www.fda.gov/medical-devices/software-medical-device-samd/artificial-intelligence-enabled-medical-devices
K190868,510(k),2019-11-05,2019,Q4,Cleerly Labs,Cleerly Inc,Radiology,LLZ,1,Cleerly Labs,"Cleerly, Inc.",2019-04-03,216,SESE,Substantially Equivalent,Traditional,N,,,,1,"System, Image Processing, Radiological",2,892.2050,RA,Radiology,RA,N,N,N,Y,Eligible,0,0,0,0,,,,0,exact_submission_number_only,2026-07-31,https://www.fda.gov/medical-devices/software-medical-device-samd/artificial-intelligence-enabled-medical-devices
K192109,510(k),2019-11-05,2019,Q4,KOALA,IB Lab GmbH,Radiology,LLZ,1,KOALA,Ib Lab GmbH,2019-08-05,92,SESE,Substantially Equivalent,Traditional,N,,,,1,"System, Image Processing, Radiological",2,892.2050,RA,Radiology,RA,N,N,N,Y,Eligible,0,0,0,0,,,,0,exact_submission_number_only,2026-07-31,https://www.fda.gov/medical-devices/software-medical-device-samd/artificial-intelligence-enabled-medical-devices
K190013,510(k),2019-11-04,2019,Q4,WellDoc BlueStar,"WellDoc, Inc.",General Hospital,MRZ,1,WellDoc BlueStar,"Welldoc, Inc.",2019-01-03,305,SESE,Substantially Equivalent,Traditional,N,,,,1,"Accessories, Pump, Infusion",2,880.5725,HO,General Hospital,HO,N,N,N,N,Eligible,0,0,0,0,,,,0,exact_submission_number_only,2026-07-31,https://www.fda.gov/medical-devices/software-medical-device-samd/artificial-intelligence-enabled-medical-devices
K190334,510(k),2019-11-01,2019,Q4,MIMOSA Imager,MIMOSA Diagnostics Inc,Cardiovascular,MUD,1,MIMOSA Imager,"Mimosa Diagnostics, Inc.",2019-02-14,260,SESE,Substantially Equivalent,Traditional,N,,,,1,"Oximeter, Tissue Saturation",2,870.2700,CV,Cardiovascular,SU,N,N,N,Y,Eligible,0,0,0,0,,,,0,exact_submission_number_only,2026-07-31,https://www.fda.gov/medical-devices/software-medical-device-samd/artificial-intelligence-enabled-medical-devices
K190898,510(k),2019-11-01,2019,Q4,Sight OLO,Sight Diagnostics Ltd.,Hematology,GKZ,1,Sight OLO,"Sight Diagnostics , Ltd.",2019-04-05,210,SESE,Substantially Equivalent,Traditional,N,,,,1,"Counter, Differential Cell",2,864.5220,HE,Hematology,HE,N,N,N,N,Ineligible,4,4,3,1,2021-03-17,2024-05-13,502.0,1,exact_submission_number_only,2026-07-31,https://www.fda.gov/medical-devices/software-medical-device-samd/artificial-intelligence-enabled-medical-devices
K183274,510(k),2019-10-18,2019,Q4,"RTHawk, HeartVista Cardiac Package","HeartVista, Inc.",Radiology,LNH,1,"RTHawk, HeartVista Cardiac Package","Heartvista, Inc.",2018-11-23,329,SESE,Substantially Equivalent,Traditional,N,,,,1,"System, Nuclear Magnetic Resonance Imaging",2,892.1000,RA,Radiology,RA,N,N,N,Y,Eligible,0,0,0,0,,,,0,exact_submission_number_only,2026-07-31,https://www.fda.gov/medical-devices/software-medical-device-samd/artificial-intelligence-enabled-medical-devices
K192455,510(k),2019-10-17,2019,Q4,Merge PACS,Merge Healthcare Incorporated,Radiology,LLZ,1,Merge PACS,Merge Healthcare Incorporated,2019-09-09,38,SESE,Substantially Equivalent,Traditional,N,,,,1,"System, Image Processing, Radiological",2,892.2050,RA,Radiology,RA,N,N,N,Y,Eligible,1,1,0,1,2020-08-06,2020-08-06,294.0,1,exact_submission_number_only,2026-07-31,https://www.fda.gov/medical-devices/software-medical-device-samd/artificial-intelligence-enabled-medical-devices
K191493,510(k),2019-10-16,2019,Q4,Ventripoint Medical System Plus (VMS+) 3.0,"Ventripoint Diagnostics, Ltd.",Radiology,LLZ,1,Ventripoint Medical System Plus (VMS+) 3.0,"Ventripoint Diagnostics , Ltd.",2019-06-05,133,SESE,Substantially Equivalent,Traditional,N,,,,1,"System, Image Processing, Radiological",2,892.2050,RA,Radiology,RA,N,N,N,Y,Eligible,0,0,0,0,,,,0,exact_submission_number_only,2026-07-31,https://www.fda.gov/medical-devices/software-medical-device-samd/artificial-intelligence-enabled-medical-devices
K191713,510(k),2019-10-04,2019,Q4,CS-series-FP Radiographic / Fluoroscopic Systems with Optional CA-100S / FluoroShield™ (ROI Assembly),"Omega Medical Imaging, LLC",Radiology,JAA,1,CS-series-FP Radiographic / Fluoroscopic Systems with Optional CA-100S / FluoroShield™ (ROI Assembly),"Omega Medical Imaging, LLC",2019-06-26,100,SESE,Substantially Equivalent,Traditional,N,,,,1,"System, X-Ray, Fluoroscopic, Image-Intensified",2,892.1650,RA,Radiology,RA,N,N,N,Y,Eligible,0,0,0,0,,,,0,exact_submission_number_only,2026-07-31,https://www.fda.gov/medical-devices/software-medical-device-samd/artificial-intelligence-enabled-medical-devices
K191994,510(k),2019-10-04,2019,Q4,ProFound AI Software V2.1,iCAD Inc.,Radiology,QDQ,1,ProFound AI Software V2.1,"Icad, Inc.",2019-07-26,70,SESE,Substantially Equivalent,Traditional,N,,,,1,Radiological Computer Assisted Detection/Diagnosis Software For Lesions Suspicious For Cancer,2,892.2090,RA,Radiology,RA,N,N,N,N,Ineligible,0,0,0,0,,,,0,exact_submission_number_only,2026-07-31,https://www.fda.gov/medical-devices/software-medical-device-samd/artificial-intelligence-enabled-medical-devices
K192065,510(k),2019-09-18,2019,Q3,Syngo.Via RT Image Suite,"Siemens Medical Solutions USA, Inc.",Radiology,MUJ,1,Syngo.Via RT Image Suite,"Siemens Medical Solutions USA, Inc.",2019-08-01,48,SESE,Substantially Equivalent,Traditional,N,,,,1,"System, Planning, Radiation Therapy Treatment",2,892.5050,RA,Radiology,RA,N,N,N,N,Eligible,2,2,0,2,2020-06-24,2020-08-19,280.0,1,exact_submission_number_only,2026-07-31,https://www.fda.gov/medical-devices/software-medical-device-samd/artificial-intelligence-enabled-medical-devices
K191688,510(k),2019-09-16,2019,Q3,SubtleMR,"Subtle Medical, Inc.",Radiology,LLZ,1,SubtleMR,"Subtle Medical, Inc.",2019-06-24,84,SESE,Substantially Equivalent,Traditional,N,,,,1,"System, Image Processing, Radiological",2,892.2050,RA,Radiology,RA,N,N,N,Y,Eligible,0,0,0,0,,,,0,exact_submission_number_only,2026-07-31,https://www.fda.gov/medical-devices/software-medical-device-samd/artificial-intelligence-enabled-medical-devices
K192304,510(k),2019-09-13,2019,Q3,SIS Software Version 3.6.0,"Surgical Information Sciences, Inc.",Radiology,LLZ,1,SIS Software Version 3.6.0,"Surgical Information Sciences, Inc.",2019-08-23,21,SESE,Substantially Equivalent,Special,N,,,,1,"System, Image Processing, Radiological",2,892.2050,RA,Radiology,RA,N,N,N,Y,Eligible,0,0,0,0,,,,0,exact_submission_number_only,2026-07-31,https://www.fda.gov/medical-devices/software-medical-device-samd/artificial-intelligence-enabled-medical-devices
K183370,510(k),2019-09-11,2019,Q3,PeraMobile and PeraWatch,"PeraHealth, Inc.",Cardiovascular,MWI,1,PeraMobile and PeraWatch,"Perahealth, Inc.",2018-12-04,281,SESE,Substantially Equivalent,Traditional,N,,,,1,"Monitor, Physiological, Patient (Without Arrhythmia Detection Or Alarms)",2,870.2300,CV,Cardiovascular,CV,N,N,N,Y,Eligible,0,0,0,0,,,,0,exact_submission_number_only,2026-07-31,https://www.fda.gov/medical-devices/software-medical-device-samd/artificial-intelligence-enabled-medical-devices
K190815,510(k),2019-09-11,2019,Q3,BrainScope TBI,"BrainScope Company, Inc.",Neurology,PIW,1,BrainScope TBI,"Brainscope Company, Inc.",2019-03-29,166,SESE,Substantially Equivalent,Traditional,N,,,,1,Brain Injury Adjunctive Interpretive Electroencephalograph Assessment Aid,2,882.1450,NE,Neurology,NE,N,N,N,N,Eligible,0,0,0,0,,,,0,exact_submission_number_only,2026-07-31,https://www.fda.gov/medical-devices/software-medical-device-samd/artificial-intelligence-enabled-medical-devices
K183268,510(k),2019-09-10,2019,Q3,AI-Rad Companion (Cardiovascular),"Siemens Medical Solutions USA, Inc.",Radiology,JAK,1,AI-Rad Companion (Cardiovascular),"Siemens Medical Solutions USA, Inc.",2018-11-23,291,SESE,Substantially Equivalent,Traditional,N,,,,1,"System, X-Ray, Tomography, Computed",2,892.1750,RA,Radiology,RA,N,N,N,Y,Eligible,0,0,0,0,,,,0,exact_submission_number_only,2026-07-31,https://www.fda.gov/medical-devices/software-medical-device-samd/artificial-intelligence-enabled-medical-devices
K191179,510(k),2019-09-04,2019,Q3,Myo Plus,Otto Bock Healthcare Products GmbH,Neurology,GXY,1,Myo Plus,Otto Bock Healthcare Products GmbH,2019-05-02,125,SESE,Substantially Equivalent,Traditional,N,,,,1,"Electrode, Cutaneous",2,882.1320,NE,Neurology,NE,N,N,N,Y,Ineligible,0,0,0,0,,,,0,exact_submission_number_only,2026-07-31,https://www.fda.gov/medical-devices/software-medical-device-samd/artificial-intelligence-enabled-medical-devices
K183489,510(k),2019-08-29,2019,Q3,D2P,"3D Systems, Inc.",Radiology,LLZ,1,D2P,"3D Systems, Inc.",2018-12-17,255,SESE,Substantially Equivalent,Traditional,N,,,,1,"System, Image Processing, Radiological",2,892.2050,RA,Radiology,RA,N,N,N,Y,Eligible,0,0,0,0,,,,0,exact_submission_number_only,2026-07-31,https://www.fda.gov/medical-devices/software-medical-device-samd/artificial-intelligence-enabled-medical-devices
K192107,510(k),2019-08-29,2019,Q3,Clarius Ultrasound Scanner,Clarius Mobile Health Corp.,Radiology,IYN,1,Clarius Ultrasound Scanner,Clarius Mobile Health Corp.,2019-08-05,24,SESE,Substantially Equivalent,Abbreviated,Y,,,,1,"System, Imaging, Pulsed Doppler, Ultrasonic",2,892.1550,RA,Radiology,RA,N,N,N,Y,Eligible,0,0,0,0,,,,0,exact_submission_number_only,2026-07-31,https://www.fda.gov/medical-devices/software-medical-device-samd/artificial-intelligence-enabled-medical-devices
K190593,510(k),2019-08-23,2019,Q3,"Zio XT ECG Monitoring System, Zio AT ECG Monitoring System","iRhythm Technologies, Inc.",Cardiovascular,DQK,1,"Zio XT ECG Monitoring System, Zio AT ECG Monitoring System","iRhythm Technologies, Inc.",2019-03-07,169,SESE,Substantially Equivalent,Traditional,N,,,,1,"Computer, Diagnostic, Programmable",2,870.1425,CV,Cardiovascular,CV,N,N,N,Y,Eligible,0,0,0,0,,,,0,exact_submission_number_only,2026-07-31,https://www.fda.gov/medical-devices/software-medical-device-samd/artificial-intelligence-enabled-medical-devices
K183282,510(k),2019-08-15,2019,Q3,Biovitals Analytics Engine,Biofourmis Singapore Pte. Ltd,Cardiovascular,PLB,1,Biovitals Analytics Engine,"Biofourmis Singapore Pte., Ltd.",2018-11-26,262,SESE,Substantially Equivalent,Traditional,N,,,,1,Multivariate Vital Signs Index,2,870.2300,CV,Cardiovascular,CV,N,N,N,N,Eligible,0,0,0,0,,,,0,exact_submission_number_only,2026-07-31,https://www.fda.gov/medical-devices/software-medical-device-samd/artificial-intelligence-enabled-medical-devices
K190925,510(k),2019-08-15,2019,Q3,HeartFlow FFRct Analysis,"HeartFlow, Inc.",Cardiovascular,PJA,1,HeartFlow FFRct Analysis,"HeartFlow, Inc.",2019-04-09,128,SESE,Substantially Equivalent,Traditional,N,,,,1,Coronary Vascular Physiologic Simulation Software,2,870.1415,CV,Cardiovascular,CV,N,N,N,N,Ineligible,0,0,0,0,,,,0,exact_submission_number_only,2026-07-31,https://www.fda.gov/medical-devices/software-medical-device-samd/artificial-intelligence-enabled-medical-devices
K183182,510(k),2019-08-12,2019,Q3,Critical Care Suite,"GE Medical Systems, LLC.",Radiology,QFM,1,Critical Care Suite,"Ge Medical Systems, LLC",2018-11-19,266,SESE,Substantially Equivalent,Traditional,N,,,,1,Radiological Computer-Assisted Prioritization Software For Lesions,2,892.2080,RA,Radiology,RA,N,N,N,N,Ineligible,0,0,0,0,,,,0,exact_submission_number_only,2026-07-31,https://www.fda.gov/medical-devices/software-medical-device-samd/artificial-intelligence-enabled-medical-devices
K191262,510(k),2019-08-05,2019,Q3,aBSI,EXINI Diagnostics AB,Radiology,LLZ,1,aBSI,Exini Diagnostics AB,2019-05-10,87,SESE,Substantially Equivalent,Traditional,N,,,,1,"System, Image Processing, Radiological",2,892.2050,RA,Radiology,RA,N,N,N,Y,Eligible,0,0,0,0,,,,0,exact_submission_number_only,2026-07-31,https://www.fda.gov/medical-devices/software-medical-device-samd/artificial-intelligence-enabled-medical-devices
K191183,510(k),2019-07-31,2019,Q3,EyeBOX,"Oculogica, Inc.",Neurology,QEA,1,EyeBOX,"Oculogica, Inc.",2019-05-02,90,SESE,Substantially Equivalent,Traditional,N,,,,1,Brain Injury Adjunctive Interpretive Oculomotor Assessment Aid,2,882.1455,NE,Neurology,NE,N,N,N,N,Ineligible,0,0,0,0,,,,0,exact_submission_number_only,2026-07-31,https://www.fda.gov/medical-devices/software-medical-device-samd/artificial-intelligence-enabled-medical-devices
K182384,510(k),2019-07-26,2019,Q3,ACR  LAB Urine Analysis Test System,Healthy.io Ltd,Clinical Chemistry,JFY,1,ACR  LAB Urine Analysis Test System,"Healthy.Io, Ltd.",2018-08-31,329,SESE,Substantially Equivalent,Traditional,N,,,,1,"Enzymatic Method, Creatinine",2,862.1225,CH,Clinical Chemistry,CH,N,N,N,Y,Eligible,0,0,0,0,,,,0,exact_submission_number_only,2026-07-31,https://www.fda.gov/medical-devices/software-medical-device-samd/artificial-intelligence-enabled-medical-devices
K183271,510(k),2019-07-26,2019,Q3,AI-Rad Companion (Pulmonary),"Siemens Medical Solutions USA, Inc.",Radiology,JAK,1,AI-Rad Companion (Pulmonary),"Siemens Medical Solutions USA, Inc.",2018-11-23,245,SESE,Substantially Equivalent,Traditional,N,,,,1,"System, X-Ray, Tomography, Computed",2,892.1750,RA,Radiology,RA,N,N,N,Y,Eligible,0,0,0,0,,,,0,exact_submission_number_only,2026-07-31,https://www.fda.gov/medical-devices/software-medical-device-samd/artificial-intelligence-enabled-medical-devices
K182798,510(k),2019-07-19,2019,Q3,KIDScore D3,Vitrolife A/S,Obstetrics and Gynecology,PBH,1,KIDScore D3,Vitrolife A/S,2018-10-02,290,SESE,Substantially Equivalent,Traditional,N,,,,1,"Embryo Image Assessment System, Assisted Reproduction",2,884.6195,OB,Obstetrics/Gynecology,OB,N,N,N,N,Eligible,0,0,0,0,,,,0,exact_submission_number_only,2026-07-31,https://www.fda.gov/medical-devices/software-medical-device-samd/artificial-intelligence-enabled-medical-devices
K191370,510(k),2019-07-18,2019,Q3,DreaMed Advisor Pro,DreaMed Diabetes Ltd,Clinical Chemistry,QCC,1,DreaMed Advisor Pro,"DreaMed Diabetes, Ltd.",2019-05-22,57,SESE,Substantially Equivalent,Traditional,N,,,,1,Insulin Pump Therapy Adjustment Calculator For Healthcare Professionals,2,862.1358,CH,Clinical Chemistry,CH,N,N,N,N,Ineligible,0,0,0,0,,,,0,exact_submission_number_only,2026-07-31,https://www.fda.gov/medical-devices/software-medical-device-samd/artificial-intelligence-enabled-medical-devices
K191585,510(k),2019-07-12,2019,Q3,iNtuition-Structural Heart Module,TeraRecon Inc.,Radiology,LLZ,1,iNtuition-Structural Heart Module,"Terarecon,Inc.",2019-06-14,28,SESE,Substantially Equivalent,Traditional,N,,,,1,"System, Image Processing, Radiological",2,892.2050,RA,Radiology,RA,N,N,N,Y,Eligible,0,0,0,0,,,,0,exact_submission_number_only,2026-07-31,https://www.fda.gov/medical-devices/software-medical-device-samd/artificial-intelligence-enabled-medical-devices
K182875,510(k),2019-07-10,2019,Q3,DeepCT,Deep01 Limited,Radiology,QAS,1,DeepCT,Deep01 Limited,2018-10-12,271,SESE,Substantially Equivalent,Traditional,N,,,,1,Radiological Computer-Assisted Triage And Notification Software,2,892.2080,RA,Radiology,RA,N,N,N,N,Ineligible,0,0,0,0,,,,0,exact_submission_number_only,2026-07-31,https://www.fda.gov/medical-devices/software-medical-device-samd/artificial-intelligence-enabled-medical-devices
K183322,510(k),2019-07-10,2019,Q3,physIQ Heart Rhythm and Respiratory Module,"physIQ, Inc",Cardiovascular,DPS,1,physIQ Heart Rhythm and Respiratory Module,"Physiq, Inc.",2018-11-30,222,SESE,Substantially Equivalent,Traditional,N,,,,1,Electrocardiograph,2,870.2340,CV,Cardiovascular,CV,N,N,N,Y,Eligible,0,0,0,0,,,,0,exact_submission_number_only,2026-07-31,https://www.fda.gov/medical-devices/software-medical-device-samd/artificial-intelligence-enabled-medical-devices
K191384,510(k),2019-07-08,2019,Q3,RayCare 2.3,RaySearch Laboratories AB (publ),Radiology,MUJ,1,RayCare 2.3,RaySearch Laboratories AB (PUBL),2019-05-23,46,SESE,Substantially Equivalent,Traditional,N,,,,1,"System, Planning, Radiation Therapy Treatment",2,892.5050,RA,Radiology,RA,N,N,N,N,Eligible,0,0,0,0,,,,0,exact_submission_number_only,2026-07-31,https://www.fda.gov/medical-devices/software-medical-device-samd/artificial-intelligence-enabled-medical-devices
K182901,510(k),2019-07-05,2019,Q3,Aquilion Precision (TSX-304A/1 and /2) V8.8 with AiCE,Canon Medical Systems Corporation,Radiology,JAK,1,Aquilion Precision (TSX-304A/1 and /2) V8.8 with AiCE,Canon Medical Systems Corporation,2018-10-16,262,SESE,Substantially Equivalent,Traditional,N,,,,1,"System, X-Ray, Tomography, Computed",2,892.1750,RA,Radiology,RA,N,N,N,Y,Eligible,0,0,0,0,,,,0,exact_submission_number_only,2026-07-31,https://www.fda.gov/medical-devices/software-medical-device-samd/artificial-intelligence-enabled-medical-devices
K190442,510(k),2019-07-03,2019,Q3,Koios DS for Breast,"Koios Medical, Inc.",Radiology,POK,1,Koios DS for Breast,"Koios Medical, Inc.",2019-02-25,128,SESE,Substantially Equivalent,Traditional,N,,,,1,Computer-Assisted Diagnostic Software For Lesions Suspicious For Cancer,2,892.2060,RA,Radiology,RA,N,N,N,N,Eligible,0,0,0,0,,,,0,exact_submission_number_only,2026-07-31,https://www.fda.gov/medical-devices/software-medical-device-samd/artificial-intelligence-enabled-medical-devices
K190017,510(k),2019-06-27,2019,Q2,LiverMultiScan (LMSv3),Perspectum Diagnostics Ltd,Radiology,LNH,1,LiverMultiScan (LMSv3),"Perspectum Diagnostics, Ltd.",2019-01-03,175,SESE,Substantially Equivalent,Traditional,N,,,,1,"System, Nuclear Magnetic Resonance Imaging",2,892.1000,RA,Radiology,RA,N,N,N,Y,Eligible,0,0,0,0,,,,0,exact_submission_number_only,2026-07-31,https://www.fda.gov/medical-devices/software-medical-device-samd/artificial-intelligence-enabled-medical-devices
K191194,510(k),2019-06-25,2019,Q2,CLARUS,"Carl Zeiss Meditec, Inc",Ophthalmic,QER,1,CLARUS,"Carl Zeiss Meditec, Inc.",2019-05-03,53,SESE,Substantially Equivalent,Traditional,N,,,,1,"Camera, Ophthalmic, Slit-Scanning",2,886.1120,OP,Ophthalmic,OP,N,N,N,Y,Ineligible,0,0,0,0,,,,0,exact_submission_number_only,2026-07-31,https://www.fda.gov/medical-devices/software-medical-device-samd/artificial-intelligence-enabled-medical-devices
K190387,510(k),2019-06-19,2019,Q2,RayStation,RaySearch Laboratories AB (publ),Radiology,MUJ,1,RayStation,RaySearch Laboratories AB (PUBL),2019-02-19,120,SESE,Substantially Equivalent,Traditional,N,,,,1,"System, Planning, Radiation Therapy Treatment",2,892.5050,RA,Radiology,RA,N,N,N,N,Eligible,32,11,8,24,2019-11-18,2025-08-08,152.0,1,exact_submission_number_only,2026-07-31,https://www.fda.gov/medical-devices/software-medical-device-samd/artificial-intelligence-enabled-medical-devices
K183460,510(k),2019-06-13,2019,Q2,ClariCT.AI,ClariPI Inc.,Radiology,LLZ,1,ClariCT.AI,"Claripi, Inc.",2018-12-13,182,SESE,Substantially Equivalent,Traditional,N,,,,1,"System, Image Processing, Radiological",2,892.2050,RA,Radiology,RA,N,N,N,Y,Eligible,0,0,0,0,,,,0,exact_submission_number_only,2026-07-31,https://www.fda.gov/medical-devices/software-medical-device-samd/artificial-intelligence-enabled-medical-devices
K190424,510(k),2019-06-13,2019,Q2,HealthICH,Zebra Medical Vision Ltd.,Radiology,QAS,1,HealthICH,"Zebra Medical Vision, Ltd.",2019-02-22,111,SESE,Substantially Equivalent,Traditional,N,,,,1,Radiological Computer-Assisted Triage And Notification Software,2,892.2080,RA,Radiology,RA,N,N,N,N,Ineligible,0,0,0,0,,,,0,exact_submission_number_only,2026-07-31,https://www.fda.gov/medical-devices/software-medical-device-samd/artificial-intelligence-enabled-medical-devices
K183046,510(k),2019-06-12,2019,Q2,Aquilion ONE (TSX-305A/6) V8.9 with AiCE,Canon Medical Systems Corporation,Radiology,JAK,1,Aquilion ONE (TSX-305A/6) V8.9 with AiCE,Canon Medical Systems Corporation,2018-11-02,222,SESE,Substantially Equivalent,Traditional,N,,,,1,"System, X-Ray, Tomography, Computed",2,892.1750,RA,Radiology,RA,N,N,N,Y,Eligible,0,0,0,0,,,,0,exact_submission_number_only,2026-07-31,https://www.fda.gov/medical-devices/software-medical-device-samd/artificial-intelligence-enabled-medical-devices
K190896,510(k),2019-05-31,2019,Q2,BriefCase,"Aidoc Medical, Ltd.",Radiology,QAS,1,BriefCase,"Aidoc Medical , Ltd.",2019-04-05,56,SESE,Substantially Equivalent,Traditional,N,,,,1,Radiological Computer-Assisted Triage And Notification Software,2,892.2080,RA,Radiology,RA,N,N,N,N,Ineligible,0,0,0,0,,,,0,exact_submission_number_only,2026-07-31,https://www.fda.gov/medical-devices/software-medical-device-samd/artificial-intelligence-enabled-medical-devices
K191083,510(k),2019-05-24,2019,Q2,COMPLETE CONTROL System Gen2,"Coapt, LLC",Neurology,GXY,1,COMPLETE CONTROL System Gen2,"Coapt, LLC",2019-04-24,30,SESE,Substantially Equivalent,Special,N,,,,1,"Electrode, Cutaneous",2,882.1320,NE,Neurology,NE,N,N,N,Y,Ineligible,0,0,0,0,,,,0,exact_submission_number_only,2026-07-31,https://www.fda.gov/medical-devices/software-medical-device-samd/artificial-intelligence-enabled-medical-devices
K183646,510(k),2019-05-21,2019,Q2,"Acumen Hypotension Prediction Index – EV1000 Clinical Platform, Acumen Hypotension Prediction Index – HemoSphere Advanced Monitoring Platform, Acumen Hypotension Prediction Index – HemoSphere Advanced Monitoring Platform - Pressure","Edwards Lifeciences, LLC",Cardiovascular,QAQ,1,"Acumen Hypotension Prediction Index – EV1000 Clinical Platform, Acumen Hypotension Prediction Index – HemoSphere Advanced Monitoring Platform, Acumen Hypotension Prediction Index – HemoSphere Advanced Monitoring Platform - Pressure","Edwards Lifeciences, LLC",2018-12-26,146,SESE,Substantially Equivalent,Traditional,N,,,,1,Adjunctive Predictive Cardiovascular Indicator,2,870.2210,CV,Cardiovascular,CV,N,N,N,N,Ineligible,0,0,0,0,,,,0,exact_submission_number_only,2026-07-31,https://www.fda.gov/medical-devices/software-medical-device-samd/artificial-intelligence-enabled-medical-devices
K183648,510(k),2019-05-15,2019,Q2,APAS Independence with Urine Analysis Module,Clever Culture Systems AG,Microbiology,PPU,1,APAS Independence with Urine Analysis Module,Clever Culture Systems AG,2018-12-26,140,SESE,Substantially Equivalent,Traditional,N,,,,1,Microbial Colony Image Assessment System,2,866.2190,MI,Microbiology,MI,N,N,N,Y,Eligible,0,0,0,0,,,,0,exact_submission_number_only,2026-07-31,https://www.fda.gov/medical-devices/software-medical-device-samd/artificial-intelligence-enabled-medical-devices
K190764,510(k),2019-05-13,2019,Q2,SurgicalAR,"MEDIVIS, Inc.",Radiology,LLZ,1,SurgicalAR,"Medivis, Inc.",2019-03-25,49,SESE,Substantially Equivalent,Traditional,N,,,,1,"System, Image Processing, Radiological",2,892.2050,RA,Radiology,RA,N,N,N,Y,Eligible,0,0,0,0,,,,0,exact_submission_number_only,2026-07-31,https://www.fda.gov/medical-devices/software-medical-device-samd/artificial-intelligence-enabled-medical-devices
K190362,510(k),2019-05-06,2019,Q2,HealthPNX,Zebra Medical Vision  Ltd.,Radiology,QFM,1,HealthPNX,"Zebra Medical Vision, Ltd.",2019-02-15,80,SESE,Substantially Equivalent,Traditional,N,,,,1,Radiological Computer-Assisted Prioritization Software For Lesions,2,892.2080,RA,Radiology,RA,N,N,N,N,Ineligible,0,0,0,0,,,,0,exact_submission_number_only,2026-07-31,https://www.fda.gov/medical-devices/software-medical-device-samd/artificial-intelligence-enabled-medical-devices
K182513,510(k),2019-04-22,2019,Q2,FluChip-8G Influenza A+B Assay,"InDevR, Inc.",Microbiology,OZE,1,FluChip-8G Influenza A+B Assay,"Indevr, Inc.",2018-09-12,222,SESE,Substantially Equivalent,Traditional,N,,,,1,Influenza A And Influenza B Multiplex Nucleic Acid Assay,2,866.3980,MI,Microbiology,MI,N,N,N,N,Ineligible,0,0,0,0,,,,0,exact_submission_number_only,2026-07-31,https://www.fda.gov/medical-devices/software-medical-device-samd/artificial-intelligence-enabled-medical-devices
K183593,510(k),2019-04-18,2019,Q2,Lung Vision System,Body Vision Medical Ltd.,Radiology,LLZ,1,Lung Vision System,"Bodyvision Medical , Ltd.",2018-12-21,118,SESE,Substantially Equivalent,Traditional,N,,,,1,"System, Image Processing, Radiological",2,892.2050,RA,Radiology,RA,N,N,N,Y,Eligible,0,0,0,0,,,,0,exact_submission_number_only,2026-07-31,https://www.fda.gov/medical-devices/software-medical-device-samd/artificial-intelligence-enabled-medical-devices
K181988,510(k),2019-04-17,2019,Q2,eMurmur ID,CSD Labs GmbH,Cardiovascular,DQD,1,eMurmur ID,Csd Labs GmbH,2018-07-25,266,SESE,Substantially Equivalent,Traditional,N,,,,1,"Stethoscope, Electronic",2,870.1875,CV,Cardiovascular,CV,N,N,N,Y,Eligible,0,0,0,0,,,,0,exact_submission_number_only,2026-07-31,https://www.fda.gov/medical-devices/software-medical-device-samd/artificial-intelligence-enabled-medical-devices
K190072,510(k),2019-04-15,2019,Q2,BriefCase,"Aidoc Medical, Ltd.",Radiology,QAS,1,BriefCase,"Aidoc Medical , Ltd.",2019-01-15,90,SESE,Substantially Equivalent,Traditional,N,,,,1,Radiological Computer-Assisted Triage And Notification Software,2,892.2080,RA,Radiology,RA,N,N,N,N,Ineligible,0,0,0,0,,,,0,exact_submission_number_only,2026-07-31,https://www.fda.gov/medical-devices/software-medical-device-samd/artificial-intelligence-enabled-medical-devices
K183202,510(k),2019-04-12,2019,Q2,Deep Learning Image Reconstruction,"GE Medical Systems, LLC.",Radiology,JAK,1,Deep Learning Image Reconstruction,"Ge Medical Systems, LLC",2018-11-19,144,SESE,Substantially Equivalent,Traditional,N,,,,1,"System, X-Ray, Tomography, Computed",2,892.1750,RA,Radiology,RA,N,N,N,Y,Eligible,0,0,0,0,,,,0,exact_submission_number_only,2026-07-31,https://www.fda.gov/medical-devices/software-medical-device-samd/artificial-intelligence-enabled-medical-devices
K183204,510(k),2019-04-08,2019,Q2,Bone VCAR (BVCAR),GE Medical Systems SCS,Radiology,JAK,1,Bone VCAR (BVCAR),GE Medical Systems SCS,2018-11-19,140,SESE,Substantially Equivalent,Traditional,N,,,,1,"System, X-Ray, Tomography, Computed",2,892.1750,RA,Radiology,RA,N,N,N,Y,Eligible,0,0,0,0,,,,0,exact_submission_number_only,2026-07-31,https://www.fda.gov/medical-devices/software-medical-device-samd/artificial-intelligence-enabled-medical-devices
K181352,510(k),2019-03-29,2019,Q1,Loop System,"Spry Health, Inc.",Cardiovascular,DQA,1,Loop System,"Spry Health, Inc.",2018-05-22,311,SESE,Substantially Equivalent,Traditional,N,,,,1,Oximeter,2,870.2700,CV,Cardiovascular,AN,N,N,N,N,Eligible,0,0,0,0,,,,0,exact_submission_number_only,2026-07-31,https://www.fda.gov/medical-devices/software-medical-device-samd/artificial-intelligence-enabled-medical-devices
K183019,510(k),2019-03-19,2019,Q1,SIS Software version 3.3.0,"Surgical Information Sciences, Inc.",Radiology,LLZ,1,SIS Software version 3.3.0,"Surgical Information Sciences, Inc.",2018-10-31,139,SESE,Substantially Equivalent,Traditional,N,,,,1,"System, Image Processing, Radiological",2,892.2050,RA,Radiology,RA,N,N,N,Y,Eligible,0,0,0,0,,,,0,exact_submission_number_only,2026-07-31,https://www.fda.gov/medical-devices/software-medical-device-samd/artificial-intelligence-enabled-medical-devices
K181823,510(k),2019-03-11,2019,Q1,KardiaAI,"AliveCor, Inc.",Cardiovascular,DQK,1,KardiaAI,"AliveCor, Inc.",2018-07-09,245,SESE,Substantially Equivalent,Traditional,N,,,,1,"Computer, Diagnostic, Programmable",2,870.1425,CV,Cardiovascular,CV,N,N,N,Y,Eligible,0,0,0,0,,,,0,exact_submission_number_only,2026-07-31,https://www.fda.gov/medical-devices/software-medical-device-samd/artificial-intelligence-enabled-medical-devices
K183285,510(k),2019-03-08,2019,Q1,cmTriage,"CureMetrix, Inc",Radiology,QFM,1,cmTriage,"Curemetrix, Inc.",2018-11-26,102,SESE,Substantially Equivalent,Traditional,N,,,,1,Radiological Computer-Assisted Prioritization Software For Lesions,2,892.2080,RA,Radiology,RA,N,N,N,N,Ineligible,0,0,0,0,,,,0,exact_submission_number_only,2026-07-31,https://www.fda.gov/medical-devices/software-medical-device-samd/artificial-intelligence-enabled-medical-devices
K182344,510(k),2019-03-07,2019,Q1,RhythmAnalytics,Biofourmis Singapore Pte. Ltd.,Cardiovascular,DQK,1,RhythmAnalytics,"Biofourmis Singapore Pte., Ltd.",2018-08-28,191,SESE,Substantially Equivalent,Traditional,N,,,,1,"Computer, Diagnostic, Programmable",2,870.1425,CV,Cardiovascular,CV,N,N,N,Y,Eligible,0,0,0,0,,,,0,exact_submission_number_only,2026-07-31,https://www.fda.gov/medical-devices/software-medical-device-samd/artificial-intelligence-enabled-medical-devices
K183704,510(k),2019-02-16,2019,Q1,RX-1 Rhythm Express Remote Cardiac Monitoring System,VivaQuant Inc.,Cardiovascular,DXH,1,RX-1 Rhythm Express Remote Cardiac Monitoring System,"VivaQuant, Inc.",2018-12-31,47,SESE,Substantially Equivalent,Traditional,Y,,,,1,"Transmitters And Receivers, Electrocardiograph, Telephone",2,870.2920,CV,Cardiovascular,CV,N,N,N,Y,Eligible,0,0,0,0,,,,0,exact_submission_number_only,2026-07-31,https://www.fda.gov/medical-devices/software-medical-device-samd/artificial-intelligence-enabled-medical-devices
K181916,510(k),2019-02-04,2019,Q1,d-Nav System,"Hygieia, Inc",Anesthesiology,NDC,1,d-Nav System,"Hygieia, Inc.",2018-07-17,202,SESE,Substantially Equivalent,Traditional,N,,,,1,"Calculator, Drug Dose",2,868.1890,AN,Anesthesiology,CH,N,N,N,N,Eligible,0,0,0,0,,,,0,exact_submission_number_only,2026-07-31,https://www.fda.gov/medical-devices/software-medical-device-samd/artificial-intelligence-enabled-medical-devices
K183272,510(k),2019-02-01,2019,Q1,AI Rad Companion (Engine),"Siemens Medical Solutions USA, Inc.",Radiology,LLZ,1,AI Rad Companion (Engine),"Siemens Medical Solutions USA, Inc.",2018-11-23,70,SESE,Substantially Equivalent,Traditional,N,,,,1,"System, Image Processing, Radiological",2,892.2050,RA,Radiology,RA,N,N,N,Y,Eligible,0,0,0,0,,,,0,exact_submission_number_only,2026-07-31,https://www.fda.gov/medical-devices/software-medical-device-samd/artificial-intelligence-enabled-medical-devices
K183231,510(k),2019-01-18,2019,Q1,SIGNA Premier,"GE Medical Systems, LLC",Radiology,LNH,1,SIGNA Premier,"Ge Medical Systems, LLC",2018-11-20,59,SESE,Substantially Equivalent,Traditional,N,,,,1,"System, Nuclear Magnetic Resonance Imaging",2,892.1000,RA,Radiology,RA,N,N,N,Y,Eligible,7,7,6,1,2021-06-04,2026-02-27,868.0,1,exact_submission_number_only,2026-07-31,https://www.fda.gov/medical-devices/software-medical-device-samd/artificial-intelligence-enabled-medical-devices
K182456,510(k),2019-01-17,2019,Q1,Study Watch,Verily Life Sciences LLC,Cardiovascular,DXH,1,Study Watch,"Verily Life Sciences, LLC",2018-09-07,132,SESE,Substantially Equivalent,Traditional,N,,,,1,"Transmitters And Receivers, Electrocardiograph, Telephone",2,870.2920,CV,Cardiovascular,CV,N,N,N,Y,Eligible,0,0,0,0,,,,0,exact_submission_number_only,2026-07-31,https://www.fda.gov/medical-devices/software-medical-device-samd/artificial-intelligence-enabled-medical-devices
K183133,510(k),2019-01-09,2019,Q1,MRCP+ v1.0,Perspectum Diagnostics Ltd,Radiology,LLZ,1,MRCP+ v1.0,"Perspectum Diagnostics, Ltd.",2018-11-13,57,SESE,Substantially Equivalent,Traditional,N,,,,1,"System, Image Processing, Radiological",2,892.2050,RA,Radiology,RA,N,N,N,Y,Eligible,0,0,0,0,,,,0,exact_submission_number_only,2026-07-31,https://www.fda.gov/medical-devices/software-medical-device-samd/artificial-intelligence-enabled-medical-devices
DEN170091,De Novo,2018-12-28,2018,Q4,EyeBOX,"Oculogica, Inc.",Neurology,QEA,1,EyeBOX,"oculogica, inc.",2017-12-22,371,DENG,Granted,,,,Direct,N,1,Brain Injury Adjunctive Interpretive Oculomotor Assessment Aid,2,882.1455,NE,Neurology,NE,N,N,N,N,Ineligible,0,0,0,0,,,,0,exact_submission_number_only,2026-07-31,https://www.fda.gov/medical-devices/software-medical-device-samd/artificial-intelligence-enabled-medical-devices
K180867,510(k),2018-12-28,2018,Q4,AmCAD-UO,AmCad BioMed Corporation,Radiology,LLZ,1,AmCAD-UO,Amcad Biomed Corporation,2018-04-02,270,SESE,Substantially Equivalent,Traditional,N,,,,1,"System, Image Processing, Radiological",2,892.2050,RA,Radiology,RA,N,N,N,Y,Eligible,0,0,0,0,,,,0,exact_submission_number_only,2026-07-31,https://www.fda.gov/medical-devices/software-medical-device-samd/artificial-intelligence-enabled-medical-devices
K182130,510(k),2018-12-27,2018,Q4,iSchemaView RAPID,"iSchemaView, Inc.",Radiology,LLZ,1,iSchemaView RAPID,"Ischemaview, Inc.",2018-08-06,143,SESE,Substantially Equivalent,Traditional,N,,,,1,"System, Image Processing, Radiological",2,892.2050,RA,Radiology,RA,N,N,N,Y,Eligible,0,0,0,0,,,,0,exact_submission_number_only,2026-07-31,https://www.fda.gov/medical-devices/software-medical-device-samd/artificial-intelligence-enabled-medical-devices
K182564,510(k),2018-12-27,2018,Q4,Quantib ND,Quantib BV,Radiology,LLZ,1,Quantib ND,Quantib B.V.,2018-09-18,100,SESE,Substantially Equivalent,Traditional,N,,,,1,"System, Image Processing, Radiological",2,892.2050,RA,Radiology,RA,N,N,N,Y,Eligible,0,0,0,0,,,,0,exact_submission_number_only,2026-07-31,https://www.fda.gov/medical-devices/software-medical-device-samd/artificial-intelligence-enabled-medical-devices
K183012,510(k),2018-12-21,2018,Q4,vascuCAP,Elucid Bioimaging Inc.,Radiology,LLZ,1,vascuCAP,"Elucid Bioimaging, Inc.",2018-10-31,51,SESE,Substantially Equivalent,Traditional,N,,,,1,"System, Image Processing, Radiological",2,892.2050,RA,Radiology,RA,N,N,N,Y,Eligible,0,0,0,0,,,,0,exact_submission_number_only,2026-07-31,https://www.fda.gov/medical-devices/software-medical-device-samd/artificial-intelligence-enabled-medical-devices
K181861,510(k),2018-12-20,2018,Q4,Embrace,Empatica Srl,Neurology,POS,1,Embrace,Empatica S.r.l.,2018-07-12,161,SESE,Substantially Equivalent,Traditional,N,,,,1,Physiological Signal Based Seizure Monitoring System,2,882.1580,NE,Neurology,NE,N,N,N,N,Eligible,1,1,1,0,2023-07-13,2023-07-13,1666.0,1,exact_submission_number_only,2026-07-31,https://www.fda.gov/medical-devices/software-medical-device-samd/artificial-intelligence-enabled-medical-devices
K182149,510(k),2018-12-19,2018,Q4,FFRangio System,CathWorks Ltd,Cardiovascular,QEK,1,FFRangio System,"Cathworks, Ltd.",2018-08-08,133,SESE,Substantially Equivalent,Traditional,N,,,,1,Angiographic Coronary Vascular Physiologic Simulation Software,2,870.1415,CV,Cardiovascular,CV,N,N,N,N,Ineligible,0,0,0,0,,,,0,exact_submission_number_only,2026-07-31,https://www.fda.gov/medical-devices/software-medical-device-samd/artificial-intelligence-enabled-medical-devices
K182419,510(k),2018-12-14,2018,Q4,Centricity Universal Viewer,GE Healthcare,Radiology,LLZ,1,Centricity Universal Viewer,GE Healthcare,2018-09-05,100,SESE,Substantially Equivalent,Traditional,N,,,,1,"System, Image Processing, Radiological",2,892.2050,RA,Radiology,RA,N,N,N,Y,Eligible,8,8,4,4,2019-05-16,2026-01-30,153.0,1,exact_submission_number_only,2026-07-31,https://www.fda.gov/medical-devices/software-medical-device-samd/artificial-intelligence-enabled-medical-devices
K182790,510(k),2018-12-14,2018,Q4,Cardio-TriTest v6.5,Cardio-Phoenix Inc.,Cardiovascular,DPS,1,Cardio-TriTest v6.5,"Cardio-Phoenix, Inc.",2018-10-01,74,SESE,Substantially Equivalent,Special,N,,,,1,Electrocardiograph,2,870.2340,CV,Cardiovascular,CV,N,N,N,Y,Eligible,0,0,0,0,,,,0,exact_submission_number_only,2026-07-31,https://www.fda.gov/medical-devices/software-medical-device-samd/artificial-intelligence-enabled-medical-devices
K173749,510(k),2018-12-06,2018,Q4,AMRA Profiler,AMRA Medical AB,Radiology,LNH,1,AMRA Profiler,Amra Medical AB,2017-12-08,363,SESE,Substantially Equivalent,Traditional,N,,,,1,"System, Nuclear Magnetic Resonance Imaging",2,892.1000,RA,Radiology,RA,N,N,N,Y,Eligible,0,0,0,0,,,,0,exact_submission_number_only,2026-07-31,https://www.fda.gov/medical-devices/software-medical-device-samd/artificial-intelligence-enabled-medical-devices
K182035,510(k),2018-12-06,2018,Q4,FFRct,"HeartFlow, Inc",Cardiovascular,PJA,1,FFRct,"HeartFlow, Inc.",2018-07-30,129,SESE,Substantially Equivalent,Special,N,,,,1,Coronary Vascular Physiologic Simulation Software,2,870.1415,CV,Cardiovascular,CV,N,N,N,N,Ineligible,0,0,0,0,,,,0,exact_submission_number_only,2026-07-31,https://www.fda.gov/medical-devices/software-medical-device-samd/artificial-intelligence-enabled-medical-devices
K182373,510(k),2018-12-06,2018,Q4,PowerLook Tomo Detection V2 Software,iCAD Inc.,Radiology,QDQ,1,PowerLook Tomo Detection V2 Software,"Icad, Inc.",2018-08-31,97,SESE,Substantially Equivalent,Traditional,N,,,,1,Radiological Computer Assisted Detection/Diagnosis Software For Lesions Suspicious For Cancer,2,892.2090,RA,Radiology,RA,N,N,N,N,Ineligible,0,0,0,0,,,,0,exact_submission_number_only,2026-07-31,https://www.fda.gov/medical-devices/software-medical-device-samd/artificial-intelligence-enabled-medical-devices
K182218,510(k),2018-11-30,2018,Q4,FerriSmart Analysis System,Resonance Health Analysis Services Pty Ltd,Radiology,PCS,1,FerriSmart Analysis System,"Resonance Health Analysis Services Pty, Ltd.",2018-08-15,107,SESE,Substantially Equivalent,Traditional,N,,,,1,Liver Iron Concentration Imaging Companion Diagnostic For Deferasirox,2,892.1001,RA,Radiology,RA,N,N,N,N,Eligible,0,0,0,0,,,,0,exact_submission_number_only,2026-07-31,https://www.fda.gov/medical-devices/software-medical-device-samd/artificial-intelligence-enabled-medical-devices
K182336,510(k),2018-11-30,2018,Q4,SubtlePET,"Subtle Medical, Inc.",Radiology,KPS,1,SubtlePET,"Subtle Medical, Inc.",2018-08-28,94,SESE,Substantially Equivalent,Traditional,N,,,,1,"System, Tomography, Computed, Emission",2,892.1200,RA,Radiology,RA,N,N,N,Y,Eligible,0,0,0,0,,,,0,exact_submission_number_only,2026-07-31,https://www.fda.gov/medical-devices/software-medical-device-samd/artificial-intelligence-enabled-medical-devices
K182181,510(k),2018-11-29,2018,Q4,Persyst 14 EEG Review and Analysis Software,Persyst Development Corporation,Neurology,OMB,1,Persyst 14 EEG Review and Analysis Software,Persyst Development Corporation,2018-08-13,108,SESE,Substantially Equivalent,Traditional,N,,,,1,Automatic Event Detection Software For Full-Montage Electroencephalograph,2,882.1400,NE,Neurology,NE,N,N,N,N,Eligible,0,0,0,0,,,,0,exact_submission_number_only,2026-07-31,https://www.fda.gov/medical-devices/software-medical-device-samd/artificial-intelligence-enabled-medical-devices
K181704,510(k),2018-11-21,2018,Q4,Transpara,ScreenPoint Medical BV,Radiology,QDQ,1,Transpara,Screenpoint Medical B.V.,2018-06-27,147,SESE,Substantially Equivalent,Traditional,N,,,,1,Radiological Computer Assisted Detection/Diagnosis Software For Lesions Suspicious For Cancer,2,892.2090,RA,Radiology,RA,N,N,N,N,Ineligible,0,0,0,0,,,,0,exact_submission_number_only,2026-07-31,https://www.fda.gov/medical-devices/software-medical-device-samd/artificial-intelligence-enabled-medical-devices
K181247,510(k),2018-11-20,2018,Q4,Vitrea CT Brain Perfusion,"Vital Images, Inc.",Radiology,LLZ,1,Vitrea CT Brain Perfusion,"Vital Images, Inc.",2018-05-10,194,SESE,Substantially Equivalent,Traditional,N,,,,1,"System, Image Processing, Radiological",2,892.2050,RA,Radiology,RA,N,N,N,Y,Eligible,0,0,0,0,,,,0,exact_submission_number_only,2026-07-31,https://www.fda.gov/medical-devices/software-medical-device-samd/artificial-intelligence-enabled-medical-devices
K180432,510(k),2018-11-19,2018,Q4,AI-ECG Platform,"Shenzhen Carewell Electronics., Ltd",Cardiovascular,DQK,1,AI-ECG Platform,"Shenzhen Carewell Electronics., Ltd.",2018-02-20,272,SESE,Substantially Equivalent,Traditional,N,,,,1,"Computer, Diagnostic, Programmable",2,870.1425,CV,Cardiovascular,CV,N,N,N,Y,Eligible,0,0,0,0,,,,0,exact_submission_number_only,2026-07-31,https://www.fda.gov/medical-devices/software-medical-device-samd/artificial-intelligence-enabled-medical-devices
K180343,510(k),2018-11-16,2018,Q4,"LensHooke X1 Pro Semen Quality Analyzer, LensHooke X1 Semen Quality Analyzer","Bonraybio Co., Ltd.",Hematology,POV,1,"LensHooke X1 Pro Semen Quality Analyzer, LensHooke X1 Semen Quality Analyzer","Bonraybio Co., Ltd.",2018-02-07,282,SESE,Substantially Equivalent,Traditional,N,,,,1,Semen Analysis Device,2,864.5220,HE,Hematology,HE,N,N,N,Y,Eligible,0,0,0,0,,,,0,exact_submission_number_only,2026-07-31,https://www.fda.gov/medical-devices/software-medical-device-samd/artificial-intelligence-enabled-medical-devices
K181939,510(k),2018-11-06,2018,Q4,icobrain,icometrix NV,Radiology,LLZ,1,icobrain,Icometrix NV,2018-07-19,110,SESE,Substantially Equivalent,Traditional,N,,,,1,"System, Image Processing, Radiological",2,892.2050,RA,Radiology,RA,N,N,N,Y,Eligible,0,0,0,0,,,,0,exact_submission_number_only,2026-07-31,https://www.fda.gov/medical-devices/software-medical-device-samd/artificial-intelligence-enabled-medical-devices
K181288,510(k),2018-11-05,2018,Q4,Athelas One,Athelas Inc.,Hematology,GKZ,1,Athelas One,"Athelas, Inc.",2018-05-16,173,SESE,Substantially Equivalent,Traditional,N,,,,1,"Counter, Differential Cell",2,864.5220,HE,Hematology,HE,N,N,N,N,Ineligible,0,0,0,0,,,,0,exact_submission_number_only,2026-07-31,https://www.fda.gov/medical-devices/software-medical-device-samd/artificial-intelligence-enabled-medical-devices
K182616,510(k),2018-11-02,2018,Q4,"NvisionVLE Imaging System, NvisionVLE Optical Probe, NvisionVLE Inflation System","NinePoint Medical, Inc.",Radiology,NQQ,1,"NvisionVLE Imaging System, NvisionVLE Optical Probe, NvisionVLE Inflation System","Ninepoint Medical, Inc.",2018-09-21,42,SESU,Unknown,Traditional,N,,,,1,"System, Imaging, Optical Coherence Tomography (Oct)",2,892.1560,RA,Radiology,SU,N,N,N,Y,Eligible,0,0,0,0,,,,0,exact_submission_number_only,2026-07-31,https://www.fda.gov/medical-devices/software-medical-device-samd/artificial-intelligence-enabled-medical-devices
K182177,510(k),2018-10-26,2018,Q4,Accipiolx,MaxQ-Al Ltd.,Radiology,QAS,1,Accipiolx,"Maxq-Al , Ltd.",2018-08-10,77,SESE,Substantially Equivalent,Traditional,N,,,,1,Radiological Computer-Assisted Triage And Notification Software,2,892.2080,RA,Radiology,RA,N,N,N,N,Ineligible,0,0,0,0,,,,0,exact_submission_number_only,2026-07-31,https://www.fda.gov/medical-devices/software-medical-device-samd/artificial-intelligence-enabled-medical-devices
K181685,510(k),2018-10-25,2018,Q4,"Vivid E80, Vivid E90, Vivid E95","GE Medical Systems Ultrasound and Primary Care Diagnostics,",Radiology,IYN,1,"Vivid E80, Vivid E90, Vivid E95",GE Medical Systems Ultrasound and Primary Care Diagnostics,2018-06-26,121,SESE,Substantially Equivalent,Traditional,N,,,,1,"System, Imaging, Pulsed Doppler, Ultrasonic",2,892.1550,RA,Radiology,RA,N,N,N,Y,Eligible,0,0,0,0,,,,0,exact_submission_number_only,2026-07-31,https://www.fda.gov/medical-devices/software-medical-device-samd/artificial-intelligence-enabled-medical-devices
K182034,510(k),2018-10-17,2018,Q4,Arterys MICA,Arterys Inc.,Radiology,LLZ,1,Arterys MICA,"Arterys, Inc.",2018-07-30,79,SESE,Substantially Equivalent,Traditional,N,,,,1,"System, Image Processing, Radiological",2,892.2050,RA,Radiology,RA,N,N,N,Y,Eligible,0,0,0,0,,,,0,exact_submission_number_only,2026-07-31,https://www.fda.gov/medical-devices/software-medical-device-samd/artificial-intelligence-enabled-medical-devices
K181892,510(k),2018-10-09,2018,Q4,Ziostation2,"Ziosoft, Inc.",Radiology,LLZ,1,Ziostation2,"Ziosoft, Inc.",2018-07-13,88,SESE,Substantially Equivalent,Traditional,N,,,,1,"System, Image Processing, Radiological",2,892.2050,RA,Radiology,RA,N,N,N,Y,Eligible,0,0,0,0,,,,0,exact_submission_number_only,2026-07-31,https://www.fda.gov/medical-devices/software-medical-device-samd/artificial-intelligence-enabled-medical-devices
K182112,510(k),2018-10-05,2018,Q4,Sense System with IBT Electrodes,"Infinite Biomedical Technologies, LLC",Neurology,GXY,1,Sense System with IBT Electrodes,"Infinite Biomedical Technologies, LLC",2018-08-06,60,SESE,Substantially Equivalent,Traditional,N,,,,1,"Electrode, Cutaneous",2,882.1320,NE,Neurology,NE,N,N,N,Y,Ineligible,0,0,0,0,,,,0,exact_submission_number_only,2026-07-31,https://www.fda.gov/medical-devices/software-medical-device-samd/artificial-intelligence-enabled-medical-devices
K173872,510(k),2018-09-28,2018,Q3,FibriCheck,Qompium nv,Cardiovascular,DXH,1,FibriCheck,Qompium NV,2017-12-20,282,SESE,Substantially Equivalent,Traditional,N,,,,1,"Transmitters And Receivers, Electrocardiograph, Telephone",2,870.2920,CV,Cardiovascular,CV,N,N,N,Y,Eligible,0,0,0,0,,,,0,exact_submission_number_only,2026-07-31,https://www.fda.gov/medical-devices/software-medical-device-samd/artificial-intelligence-enabled-medical-devices
K181771,510(k),2018-09-28,2018,Q3,RightEye Vision System,"RightEye, LLC",Neurology,GWN,1,RightEye Vision System,"Righteye, LLC",2018-07-03,87,SESE,Substantially Equivalent,Traditional,N,,,,1,Nystagmograph,2,882.1460,NE,Neurology,NE,N,N,N,Y,Eligible,0,0,0,0,,,,0,exact_submission_number_only,2026-07-31,https://www.fda.gov/medical-devices/software-medical-device-samd/artificial-intelligence-enabled-medical-devices
K182310,510(k),2018-09-21,2018,Q3,Volpara Imaging Software,Volpara Health Technologies Limited,Radiology,LLZ,1,Volpara Imaging Software,Volpara Health Technologies Limited,2018-08-24,28,SESE,Substantially Equivalent,Special,N,,,,1,"System, Image Processing, Radiological",2,892.2050,RA,Radiology,RA,N,N,N,Y,Eligible,0,0,0,0,,,,0,exact_submission_number_only,2026-07-31,https://www.fda.gov/medical-devices/software-medical-device-samd/artificial-intelligence-enabled-medical-devices
K181502,510(k),2018-08-29,2018,Q3,"Zio AT ECG Monitoring System, ZEUS System","iRhythm Technologies, Inc.",Cardiovascular,DQK,1,"Zio AT ECG Monitoring System, ZEUS System","iRhythm Technologies, Inc.",2018-06-07,83,SESE,Substantially Equivalent,Traditional,N,,,,1,"Computer, Diagnostic, Programmable",2,870.1425,CV,Cardiovascular,CV,N,N,N,Y,Eligible,0,0,0,0,,,,0,exact_submission_number_only,2026-07-31,https://www.fda.gov/medical-devices/software-medical-device-samd/artificial-intelligence-enabled-medical-devices
DEN170090,De Novo,2018-08-23,2018,Q3,MATRx plus,Zephyr Sleep Technologies,Dental,QCJ,1,MATRx plus,zephyr sleep technologies,2017-12-21,245,DENG,Granted,,,,Direct,N,1,Closed Loop Auto Titration Device For Oral Appliances,2,872.5571,DE,Dental,DE,N,N,N,N,Ineligible,0,0,0,0,,,,0,exact_submission_number_only,2026-07-31,https://www.fda.gov/medical-devices/software-medical-device-samd/artificial-intelligence-enabled-medical-devices
K180647,510(k),2018-08-01,2018,Q3,BriefCase,"Aidoc Medical, Ltd.",Radiology,QAS,1,BriefCase,"Aidoc Medical , Ltd.",2018-03-12,142,SESE,Substantially Equivalent,Traditional,N,,,,1,Radiological Computer-Assisted Triage And Notification Software,2,892.2080,RA,Radiology,RA,N,N,N,N,Ineligible,0,0,0,0,,,,0,exact_submission_number_only,2026-07-31,https://www.fda.gov/medical-devices/software-medical-device-samd/artificial-intelligence-enabled-medical-devices
K173444,510(k),2018-07-23,2018,Q3,Quantitative Total Extensible Imaging (QTxI),"AIQ Solutions, Inc.",Radiology,LLZ,1,Quantitative Total Extensible Imaging (QTxI),"Aiq Solutions, Inc.",2017-11-06,259,SESE,Substantially Equivalent,Traditional,N,,,,1,"System, Image Processing, Radiological",2,892.2050,RA,Radiology,RA,N,N,N,Y,Eligible,0,0,0,0,,,,0,exact_submission_number_only,2026-07-31,https://www.fda.gov/medical-devices/software-medical-device-samd/artificial-intelligence-enabled-medical-devices
K173327,510(k),2018-07-18,2018,Q3,DIP/U.S. Urine Analysis Test System,Healthy.io Ltd,Clinical Chemistry,JIL,1,DIP/U.S. Urine Analysis Test System,"Healthy.Io, Ltd.",2017-10-20,271,SESE,Substantially Equivalent,Traditional,N,,,,1,"Method, Enzymatic, Glucose (Urinary, Non-Quantitative)",2,862.1340,CH,Clinical Chemistry,CH,N,N,N,Y,Eligible,0,0,0,0,,,,0,exact_submission_number_only,2026-07-31,https://www.fda.gov/medical-devices/software-medical-device-samd/artificial-intelligence-enabled-medical-devices
K181572,510(k),2018-07-10,2018,Q3,Workflow Box,Mirada Medical Ltd.,Radiology,QKB,1,Workflow Box,"Mirada Medical, Ltd.",2018-06-14,26,SESE,Substantially Equivalent,Traditional,Y,,,,1,Radiological Image Processing Software For Radiation Therapy,2,892.2050,RA,Radiology,RA,N,N,N,N,Ineligible,0,0,0,0,,,,0,exact_submission_number_only,2026-07-31,https://www.fda.gov/medical-devices/software-medical-device-samd/artificial-intelligence-enabled-medical-devices
K181574,510(k),2018-07-10,2018,Q3,Uscan,"EchoNous, Inc.",Radiology,IYO,1,Uscan,"EchoNous, Inc.",2018-06-15,25,SESE,Substantially Equivalent,Traditional,Y,,,,1,"System, Imaging, Pulsed Echo, Ultrasonic",2,892.1560,RA,Radiology,RA,N,N,N,Y,Eligible,0,0,0,0,,,,0,exact_submission_number_only,2026-07-31,https://www.fda.gov/medical-devices/software-medical-device-samd/artificial-intelligence-enabled-medical-devices
K180038,510(k),2018-06-29,2018,Q2,NuVasive Pulse System,"NuVasive, Incorporated",Neurology,OLO,1,NuVasive Pulse System,"Nu Vasive, Incorporated",2018-01-05,175,SESE,Substantially Equivalent,Traditional,N,,,,1,Orthopedic Stereotaxic Instrument,2,882.4560,NE,Neurology,OR,N,N,N,N,Eligible,0,0,0,0,,,,0,exact_submission_number_only,2026-07-31,https://www.fda.gov/medical-devices/software-medical-device-samd/artificial-intelligence-enabled-medical-devices
K173574,510(k),2018-06-26,2018,Q2,DenSeeMammo,Statlife,Radiology,LLZ,1,DenSeeMammo,Statlife,2017-11-20,218,SESE,Substantially Equivalent,Traditional,N,,,,1,"System, Image Processing, Radiological",2,892.2050,RA,Radiology,RA,N,N,N,Y,Eligible,0,0,0,0,,,,0,exact_submission_number_only,2026-07-31,https://www.fda.gov/medical-devices/software-medical-device-samd/artificial-intelligence-enabled-medical-devices
K173780,510(k),2018-06-14,2018,Q2,EchoMD Automated Ejection Fraction Software,"Bay Labs, Inc.",Radiology,LLZ,1,EchoMD Automated Ejection Fraction Software,"Bay Labs, Inc.",2017-12-12,184,SESE,Substantially Equivalent,Traditional,N,,,,1,"System, Image Processing, Radiological",2,892.2050,RA,Radiology,RA,N,N,N,Y,Eligible,0,0,0,0,,,,0,exact_submission_number_only,2026-07-31,https://www.fda.gov/medical-devices/software-medical-device-samd/artificial-intelligence-enabled-medical-devices
K172983,510(k),2018-06-13,2018,Q2,HealthCCS,Zebra Medical Vision Ltd.,Radiology,JAK,1,HealthCCS,"Zebra Medical Vision, Ltd.",2017-09-27,259,SESE,Substantially Equivalent,Traditional,N,,,,1,"System, X-Ray, Tomography, Computed",2,892.1750,RA,Radiology,RA,N,N,N,Y,Eligible,0,0,0,0,,,,0,exact_submission_number_only,2026-07-31,https://www.fda.gov/medical-devices/software-medical-device-samd/artificial-intelligence-enabled-medical-devices
DEN170043,De Novo,2018-06-12,2018,Q2,DreaMed Advisor Pro,"DreaMed Diabetes, Ltd.",Clinical Chemistry,QCC,1,DreaMed Advisor Pro,"dreamed diabetes, ltd.",2017-08-17,299,DENG,Granted,,,,Direct,N,1,Insulin Pump Therapy Adjustment Calculator For Healthcare Professionals,2,862.1358,CH,Clinical Chemistry,CH,N,N,N,N,Ineligible,0,0,0,0,,,,0,exact_submission_number_only,2026-07-31,https://www.fda.gov/medical-devices/software-medical-device-samd/artificial-intelligence-enabled-medical-devices
K173821,510(k),2018-06-05,2018,Q2,LungQ Software,Thirona Corporation,Radiology,JAK,1,LungQ Software,Thirona Corporation,2017-12-18,169,SESE,Substantially Equivalent,Traditional,N,,,,1,"System, X-Ray, Tomography, Computed",2,892.1750,RA,Radiology,RA,N,N,N,Y,Eligible,0,0,0,0,,,,0,exact_submission_number_only,2026-07-31,https://www.fda.gov/medical-devices/software-medical-device-samd/artificial-intelligence-enabled-medical-devices
K180163,510(k),2018-05-25,2018,Q2,TransEnterix Senhance Surgical System,"TransEnterix, Inc.",Gastroenterology-Urology,NAY,1,TransEnterix Senhance Surgical System,"Transenterix, Inc.",2018-01-19,126,SESE,Substantially Equivalent,Traditional,N,,,,1,"System, Surgical, Computer Controlled Instrument",2,876.1500,GU,"Gastroenterology, Urology",SU,N,N,N,N,Ineligible,0,0,0,0,,,,0,exact_submission_number_only,2026-07-31,https://www.fda.gov/medical-devices/software-medical-device-samd/artificial-intelligence-enabled-medical-devices
DEN180005,De Novo,2018-05-24,2018,Q2,OsteoDetect,"Imagen Technologies, Inc.",Radiology,QBS,1,OsteoDetect,"imagen technologies, inc.",2018-02-05,108,DENG,Granted,,,,Direct,N,1,Radiological Computer Assisted Detection/Diagnosis Software For Fracture,2,892.2090,RA,Radiology,RA,N,N,N,N,Ineligible,0,0,0,0,,,,0,exact_submission_number_only,2026-07-31,https://www.fda.gov/medical-devices/software-medical-device-samd/artificial-intelligence-enabled-medical-devices
K173810,510(k),2018-05-14,2018,Q2,Ventripoint Medical System Plus (VMS+),"Ventripoint Diagnostics, Ltd.",Radiology,IYN,1,Ventripoint Medical System Plus (VMS+),"Ventripoint Diagnostics , Ltd.",2017-12-15,150,SESE,Substantially Equivalent,Traditional,N,,,,1,"System, Imaging, Pulsed Doppler, Ultrasonic",2,892.1550,RA,Radiology,RA,N,N,N,Y,Eligible,0,0,0,0,,,,0,exact_submission_number_only,2026-07-31,https://www.fda.gov/medical-devices/software-medical-device-samd/artificial-intelligence-enabled-medical-devices
K180799,510(k),2018-05-14,2018,Q2,Clarius Ultrasound Scanner,Clarius Mobile Health Corp.,Radiology,IYN,1,Clarius Ultrasound Scanner,Clarius Mobile Health Corp.,2018-03-27,48,SESE,Substantially Equivalent,Traditional,Y,,,,1,"System, Imaging, Pulsed Doppler, Ultrasonic",2,892.1550,RA,Radiology,RA,N,N,N,Y,Eligible,0,0,0,0,,,,0,exact_submission_number_only,2026-07-31,https://www.fda.gov/medical-devices/software-medical-device-samd/artificial-intelligence-enabled-medical-devices
K180599,510(k),2018-05-02,2018,Q2,Venue,"GE Medical Systems Ultrasound and Primary Care Diagnostics,",Radiology,IYN,1,Venue,GE Medical Systems Ultrasound and Primary Care Diagnostics,2018-03-07,56,SESE,Substantially Equivalent,Traditional,N,,,,1,"System, Imaging, Pulsed Doppler, Ultrasonic",2,892.1550,RA,Radiology,RA,N,N,N,Y,Eligible,0,0,0,0,,,,0,exact_submission_number_only,2026-07-31,https://www.fda.gov/medical-devices/software-medical-device-samd/artificial-intelligence-enabled-medical-devices
K172959,510(k),2018-05-01,2018,Q2,PeraServer and PeraTrend,"PeraHealth, Inc.",Cardiovascular,MWI,1,PeraServer and PeraTrend,"Perahealth, Inc.",2017-09-26,217,SESE,Substantially Equivalent,Traditional,N,,,,1,"Monitor, Physiological, Patient (Without Arrhythmia Detection Or Alarms)",2,870.2300,CV,Cardiovascular,CV,N,N,N,Y,Eligible,0,0,0,0,,,,0,exact_submission_number_only,2026-07-31,https://www.fda.gov/medical-devices/software-medical-device-samd/artificial-intelligence-enabled-medical-devices
K180161,510(k),2018-04-20,2018,Q2,Viz CTP,"Viz.ai, Inc.",Radiology,LLZ,1,Viz CTP,"Viz. Ai, Inc.",2018-01-19,91,SESE,Substantially Equivalent,Traditional,N,,,,1,"System, Image Processing, Radiological",2,892.2050,RA,Radiology,RA,N,N,N,Y,Eligible,0,0,0,0,,,,0,exact_submission_number_only,2026-07-31,https://www.fda.gov/medical-devices/software-medical-device-samd/artificial-intelligence-enabled-medical-devices
K180126,510(k),2018-04-16,2018,Q2,SOZO,ImpediMed Limited,Cardiovascular,OBH,1,SOZO,ImpediMed Limited,2018-01-16,90,SESE,Substantially Equivalent,Traditional,N,,,,1,"Monitor, Extracellular Fluid, Lymphedema, Extremity",2,870.2770,CV,Cardiovascular,GU,N,N,N,N,Eligible,1,1,1,0,2023-08-17,2023-08-17,1949.0,1,exact_submission_number_only,2026-07-31,https://www.fda.gov/medical-devices/software-medical-device-samd/artificial-intelligence-enabled-medical-devices
DEN180001,De Novo,2018-04-11,2018,Q2,IDx-DR,"IDx, LLC",Ophthalmic,PIB,1,IDx-DR,"idx, llc",2018-01-12,89,DENG,Granted,,,,Direct,N,1,Diabetic Retinopathy Detection Device,2,886.1100,OP,Ophthalmic,OP,N,N,N,N,Eligible,0,0,0,0,,,,0,exact_submission_number_only,2026-07-31,https://www.fda.gov/medical-devices/software-medical-device-samd/artificial-intelligence-enabled-medical-devices
K180589,510(k),2018-04-05,2018,Q2,DR 800 with MUSICA Dynamic,Agfa HealthCare N.V.,Radiology,JAA,1,DR 800 with MUSICA Dynamic,Agfa Healthcare N.V.,2018-03-06,30,SESE,Substantially Equivalent,Traditional,N,,,,1,"System, X-Ray, Fluoroscopic, Image-Intensified",2,892.1650,RA,Radiology,RA,N,N,N,Y,Eligible,3,3,1,2,2019-06-27,2024-07-29,448.0,1,exact_submission_number_only,2026-07-31,https://www.fda.gov/medical-devices/software-medical-device-samd/artificial-intelligence-enabled-medical-devices
DEN160044,De Novo,2018-03-16,2018,Q1,Acumen Hypotension Prediction Index (HPI) Feature Software,Edwards Lifesciences LLC,Cardiovascular,QAQ,1,Acumen Hypotension Prediction Index (HPI) Feature Software,"edwards lifesciences, llc",2016-09-26,536,DENG,Granted,,,,Direct,N,1,Adjunctive Predictive Cardiovascular Indicator,2,870.2210,CV,Cardiovascular,CV,N,N,N,N,Ineligible,0,0,0,0,,,,0,exact_submission_number_only,2026-07-31,https://www.fda.gov/medical-devices/software-medical-device-samd/artificial-intelligence-enabled-medical-devices
K173839,510(k),2018-03-15,2018,Q1,Tissue of Origin Test Kit-FFPE,"Cancer Genetics, Inc.",Clinical Toxcicology,OIW,1,Tissue of Origin Test Kit-FFPE,"Cancer Genetics, Inc.",2017-12-18,87,SESE,Substantially Equivalent,Special,N,,,,1,"Software, Similarity Score Algorithm, Tissue Of Origin For Malignant Tumor Types",2,862.3100,TX,Clinical Toxicology,TX,N,N,N,Y,Eligible,0,0,0,0,,,,0,exact_submission_number_only,2026-07-31,https://www.fda.gov/medical-devices/software-medical-device-samd/artificial-intelligence-enabled-medical-devices
K173939,510(k),2018-03-09,2018,Q1,Quantib Brain,Quantib BV,Radiology,LLZ,1,Quantib Brain,Quantib B.V.,2017-12-26,73,SESE,Substantially Equivalent,Traditional,N,,,,1,"System, Image Processing, Radiological",2,892.2050,RA,Radiology,RA,N,N,N,Y,Eligible,0,0,0,0,,,,0,exact_submission_number_only,2026-07-31,https://www.fda.gov/medical-devices/software-medical-device-samd/artificial-intelligence-enabled-medical-devices
K173605,510(k),2018-03-08,2018,Q1,iQMR,Medic Vision - Imaging Solutions Ltd,Radiology,LLZ,1,iQMR,"Medic Vision - Imaging Solutions, Ltd.",2017-11-21,107,SESE,Substantially Equivalent,Traditional,N,,,,1,"System, Image Processing, Radiological",2,892.2050,RA,Radiology,RA,N,N,N,Y,Eligible,0,0,0,0,,,,0,exact_submission_number_only,2026-07-31,https://www.fda.gov/medical-devices/software-medical-device-samd/artificial-intelligence-enabled-medical-devices
K170540,510(k),2018-02-23,2018,Q1,DM-Density,"Densitas, Inc.",Radiology,LLZ,1,DM-Density,"Densitas, Inc.",2017-02-23,365,SESE,Substantially Equivalent,Traditional,N,,,,1,"System, Image Processing, Radiological",2,892.2050,RA,Radiology,RA,N,N,N,Y,Eligible,0,0,0,0,,,,0,exact_submission_number_only,2026-07-31,https://www.fda.gov/medical-devices/software-medical-device-samd/artificial-intelligence-enabled-medical-devices
DEN170073,De Novo,2018-02-13,2018,Q1,ContaCT,"Viz.Al, Inc.",Radiology,QAS,1,ContaCT,"viz.al, inc.",2017-09-29,137,DENG,Granted,,,,Direct,N,1,Radiological Computer-Assisted Triage And Notification Software,2,892.2080,RA,Radiology,RA,N,N,N,N,Ineligible,0,0,0,0,,,,0,exact_submission_number_only,2026-07-31,https://www.fda.gov/medical-devices/software-medical-device-samd/artificial-intelligence-enabled-medical-devices
K180091,510(k),2018-02-08,2018,Q1,UNiD Spine Analyzer,Medicrea International,Radiology,LLZ,1,UNiD Spine Analyzer,Medicrea International,2018-01-12,27,SESE,Substantially Equivalent,Special,N,,,,1,"System, Image Processing, Radiological",2,892.2050,RA,Radiology,RA,N,N,N,Y,Eligible,0,0,0,0,,,,0,exact_submission_number_only,2026-07-31,https://www.fda.gov/medical-devices/software-medical-device-samd/artificial-intelligence-enabled-medical-devices
K173542,510(k),2018-01-25,2018,Q1,Arterys Oncology DL,Arterys Inc.,Radiology,LLZ,1,Arterys Oncology DL,"Arterys, Inc.",2017-11-16,70,SESE,Substantially Equivalent,Traditional,N,,,,1,"System, Image Processing, Radiological",2,892.2050,RA,Radiology,RA,N,N,N,Y,Eligible,0,0,0,0,,,,0,exact_submission_number_only,2026-07-31,https://www.fda.gov/medical-devices/software-medical-device-samd/artificial-intelligence-enabled-medical-devices
K173588,510(k),2018-01-12,2018,Q1,Illumeo System,"Philips Medical Systems Technologies, Ltd.",Radiology,LLZ,1,Illumeo System,"Philips Medical Systems Technologies , Ltd.",2017-11-20,53,SESE,Substantially Equivalent,Special,N,,,,1,"System, Image Processing, Radiological",2,892.2050,RA,Radiology,RA,N,N,N,Y,Eligible,0,0,0,0,,,,0,exact_submission_number_only,2026-07-31,https://www.fda.gov/medical-devices/software-medical-device-samd/artificial-intelligence-enabled-medical-devices
K171122,510(k),2018-01-11,2018,Q1,CEREC Ortho Software,Dentsply Sirona,Dental,PNN,1,CEREC Ortho Software,Dentsply Sirona,2017-04-17,269,SESE,Substantially Equivalent,Traditional,N,,,,1,Orthodontic Software,2,872.5470,DE,Dental,DE,N,N,N,Y,Eligible,0,0,0,0,,,,0,exact_submission_number_only,2026-07-31,https://www.fda.gov/medical-devices/software-medical-device-samd/artificial-intelligence-enabled-medical-devices
K171328,510(k),2018-01-08,2018,Q1,cNeuro cMRI,Combinostics Oy,Radiology,LLZ,1,cNeuro cMRI,Combinostics OY,2017-05-05,248,SESE,Substantially Equivalent,Traditional,N,,,,1,"System, Image Processing, Radiological",2,892.2050,RA,Radiology,RA,N,N,N,Y,Eligible,0,0,0,0,,,,0,exact_submission_number_only,2026-07-31,https://www.fda.gov/medical-devices/software-medical-device-samd/artificial-intelligence-enabled-medical-devices
K171056,510(k),2018-01-04,2018,Q1,WAVE Clinical Platform,"Excel Medical Electronics, LLC",Cardiovascular,MWI,1,WAVE Clinical Platform,"Excel Medical Electronics, LLC",2017-04-10,269,SESE,Substantially Equivalent,Traditional,N,,,,1,"Monitor, Physiological, Patient (Without Arrhythmia Detection Or Alarms)",2,870.2300,CV,Cardiovascular,CV,N,N,N,Y,Eligible,0,0,0,0,,,,0,exact_submission_number_only,2026-07-31,https://www.fda.gov/medical-devices/software-medical-device-samd/artificial-intelligence-enabled-medical-devices
K173420,510(k),2017-12-27,2017,Q4,Radiomics App v1.0,Microsoft Corp.,Radiology,LLZ,1,Radiomics App v1.0,Microsoft Corp.,2017-11-01,56,SESE,Substantially Equivalent,Traditional,N,,,,1,"System, Image Processing, Radiological",2,892.2050,RA,Radiology,RA,N,N,N,Y,Eligible,0,0,0,0,,,,0,exact_submission_number_only,2026-07-31,https://www.fda.gov/medical-devices/software-medical-device-samd/artificial-intelligence-enabled-medical-devices
K172507,510(k),2017-12-22,2017,Q4,SOZO,ImpediMed Limited,Cardiovascular,DSB,1,SOZO,ImpediMed Limited,2017-08-18,126,SESE,Substantially Equivalent,Traditional,N,,,,1,"Plethysmograph, Impedance",2,870.2770,CV,Cardiovascular,CV,N,N,N,Y,Eligible,0,0,0,0,,,,0,exact_submission_number_only,2026-07-31,https://www.fda.gov/medical-devices/software-medical-device-samd/artificial-intelligence-enabled-medical-devices
K163694,510(k),2017-11-07,2017,Q4,"Rooti Rx ECG Event Recorder, Rooti Link APP Software",Rooti Labs Ltd.,Cardiovascular,DRG,1,"Rooti Rx ECG Event Recorder, Rooti Link APP Software","Rooti Labs , Ltd.",2016-12-28,314,SESE,Substantially Equivalent,Traditional,N,,,,1,"Transmitters And Receivers, Physiological Signal, Radiofrequency",2,870.2910,CV,Cardiovascular,CV,N,N,N,Y,Eligible,0,0,0,0,,,,0,exact_submission_number_only,2026-07-31,https://www.fda.gov/medical-devices/software-medical-device-samd/artificial-intelligence-enabled-medical-devices
K172803,510(k),2017-10-27,2017,Q4,Infinitt PACS 7.0,"Infinitt Healthcare Co.,Ltd.",Radiology,LLZ,1,Infinitt PACS 7.0,"Infinitt Healthcare Co., Ltd.",2017-09-18,39,SESE,Substantially Equivalent,Traditional,N,,,,1,"System, Image Processing, Radiological",2,892.2050,RA,Radiology,RA,N,N,N,Y,Eligible,0,0,0,0,,,,0,exact_submission_number_only,2026-07-31,https://www.fda.gov/medical-devices/software-medical-device-samd/artificial-intelligence-enabled-medical-devices
K163623,510(k),2017-10-20,2017,Q4,Quantra,"HOLOGIC, INC.",Radiology,LLZ,1,Quantra,"Hologic, Inc.",2016-12-22,302,SESE,Substantially Equivalent,Traditional,N,,,,1,"System, Image Processing, Radiological",2,892.2050,RA,Radiology,RA,N,N,N,Y,Eligible,0,0,0,0,,,,0,exact_submission_number_only,2026-07-31,https://www.fda.gov/medical-devices/software-medical-device-samd/artificial-intelligence-enabled-medical-devices
K171936,510(k),2017-09-27,2017,Q3,Peerbridge Cor(TM) System,Peerbridge Health INc.,Cardiovascular,DSH,1,Peerbridge Cor(TM) System,"Peerbridge Health, Inc.",2017-06-28,91,SESE,Substantially Equivalent,Traditional,Y,,,,1,"Recorder, Magnetic Tape, Medical",2,870.2800,CV,Cardiovascular,CV,N,N,N,Y,Eligible,0,0,0,0,,,,0,exact_submission_number_only,2026-07-31,https://www.fda.gov/medical-devices/software-medical-device-samd/artificial-intelligence-enabled-medical-devices
K172356,510(k),2017-09-15,2017,Q3,BladderScan Prime PLUS System,Verathon Incorporated,Radiology,IYO,1,BladderScan Prime PLUS System,Verathon Incorporated,2017-08-03,43,SESE,Substantially Equivalent,Traditional,Y,,,,1,"System, Imaging, Pulsed Echo, Ultrasonic",2,892.1560,RA,Radiology,RA,N,N,N,Y,Eligible,1,1,0,1,2020-09-29,2020-09-29,1110.0,1,exact_submission_number_only,2026-07-31,https://www.fda.gov/medical-devices/software-medical-device-samd/artificial-intelligence-enabled-medical-devices
K172385,510(k),2017-09-14,2017,Q3,Clarius Ultrasound System,Clarius Mobile Health Corp.,Radiology,IYN,1,Clarius Ultrasound System,Clarius Mobile Health Corp.,2017-08-08,37,SESE,Substantially Equivalent,Abbreviated,Y,,,,1,"System, Imaging, Pulsed Doppler, Ultrasonic",2,892.1550,RA,Radiology,RA,N,N,N,Y,Eligible,0,0,0,0,,,,0,exact_submission_number_only,2026-07-31,https://www.fda.gov/medical-devices/software-medical-device-samd/artificial-intelligence-enabled-medical-devices
K170981,510(k),2017-09-07,2017,Q3,NeuroQuant,"CorTechs Labs, Inc",Radiology,LLZ,1,NeuroQuant,"Cortechs Labs, Inc.",2017-04-03,157,SESE,Substantially Equivalent,Traditional,N,,,,1,"System, Image Processing, Radiological",2,892.2050,RA,Radiology,RA,N,N,N,Y,Eligible,0,0,0,0,,,,0,exact_submission_number_only,2026-07-31,https://www.fda.gov/medical-devices/software-medical-device-samd/artificial-intelligence-enabled-medical-devices
K163339,510(k),2017-08-17,2017,Q3,SPECTRALMD DEEPVIEW WOUND IMAGING SYSTEM 2.0,"SPECTRALMD, INC.",Cardiovascular,DPT,1,SPECTRALMD DEEPVIEW WOUND IMAGING SYSTEM 2.0,"Spectralmd, Inc.",2016-11-28,262,SESE,Substantially Equivalent,Traditional,N,,,,1,"Probe, Blood-Flow, Extravascular",2,870.2120,CV,Cardiovascular,CV,N,N,N,Y,Eligible,0,0,0,0,,,,0,exact_submission_number_only,2026-07-31,https://www.fda.gov/medical-devices/software-medical-device-samd/artificial-intelligence-enabled-medical-devices
K172122,510(k),2017-08-11,2017,Q3,SOZO,ImpediMed Limited,Cardiovascular,OBH,1,SOZO,ImpediMed Limited,2017-07-13,29,SESE,Substantially Equivalent,Special,N,,,,1,"Monitor, Extracellular Fluid, Lymphedema, Extremity",2,870.2770,CV,Cardiovascular,GU,N,N,N,N,Eligible,0,0,0,0,,,,0,exact_submission_number_only,2026-07-31,https://www.fda.gov/medical-devices/software-medical-device-samd/artificial-intelligence-enabled-medical-devices
K171315,510(k),2017-08-01,2017,Q3,Advanced RBC Application,Cella Vision AB,Hematology,JOY,1,Advanced RBC Application,CellaVision AB,2017-05-04,89,SESE,Substantially Equivalent,Traditional,N,,,,1,"Device, Automated Cell-Locating",2,864.5260,HE,Hematology,HE,N,N,N,Y,Eligible,0,0,0,0,,,,0,exact_submission_number_only,2026-07-31,https://www.fda.gov/medical-devices/software-medical-device-samd/artificial-intelligence-enabled-medical-devices
DEN170022,De Novo,2017-07-19,2017,Q3,QuantX,"Quantitative Insights, Inc",Radiology,POK,1,QuantX,"quantitative insights, inc.",2017-04-07,103,DENG,Granted,,,,Direct,N,1,Computer-Assisted Diagnostic Software For Lesions Suspicious For Cancer,2,892.2060,RA,Radiology,RA,N,N,N,N,Eligible,0,0,0,0,,,,0,exact_submission_number_only,2026-07-31,https://www.fda.gov/medical-devices/software-medical-device-samd/artificial-intelligence-enabled-medical-devices
P150046,PMA,2017-06-28,2017,Q2,NEVISENSE,SCIBASE AB,General and Plastic Surgery,ONV,1,NEVISENSE,Scibase AB,2015-12-07,569,APRL,APRL,,,N,,,1,Electrical Impedance Spectrometer,2,878.1820,SU,"General, Plastic Surgery",SU,N,N,N,N,Eligible,0,0,0,0,,,,0,exact_submission_number_only,2026-07-31,https://www.fda.gov/medical-devices/software-medical-device-samd/artificial-intelligence-enabled-medical-devices
K170568,510(k),2017-06-26,2017,Q2,CardioLogs ECG Analysis Platform,Cardiologs Technologies,Cardiovascular,DPS,1,CardioLogs ECG Analysis Platform,Cardiologs Technologies,2017-02-27,119,SESE,Substantially Equivalent,Traditional,N,,,,1,Electrocardiograph,2,870.2340,CV,Cardiovascular,CV,N,N,N,Y,Eligible,0,0,0,0,,,,0,exact_submission_number_only,2026-07-31,https://www.fda.gov/medical-devices/software-medical-device-samd/artificial-intelligence-enabled-medical-devices
K170747,510(k),2017-06-09,2017,Q2,syngo Application Software,"Siemens Medical Solutions, USA, Inc.",Radiology,LLZ,1,syngo Application Software,"Siemens Medical Solutions USA, Inc.",2017-03-10,91,SESE,Substantially Equivalent,Traditional,N,,,,1,"System, Image Processing, Radiological",2,892.2050,RA,Radiology,RA,N,N,N,Y,Eligible,0,0,0,0,,,,0,exact_submission_number_only,2026-07-31,https://www.fda.gov/medical-devices/software-medical-device-samd/artificial-intelligence-enabled-medical-devices
K170250,510(k),2017-06-07,2017,Q2,SmartTarget,"SmartTarget, Ltd.",Radiology,LLZ,1,SmartTarget,"Smarttarget, Ltd.",2017-01-27,131,SESE,Substantially Equivalent,Traditional,Y,,,,1,"System, Image Processing, Radiological",2,892.2050,RA,Radiology,RA,N,N,N,Y,Eligible,1,1,1,0,2025-12-23,2025-12-23,3121.0,1,exact_submission_number_only,2026-07-31,https://www.fda.gov/medical-devices/software-medical-device-samd/artificial-intelligence-enabled-medical-devices
K170172,510(k),2017-05-24,2017,Q2,UNiD Spine Analyzer,MEDICREA INTERNATIONAL,Radiology,LLZ,1,UNiD Spine Analyzer,Medicrea International,2017-01-19,125,SESE,Substantially Equivalent,Traditional,N,,,,1,"System, Image Processing, Radiological",2,892.2050,RA,Radiology,RA,N,N,N,Y,Eligible,0,0,0,0,,,,0,exact_submission_number_only,2026-07-31,https://www.fda.gov/medical-devices/software-medical-device-samd/artificial-intelligence-enabled-medical-devices
K163622,510(k),2017-05-11,2017,Q2,Lung Vision,BODY VISION MEDICAL LTD.,Radiology,LLZ,1,Lung Vision,"Bodyvision Medical , Ltd.",2016-12-22,140,SESE,Substantially Equivalent,Traditional,N,,,,1,"System, Image Processing, Radiological",2,892.2050,RA,Radiology,RA,N,N,N,Y,Eligible,0,0,0,0,,,,0,exact_submission_number_only,2026-07-31,https://www.fda.gov/medical-devices/software-medical-device-samd/artificial-intelligence-enabled-medical-devices
K163665,510(k),2017-05-05,2017,Q2,MATRx plus,Zephyr Sleep Technologies,Anesthesiology,MNR,1,MATRx plus,Zephyr Sleep Technologies,2016-12-27,129,SESE,Substantially Equivalent,Traditional,N,,,,1,Ventilatory Effort Recorder,2,868.2375,AN,Anesthesiology,AN,N,N,N,Y,Eligible,0,0,0,0,,,,0,exact_submission_number_only,2026-07-31,https://www.fda.gov/medical-devices/software-medical-device-samd/artificial-intelligence-enabled-medical-devices
K170069,510(k),2017-04-26,2017,Q2,AmCAD-UV,AmCad BioMed Corporation,Radiology,LLZ,1,AmCAD-UV,Amcad Biomed Corporation,2017-01-09,107,SESE,Substantially Equivalent,Traditional,N,,,,1,"System, Image Processing, Radiological",2,892.2050,RA,Radiology,RA,N,N,N,Y,Eligible,0,0,0,0,,,,0,exact_submission_number_only,2026-07-31,https://www.fda.gov/medical-devices/software-medical-device-samd/artificial-intelligence-enabled-medical-devices
DEN160026,De Novo,2017-04-06,2017,Q2,23andMe Personal Genome Service (PGS) Genetic Health Risk Test for Hereditary Thrombophilia,"23andMe, Inc.",Immunology,PTA,1,23andMe Personal Genome Service (PGS) Genetic Health Risk Test for Hereditary Thrombophilia,"23andme, inc.",2016-06-28,282,DENG,Granted,,,,Direct,N,1,Genetic Variant Detection And Health Risk Assessment System,2,866.5950,IM,Immunology,IM,N,N,N,N,Eligible,0,0,0,0,,,,0,exact_submission_number_only,2026-07-31,https://www.fda.gov/medical-devices/software-medical-device-samd/artificial-intelligence-enabled-medical-devices
P160009,PMA,2017-03-24,2017,Q1,PowerLook® Tomo Detection Software,iCAD Inc,Radiology,MYN,1,PowerLook® Tomo Detection Software,"Icad, Inc.",2016-04-05,353,APRL,APRL,,,N,,,1,"Analyzer, Medical Image",2,892.2070,RA,Radiology,RA,N,N,N,N,Eligible,0,0,0,0,,,,0,exact_submission_number_only,2026-07-31,https://www.fda.gov/medical-devices/software-medical-device-samd/artificial-intelligence-enabled-medical-devices
K162855,510(k),2017-02-23,2017,Q1,Reveal LINQ,"Medtronic, Inc.",Cardiovascular,MXD,1,Reveal LINQ,"Medtronic, Inc.",2016-10-12,134,SESE,Substantially Equivalent,Traditional,N,,,,1,"Recorder, Event, Implantable Cardiac, (With Arrhythmia Detection)",2,870.1025,CV,Cardiovascular,CV,Y,N,N,N,Eligible,1,1,1,0,2021-06-01,2021-06-01,1559.0,1,exact_submission_number_only,2026-07-31,https://www.fda.gov/medical-devices/software-medical-device-samd/artificial-intelligence-enabled-medical-devices
K162830,510(k),2017-02-14,2017,Q1,SIS Software,"Surgical Information Sciences, Inc.",Radiology,LLZ,1,SIS Software,"Surgical Information Sciences, Inc.",2016-10-07,130,SESE,Substantially Equivalent,Traditional,N,,,,1,"System, Image Processing, Radiological",2,892.2050,RA,Radiology,RA,N,N,N,Y,Eligible,0,0,0,0,,,,0,exact_submission_number_only,2026-07-31,https://www.fda.gov/medical-devices/software-medical-device-samd/artificial-intelligence-enabled-medical-devices
K163013,510(k),2017-01-06,2017,Q1,Quantib Brain 1.2,Quantib BV,Radiology,LLZ,1,Quantib Brain 1.2,Quantib B.V.,2016-10-28,70,SESE,Substantially Equivalent,Special,N,,,,1,"System, Image Processing, Radiological",2,892.2050,RA,Radiology,RA,N,N,N,Y,Eligible,0,0,0,0,,,,0,exact_submission_number_only,2026-07-31,https://www.fda.gov/medical-devices/software-medical-device-samd/artificial-intelligence-enabled-medical-devices
K163253,510(k),2017-01-05,2017,Q1,Arterys Cardio DL,ARTERYS INC.,Radiology,LLZ,1,Arterys Cardio DL,"Arterys, Inc.",2016-11-18,48,SESE,Substantially Equivalent,Traditional,N,,,,1,"System, Image Processing, Radiological",2,892.2050,RA,Radiology,RA,N,N,N,Y,Eligible,0,0,0,0,,,,0,exact_submission_number_only,2026-07-31,https://www.fda.gov/medical-devices/software-medical-device-samd/artificial-intelligence-enabled-medical-devices
K161959,510(k),2016-12-28,2016,Q4,ClearView cCAD,ClearView Diagnostics Inc.,Radiology,LLZ,1,ClearView cCAD,"Clearview Diagnostics, Inc.",2016-07-18,163,SESE,Substantially Equivalent,Traditional,N,,,,1,"System, Image Processing, Radiological",2,892.2050,RA,Radiology,RA,N,N,N,Y,Eligible,1,1,0,1,2019-12-31,2019-12-31,1098.0,1,exact_submission_number_only,2026-07-31,https://www.fda.gov/medical-devices/software-medical-device-samd/artificial-intelligence-enabled-medical-devices
K161322,510(k),2016-12-07,2016,Q4,CT CoPilot,"ZEPMED, LLC.",Radiology,LLZ,1,CT CoPilot,"Zepmed, LLC",2016-05-11,210,SESE,Substantially Equivalent,Traditional,N,,,,1,"System, Image Processing, Radiological",2,892.2050,RA,Radiology,RA,N,N,N,Y,Eligible,0,0,0,0,,,,0,exact_submission_number_only,2026-07-31,https://www.fda.gov/medical-devices/software-medical-device-samd/artificial-intelligence-enabled-medical-devices
K161834,510(k),2016-11-30,2016,Q4,One Drop Blood Glucose Monitoring System,"AgaMatrix, Inc.",Clinical Chemistry,NBW,1,One Drop Blood Glucose Monitoring System,"Agamatrix, Inc.",2016-07-05,148,SESE,Substantially Equivalent,Special,N,,,,1,"System, Test, Blood Glucose, Over The Counter",2,862.1345,CH,Clinical Chemistry,CH,N,N,N,N,Ineligible,0,0,0,0,,,,0,exact_submission_number_only,2026-07-31,https://www.fda.gov/medical-devices/software-medical-device-samd/artificial-intelligence-enabled-medical-devices
K163138,510(k),2016-11-30,2016,Q4,Clarius Ultrasound System,Clarius Mobile Health Corp.,Radiology,IYN,1,Clarius Ultrasound System,Clarius Mobile Health Corp.,2016-11-09,21,SESE,Substantially Equivalent,Abbreviated,Y,,,,1,"System, Imaging, Pulsed Doppler, Ultrasonic",2,892.1550,RA,Radiology,RA,N,N,N,Y,Eligible,0,0,0,0,,,,0,exact_submission_number_only,2026-07-31,https://www.fda.gov/medical-devices/software-medical-device-samd/artificial-intelligence-enabled-medical-devices
P150043,PMA,2016-11-09,2016,Q4,QVCAD System,"QView Medical, Inc.",Radiology,MYN,1,QVCAD SYSTEM,"Qview Medical, Inc.",2015-11-23,352,APRL,APRL,,,N,,,1,"Analyzer, Medical Image",2,892.2070,RA,Radiology,RA,N,N,N,N,Eligible,0,0,0,0,,,,0,exact_submission_number_only,2026-07-31,https://www.fda.gov/medical-devices/software-medical-device-samd/artificial-intelligence-enabled-medical-devices
K160401,510(k),2016-10-19,2016,Q4,Tyto Stethoscope,Tyto Care Ltd.,Cardiovascular,DQD,1,Tyto Stethoscope,"Tyto Care , Ltd.",2016-02-12,250,SESE,Substantially Equivalent,Traditional,N,,,,1,"Stethoscope, Electronic",2,870.1875,CV,Cardiovascular,CV,N,N,N,Y,Eligible,0,0,0,0,,,,0,exact_submission_number_only,2026-07-31,https://www.fda.gov/medical-devices/software-medical-device-samd/artificial-intelligence-enabled-medical-devices
K161068,510(k),2016-09-22,2016,Q3,Ahead 300,BRAINSCOPE COMPANY INC,Neurology,PIW,1,Ahead 300,"Brainscope Company, Inc.",2016-04-15,160,SESE,Substantially Equivalent,Traditional,N,,,,1,Brain Injury Adjunctive Interpretive Electroencephalograph Assessment Aid,2,882.1450,NE,Neurology,NE,N,N,N,N,Eligible,0,0,0,0,,,,0,exact_submission_number_only,2026-07-31,https://www.fda.gov/medical-devices/software-medical-device-samd/artificial-intelligence-enabled-medical-devices
K161625,510(k),2016-09-19,2016,Q3,PixelShine,ALGOMEDICA,Radiology,LLZ,1,PixelShine,Algomedica,2016-06-13,98,SESE,Substantially Equivalent,Traditional,N,,,,1,"System, Image Processing, Radiological",2,892.2050,RA,Radiology,RA,N,N,N,Y,Eligible,0,0,0,0,,,,0,exact_submission_number_only,2026-07-31,https://www.fda.gov/medical-devices/software-medical-device-samd/artificial-intelligence-enabled-medical-devices
K161201,510(k),2016-09-09,2016,Q3,ClearRead CT,"RIVERAIN TECHNOLOGIES, LLC",Radiology,OEB,1,ClearRead CT,"Riverain Technologies, LLC",2016-04-28,134,SESE,Substantially Equivalent,Traditional,N,,,,1,"Lung Computed Tomography System, Computer-Aided Detection",2,892.2050,RA,Radiology,RA,N,N,N,N,Eligible,0,0,0,0,,,,0,exact_submission_number_only,2026-07-31,https://www.fda.gov/medical-devices/software-medical-device-samd/artificial-intelligence-enabled-medical-devices
K161772,510(k),2016-08-24,2016,Q3,FFRct,"HEARTFLOW, INC.",Cardiovascular,PJA,1,FFRct,"HeartFlow, Inc.",2016-06-28,57,SESE,Substantially Equivalent,Traditional,N,,,,1,Coronary Vascular Physiologic Simulation Software,2,870.1415,CV,Cardiovascular,CV,N,N,N,N,Ineligible,0,0,0,0,,,,0,exact_submission_number_only,2026-07-31,https://www.fda.gov/medical-devices/software-medical-device-samd/artificial-intelligence-enabled-medical-devices
K161148,510(k),2016-08-09,2016,Q3,icobrain,Icometrix,Radiology,LLZ,1,icobrain,Icometrix,2016-04-22,109,SESE,Substantially Equivalent,Traditional,N,,,,1,"System, Image Processing, Radiological",2,892.2050,RA,Radiology,RA,N,N,N,Y,Eligible,0,0,0,0,,,,0,exact_submission_number_only,2026-07-31,https://www.fda.gov/medical-devices/software-medical-device-samd/artificial-intelligence-enabled-medical-devices
K160338,510(k),2016-08-05,2016,Q3,Triton System,GAUSS SURGICAL INC.,General Hospital,PBZ,1,Triton System,"Gauss Surgical, Inc.,",2016-02-08,179,SESE,Substantially Equivalent,Traditional,N,,,,1,Image Processing Device For Estimation Of External Blood Loss,2,880.2750,HO,General Hospital,SU,N,N,N,N,Eligible,0,0,0,0,,,,0,exact_submission_number_only,2026-07-31,https://www.fda.gov/medical-devices/software-medical-device-samd/artificial-intelligence-enabled-medical-devices
K161382,510(k),2016-07-28,2016,Q3,LVivo Software Application,"DIACARDIO, LTD.",Radiology,LLZ,1,LVivo Software Application,"Diacardio, Ltd.",2016-05-18,71,SESE,Substantially Equivalent,Traditional,N,,,,1,"System, Image Processing, Radiological",2,892.2050,RA,Radiology,RA,N,N,N,Y,Eligible,0,0,0,0,,,,0,exact_submission_number_only,2026-07-31,https://www.fda.gov/medical-devices/software-medical-device-samd/artificial-intelligence-enabled-medical-devices
K160016,510(k),2016-07-15,2016,Q3,Steth IO,"STRATOSCIENTIFIC, INC.",Cardiovascular,DQD,1,Steth IO,"Stratoscientific, Inc.",2016-01-05,192,SESE,Substantially Equivalent,Traditional,N,,,,1,"Stethoscope, Electronic",2,870.1875,CV,Cardiovascular,CV,N,N,N,Y,Eligible,0,0,0,0,,,,0,exact_submission_number_only,2026-07-31,https://www.fda.gov/medical-devices/software-medical-device-samd/artificial-intelligence-enabled-medical-devices
K160088,510(k),2016-07-07,2016,Q3,Cydar EV,Cydar Ltd.,Radiology,OWB,1,Cydar EV,"Cydar , Ltd.",2016-01-15,174,SESE,Substantially Equivalent,Traditional,N,,,,1,Interventional Fluoroscopic X-Ray System,2,892.1650,RA,Radiology,RA,N,N,N,Y,Eligible,0,0,0,0,,,,0,exact_submission_number_only,2026-07-31,https://www.fda.gov/medical-devices/software-medical-device-samd/artificial-intelligence-enabled-medical-devices
K153351,510(k),2016-06-17,2016,Q2,Quantib Brain 1,QUANTIB BV,Radiology,LLZ,1,Quantib Brain 1,Quantib B.V.,2015-11-20,210,SESE,Substantially Equivalent,Traditional,N,,,,1,"System, Image Processing, Radiological",2,892.2050,RA,Radiology,RA,N,N,N,Y,Eligible,0,0,0,0,,,,0,exact_submission_number_only,2026-07-31,https://www.fda.gov/medical-devices/software-medical-device-samd/artificial-intelligence-enabled-medical-devices
K152733,510(k),2016-01-13,2016,Q1,FFRct,"HEARTFLOW, INC.",Cardiovascular,PJA,1,FFRct,"HeartFlow, Inc.",2015-09-22,113,SESE,Substantially Equivalent,Traditional,N,,,,1,Coronary Vascular Physiologic Simulation Software,2,870.1415,CV,Cardiovascular,CV,N,N,N,N,Ineligible,0,0,0,0,,,,0,exact_submission_number_only,2026-07-31,https://www.fda.gov/medical-devices/software-medical-device-samd/artificial-intelligence-enabled-medical-devices
K153427,510(k),2016-01-07,2016,Q1,Volpara Imaging Software,Matakina Technology LTD,Radiology,LLZ,1,Volpara Imaging Software,"Matakina Technology, Ltd.",2015-11-25,43,SESE,Substantially Equivalent,Traditional,N,,,,1,"System, Image Processing, Radiological",2,892.2050,RA,Radiology,RA,N,N,N,Y,Eligible,0,0,0,0,,,,0,exact_submission_number_only,2026-07-31,https://www.fda.gov/medical-devices/software-medical-device-samd/artificial-intelligence-enabled-medical-devices
K150817,510(k),2015-12-21,2015,Q4,Dario Blood Glucose Monitoring System,LabStyle Innovations Ltd.,Clinical Chemistry,NBW,1,Dario Blood Glucose Monitoring System,"Labstyle Innovations, Ltd.",2015-03-27,269,SESE,Substantially Equivalent,Traditional,N,,,,1,"System, Test, Blood Glucose, Over The Counter",2,862.1345,CH,Clinical Chemistry,CH,N,N,N,N,Ineligible,1,1,0,1,2019-08-29,2019-08-29,1347.0,1,exact_submission_number_only,2026-07-31,https://www.fda.gov/medical-devices/software-medical-device-samd/artificial-intelligence-enabled-medical-devices
K150102,510(k),2015-11-05,2015,Q4,SnoreSounds,"APPIAN MEDICAL, INC.",Anesthesiology,MNR,1,SnoreSounds,"Appian Medical, Inc.",2015-01-20,289,SESE,Substantially Equivalent,Traditional,N,,,,1,Ventilatory Effort Recorder,2,868.2375,AN,Anesthesiology,AN,N,N,N,Y,Eligible,0,0,0,0,,,,0,exact_submission_number_only,2026-07-31,https://www.fda.gov/medical-devices/software-medical-device-samd/artificial-intelligence-enabled-medical-devices
K142512,510(k),2015-06-11,2015,Q2,Personalized Physiology Analytics Engine software,"VGBio, Inc (DBA PhysIQ)",Cardiovascular,PLB,1,Personalized Physiology Analytics Engine software,"Vgbio, Inc (Dba Physiq)",2014-09-08,276,SESE,Substantially Equivalent,Traditional,N,,,,1,Multivariate Vital Signs Index,2,870.2300,CV,Cardiovascular,CV,N,N,N,N,Eligible,0,0,0,0,,,,0,exact_submission_number_only,2026-07-31,https://www.fda.gov/medical-devices/software-medical-device-samd/artificial-intelligence-enabled-medical-devices
K143643,510(k),2015-05-15,2015,Q2,Brainscope Ahead 200,"BRAINSCOPE COMPANY, INC.",Neurology,PIW,1,Brainscope Ahead 200,"Brainscope Company, Inc.",2014-12-22,144,SESE,Substantially Equivalent,Traditional,N,,,,1,Brain Injury Adjunctive Interpretive Electroencephalograph Assessment Aid,2,882.1450,NE,Neurology,NE,N,N,N,N,Eligible,0,0,0,0,,,,0,exact_submission_number_only,2026-07-31,https://www.fda.gov/medical-devices/software-medical-device-samd/artificial-intelligence-enabled-medical-devices
K142918,510(k),2015-04-24,2015,Q2,EndoTool SubQ,MONARCH MEDICAL TECHNOLOGIES,Anesthesiology,NDC,1,EndoTool SubQ,Monarch Medical Technologies,2014-10-07,199,SESE,Substantially Equivalent,Traditional,N,,,,1,"Calculator, Drug Dose",2,868.1890,AN,Anesthesiology,CH,N,N,N,N,Eligible,0,0,0,0,,,,0,exact_submission_number_only,2026-07-31,https://www.fda.gov/medical-devices/software-medical-device-samd/artificial-intelligence-enabled-medical-devices
K141922,510(k),2015-02-27,2015,Q1,IRIS INTELLIGENT RETINAL IMAGING SYSTEM,"INTELLIGENT RETINAL IMAGING SYSTEMS, LLC",Radiology,NFJ,1,IRIS INTELLIGENT RETINAL IMAGING SYSTEM,"Intelligent Retinal Imaging Systems, LLC",2014-07-16,226,SESE,Substantially Equivalent,Traditional,N,,,,1,"System, Image Management, Ophthalmic",2,892.2050,RA,Radiology,OP,N,N,N,Y,Eligible,0,0,0,0,,,,0,exact_submission_number_only,2026-07-31,https://www.fda.gov/medical-devices/software-medical-device-samd/artificial-intelligence-enabled-medical-devices
DEN140025,De Novo,2014-11-17,2014,Q4,BrainScope Ahead 100,"BRAINSCOPE COMPANY, INC",Neurology,PIW,1,BrainScope Ahead 100,"brainscope company, inc.",2014-08-20,89,DENG,Granted,,,,Direct,N,1,Brain Injury Adjunctive Interpretive Electroencephalograph Assessment Aid,2,882.1450,NE,Neurology,NE,N,N,N,N,Eligible,0,0,0,0,,,,0,exact_submission_number_only,2026-07-31,https://www.fda.gov/medical-devices/software-medical-device-samd/artificial-intelligence-enabled-medical-devices
K142037,510(k),2014-10-10,2014,Q4,QUANTRA,"HOLOGIC, INC.",Radiology,LLZ,1,QUANTRA,"Hologic, Inc.",2014-07-28,74,SESE,Substantially Equivalent,Traditional,N,,,,1,"System, Image Processing, Radiological",2,892.2050,RA,Radiology,RA,N,N,N,Y,Eligible,0,0,0,0,,,,0,exact_submission_number_only,2026-07-31,https://www.fda.gov/medical-devices/software-medical-device-samd/artificial-intelligence-enabled-medical-devices
K141069,510(k),2014-09-17,2014,Q3,Lung Density Analysis,IMBIO LLC,Radiology,JAK,1,Lung Density Analysis,"Imbio, LLC",2014-04-24,146,SESE,Substantially Equivalent,Traditional,N,,,,1,"System, X-Ray, Tomography, Computed",2,892.1750,RA,Radiology,RA,N,N,N,Y,Eligible,0,0,0,0,,,,0,exact_submission_number_only,2026-07-31,https://www.fda.gov/medical-devices/software-medical-device-samd/artificial-intelligence-enabled-medical-devices
K141480,510(k),2014-08-22,2014,Q3,CVI42,CIRCLE CARDIOVASCULAR IMAGING INC,Radiology,LLZ,1,CVI42,"Circle Cardiovascular Imaging, Inc.",2014-06-04,79,SESE,Substantially Equivalent,Traditional,N,,,,1,"System, Image Processing, Radiological",2,892.2050,RA,Radiology,RA,N,N,N,Y,Eligible,0,0,0,0,,,,0,exact_submission_number_only,2026-07-31,https://www.fda.gov/medical-devices/software-medical-device-samd/artificial-intelligence-enabled-medical-devices
K133649,510(k),2014-04-22,2014,Q2,HEPATIC VCAR,GE MEDICAL SYSTEMS SCS,Radiology,JAK,1,HEPATIC VCAR,GE Medical Systems SCS,2013-11-27,146,SESE,Substantially Equivalent,Traditional,N,,,,1,"System, X-Ray, Tomography, Computed",2,892.1750,RA,Radiology,RA,N,N,N,Y,Eligible,0,0,0,0,,,,0,exact_submission_number_only,2026-07-31,https://www.fda.gov/medical-devices/software-medical-device-samd/artificial-intelligence-enabled-medical-devices
K133259,510(k),2014-01-24,2014,Q1,YSIO MAX,"SIEMENS MEDICAL SOLUTIONS USA, INC.",Radiology,KPR,1,YSIO MAX,"Siemens Medical Solutions USA, Inc.",2013-10-23,93,SESE,Substantially Equivalent,Special,N,,,,1,"System, X-Ray, Stationary",2,892.1680,RA,Radiology,RA,N,N,N,Y,Eligible,7,7,0,7,2014-09-02,2020-01-08,221.0,1,exact_submission_number_only,2026-07-31,https://www.fda.gov/medical-devices/software-medical-device-samd/artificial-intelligence-enabled-medical-devices
K130831,510(k),2013-11-21,2013,Q4,MALDI BIOTYPER CA (MBT-CA) SYSTEM,"BRUKER DALTONICS, INC",Microbiology,PEX,1,MALDI BIOTYPER CA (MBT-CA) SYSTEM,"Bruker Daltonics, Inc.",2013-03-26,240,SESE,Substantially Equivalent,Traditional,N,,,,1,"System, Mass Spectrometry, Maldi Tof, Microorganism Identification, Cultured Isolates",2,866.3361,MI,Microbiology,MI,N,N,N,N,Ineligible,0,0,0,0,,,,0,exact_submission_number_only,2026-07-31,https://www.fda.gov/medical-devices/software-medical-device-samd/artificial-intelligence-enabled-medical-devices
K131044,510(k),2013-09-04,2013,Q3,SENSICARDIAC MOBI DIAGNOSTIC HEART MURMUR APPLICATION,DIACOUSTIC MEDICAL DEVICES (PTY) LTD.,Cardiovascular,DQD,1,SENSICARDIAC MOBI DIAGNOSTIC HEART MURMUR APPLICATION,"Diacoustic Medical Devices (Pty) , Ltd.",2013-04-15,142,SESE,Substantially Equivalent,Traditional,N,,,,1,"Stethoscope, Electronic",2,870.1875,CV,Cardiovascular,CV,N,N,N,Y,Eligible,0,0,0,0,,,,0,exact_submission_number_only,2026-07-31,https://www.fda.gov/medical-devices/software-medical-device-samd/artificial-intelligence-enabled-medical-devices
DEN130013,De Novo,2013-08-21,2013,Q3,VITEK MS,"BIOMERIEUX, INC.",Microbiology,PEX,1,VITEK MS,"biomerieux, inc.",2013-01-02,231,DENG,Granted,,,,Direct,N,1,"System, Mass Spectrometry, Maldi Tof, Microorganism Identification, Cultured Isolates",2,866.3361,MI,Microbiology,MI,N,N,N,N,Ineligible,0,0,0,0,,,,0,exact_submission_number_only,2026-07-31,https://www.fda.gov/medical-devices/software-medical-device-samd/artificial-intelligence-enabled-medical-devices
K120771,510(k),2013-03-22,2013,Q1,UNICEL DXH 800 COULTER CELLULAR ANALYSIS SYSTEM,"BECKMAN COULTER, INC.",Hematology,GKZ,1,UNICEL DXH 800 COULTER CELLULAR ANALYSIS SYSTEM,"Beckman Coulter, Inc.",2012-03-14,373,SESE,Substantially Equivalent,Abbreviated,N,,,,1,"Counter, Differential Cell",2,864.5220,HE,Hematology,HE,N,N,N,N,Ineligible,11,7,1,10,2013-09-24,2025-08-13,186.0,1,exact_submission_number_only,2026-07-31,https://www.fda.gov/medical-devices/software-medical-device-samd/artificial-intelligence-enabled-medical-devices
K123526,510(k),2012-12-27,2012,Q4,CLEARREAD +CONFIRM,RIVERAIN TECHNOLOGIES,Radiology,LLZ,1,CLEARREAD +CONFIRM,Riverain Technologies,2012-11-15,42,SESE,Substantially Equivalent,Traditional,N,,,,1,"System, Image Processing, Radiological",2,892.2050,RA,Radiology,RA,N,N,N,Y,Eligible,0,0,0,0,,,,0,exact_submission_number_only,2026-07-31,https://www.fda.gov/medical-devices/software-medical-device-samd/artificial-intelligence-enabled-medical-devices
P110014,PMA,2012-12-27,2012,Q4,DUNE MEDICAL DEVICES MARGINPROBE SYSTEM,"Dilon Medical Technologies, Ltd.",General and Plastic Surgery,OEE,1,DUNE MEDICAL DEVICES MARGINPROBE SYSTEM,"Dilon Medical Technologies, Ltd.",2011-04-04,633,APPR,Approved,,,Y,,,1,Diagnostic Low Electric Field,3,,,Unknown,SU,N,N,N,N,Eligible,0,0,0,0,,,,0,exact_submission_number_only,2026-07-31,https://www.fda.gov/medical-devices/software-medical-device-samd/artificial-intelligence-enabled-medical-devices
K121617,510(k),2012-07-27,2012,Q3,SENSICARDIAC,DIACOUSTIC MEDICAL (PTY),Cardiovascular,DQD,1,SENSICARDIAC,Diacoustic Medical (Pty),2012-06-01,56,SESE,Substantially Equivalent,Traditional,N,,,,1,"Stethoscope, Electronic",2,870.1875,CV,Cardiovascular,CV,N,N,N,Y,Eligible,0,0,0,0,,,,0,exact_submission_number_only,2026-07-31,https://www.fda.gov/medical-devices/software-medical-device-samd/artificial-intelligence-enabled-medical-devices
K120489,510(k),2012-05-17,2012,Q2,TISSUE OF ORIGIN TEST KIT FFPE,"PATHWORK DIAGNOSTICS, INC.",Clinical Toxcicology,OIW,1,TISSUE OF ORIGIN TEST KIT FFPE,"Pathwork Diagnostics, Inc.",2012-02-17,90,SESE,Substantially Equivalent,Traditional,N,,,,1,"Software, Similarity Score Algorithm, Tissue Of Origin For Malignant Tumor Types",2,862.3100,TX,Clinical Toxicology,TX,N,N,N,Y,Eligible,0,0,0,0,,,,0,exact_submission_number_only,2026-07-31,https://www.fda.gov/medical-devices/software-medical-device-samd/artificial-intelligence-enabled-medical-devices
K120161,510(k),2012-04-13,2012,Q2,ALPHAPOINT IMAGING SOFTWARE,"RADLOGICS, INC.",Radiology,LLZ,1,ALPHAPOINT IMAGING SOFTWARE,"Radlogics, Inc.",2012-01-19,85,SESE,Substantially Equivalent,Traditional,Y,,,,1,"System, Image Processing, Radiological",2,892.2050,RA,Radiology,RA,N,N,N,Y,Eligible,0,0,0,0,,,,0,exact_submission_number_only,2026-07-31,https://www.fda.gov/medical-devices/software-medical-device-samd/artificial-intelligence-enabled-medical-devices
K111776,510(k),2011-12-28,2011,Q4,DELTAVIEW MODEL 2.1,"RIVERAIN MEDICAL GROUP,LLC",Radiology,LLZ,1,DELTAVIEW MODEL 2.1,"Riverain Medical Group,Llc",2011-06-23,188,SESE,Substantially Equivalent,Traditional,N,,,,1,"System, Image Processing, Radiological",2,892.2050,RA,Radiology,RA,N,N,N,Y,Eligible,0,0,0,0,,,,0,exact_submission_number_only,2026-07-31,https://www.fda.gov/medical-devices/software-medical-device-samd/artificial-intelligence-enabled-medical-devices
P090012,PMA,2011-11-01,2011,Q4,MELAFIND,"STRATA SKIN SCIENCES, INC.",General and Plastic Surgery,OYD,1,MELAFIND,"Strata Skin Sciences, Inc.",2009-06-03,881,APRL,APRL,,,Y,,,1,Optical Diagnostic Device For Melanoma Detection,2,878.1820,SU,"General, Plastic Surgery",SU,N,N,N,N,Eligible,1,1,0,1,2015-04-02,2015-04-02,1248.0,1,exact_submission_number_only,2026-07-31,https://www.fda.gov/medical-devices/software-medical-device-samd/artificial-intelligence-enabled-medical-devices
K102778,510(k),2011-09-16,2011,Q3,CELLAVISION DM1200 WITH THE BODY FLUID APPLICTION,CELLAVISION AB,Hematology,JOY,1,CELLAVISION DM1200 WITH THE BODY FLUID APPLICTION,CellaVision AB,2010-09-24,357,SESE,Substantially Equivalent,Traditional,N,,,,1,"Device, Automated Cell-Locating",2,864.5260,HE,Hematology,HE,N,N,N,Y,Eligible,0,0,0,0,,,,0,exact_submission_number_only,2026-07-31,https://www.fda.gov/medical-devices/software-medical-device-samd/artificial-intelligence-enabled-medical-devices
K092967,510(k),2010-06-08,2010,Q2,PATHWORK TISSUE OF ORIGIN TEST KIT-FFPE (ORIGIN TEST KIT-FFPE,PATHWORK DIAGNOSTICS,Clinical Toxcicology,OIW,1,PATHWORK TISSUE OF ORIGIN TEST KIT-FFPE (ORIGIN TEST KIT-FFPE,Pathwork Diagnostics,2009-09-25,256,SESE,Substantially Equivalent,Traditional,N,,,,1,"Software, Similarity Score Algorithm, Tissue Of Origin For Malignant Tumor Types",2,862.3100,TX,Clinical Toxicology,TX,N,N,N,Y,Eligible,0,0,0,0,,,,0,exact_submission_number_only,2026-07-31,https://www.fda.gov/medical-devices/software-medical-device-samd/artificial-intelligence-enabled-medical-devices
K092116,510(k),2010-05-12,2010,Q2,EASYCELL CELL LOCATOR,MEDICA CORP.,Hematology,JOY,1,EASYCELL CELL LOCATOR,Medica Corp.,2009-07-14,302,SESE,Substantially Equivalent,Traditional,N,,,,1,"Device, Automated Cell-Locating",2,864.5260,HE,Hematology,HE,N,N,N,Y,Eligible,0,0,0,0,,,,0,exact_submission_number_only,2026-07-31,https://www.fda.gov/medical-devices/software-medical-device-samd/artificial-intelligence-enabled-medical-devices
K080595,510(k),2008-12-05,2008,Q4,CELLAVISION DM96 WITH THE BODY FLUID APPLICATION,CELLAVISION AB,Hematology,JOY,1,CELLAVISION DM96 WITH THE BODY FLUID APPLICATION,CellaVision AB,2008-03-03,277,SESE,Substantially Equivalent,Traditional,N,,,,1,"Device, Automated Cell-Locating",2,864.5260,HE,Hematology,HE,N,N,N,Y,Eligible,0,0,0,0,,,,0,exact_submission_number_only,2026-07-31,https://www.fda.gov/medical-devices/software-medical-device-samd/artificial-intelligence-enabled-medical-devices
K082483,510(k),2008-09-12,2008,Q3,QUANTRA,"HOLOGIC, INC.",Radiology,LLZ,1,QUANTRA,"Hologic, Inc.",2008-08-28,15,SESE,Substantially Equivalent,Traditional,Y,,,,1,"System, Image Processing, Radiological",2,892.2050,RA,Radiology,RA,N,N,N,Y,Eligible,0,0,0,0,,,,0,exact_submission_number_only,2026-07-31,https://www.fda.gov/medical-devices/software-medical-device-samd/artificial-intelligence-enabled-medical-devices
K080896,510(k),2008-07-30,2008,Q3,PATHWORK DIAGNOSTICS TISSUE OF ORIGIN TEST,"PATHWORK DIAGNOSTICS, INC.",Clinical Toxcicology,OIW,1,PATHWORK DIAGNOSTICS TISSUE OF ORIGIN TEST,"Pathwork Diagnostics, Inc.",2008-03-31,121,SESU,Unknown,Traditional,N,,,,1,"Software, Similarity Score Algorithm, Tissue Of Origin For Malignant Tumor Types",2,862.3100,TX,Clinical Toxicology,TX,N,N,N,Y,Eligible,0,0,0,0,,,,0,exact_submission_number_only,2026-07-31,https://www.fda.gov/medical-devices/software-medical-device-samd/artificial-intelligence-enabled-medical-devices
K081140,510(k),2008-07-17,2008,Q3,VISENSIA,OBS MEDICAL,Cardiovascular,MHX,1,VISENSIA,Obs Medical,2008-04-22,86,SESE,Substantially Equivalent,Traditional,N,,,,1,"Monitor, Physiological, Patient(With Arrhythmia Detection Or Alarms)",2,870.1025,CV,Cardiovascular,CV,N,N,N,N,Eligible,0,0,0,0,,,,0,exact_submission_number_only,2026-07-31,https://www.fda.gov/medical-devices/software-medical-device-samd/artificial-intelligence-enabled-medical-devices
K080762,510(k),2008-05-15,2008,Q2,"IB NEURO, VERSION 1.0","IMAGING BIOMETRICS, LLC",Radiology,LNH,1,"IB NEURO, VERSION 1.0","Imaging Biometrics, LLC",2008-03-18,58,SESE,Substantially Equivalent,Traditional,N,,,,1,"System, Nuclear Magnetic Resonance Imaging",2,892.1000,RA,Radiology,RA,N,N,N,Y,Eligible,0,0,0,0,,,,0,exact_submission_number_only,2026-07-31,https://www.fda.gov/medical-devices/software-medical-device-samd/artificial-intelligence-enabled-medical-devices
P040028,PMA,2006-03-16,2006,Q1,LUMA CERVICAL IMAGING SYSTEM,SPECTRA SCIENCE,Obstetrics and Gynecology,MWM,1,LUMA CERVICAL IMAGING SYSTEM,Spectra Science,2004-06-18,636,APWD,APWD,,,Y,,,1,"Sensor, Electro-Optical (For Cervical Cancer)",3,,,Unknown,OB,N,N,N,N,Ineligible,1,1,0,1,2007-05-15,2007-05-15,425.0,1,exact_submission_number_only,2026-07-31,https://www.fda.gov/medical-devices/software-medical-device-samd/artificial-intelligence-enabled-medical-devices
K043341,510(k),2005-10-27,2005,Q4,BIOPLEX 2200 ANA SCREEN WITH MEDICAL DECISION SUPPORT SOFTWARE FOR USE WITH BIOPLEX 2200 MULTI-ANALYTE DETECTION SYSTEM,"BIO-RAD LABORATORIES, INC.",Clinical Toxcicology,NVI,1,BIOPLEX 2200 ANA SCREEN WITH MEDICAL DECISION SUPPORT SOFTWARE FOR USE WITH BIOPLEX 2200 MULTI-ANALYTE DETECTION SYSTEM,"Bio-Rad Laboratories, Inc.",2004-12-03,328,SESE,Substantially Equivalent,Traditional,N,,,,1,"Diagnostic Software, K-Nearest Neighbor Algorithm, Autoimmune Disease",2,862.3100,TX,Clinical Toxicology,IM,N,N,N,Y,Eligible,2,2,0,2,2007-11-13,2007-11-13,747.0,1,exact_submission_number_only,2026-07-31,https://www.fda.gov/medical-devices/software-medical-device-samd/artificial-intelligence-enabled-medical-devices
K033840,510(k),2004-02-10,2004,Q1,CELLAVISION DM96 AUTOMATIC HEMATOLOGY ANALYZER,CELLAVISION AB,Hematology,JOY,1,CELLAVISION DM96 AUTOMATIC HEMATOLOGY ANALYZER,CellaVision AB,2003-12-10,62,SESE,Substantially Equivalent,Traditional,N,,,,1,"Device, Automated Cell-Locating",2,864.5260,HE,Hematology,HE,N,N,N,Y,Eligible,1,1,1,0,2017-12-04,2017-12-04,5046.0,1,exact_submission_number_only,2026-07-31,https://www.fda.gov/medical-devices/software-medical-device-samd/artificial-intelligence-enabled-medical-devices
P010034,PMA,2002-01-31,2002,Q1,SECOND LOOK ™,"ICAD, INC.",Radiology,MYN,1,SECOND LOOK (TM),"Icad, Inc.",2001-06-11,234,APWD,APWD,,,N,,,1,"Analyzer, Medical Image",2,892.2070,RA,Radiology,RA,N,N,N,N,Eligible,0,0,0,0,,,,0,exact_submission_number_only,2026-07-31,https://www.fda.gov/medical-devices/software-medical-device-samd/artificial-intelligence-enabled-medical-devices
P000041,PMA,2001-07-12,2001,Q3,RAPIDSCREEN RS-2000,RIVERAIN MEDICAL GROUP,Radiology,MYN,1,RAPIDSCREEN RS-2000,Riverain Medical Group,2000-10-10,275,APRL,APRL,,,Y,,,1,"Analyzer, Medical Image",2,892.2070,RA,Radiology,RA,N,N,N,N,Eligible,0,0,0,0,,,,0,exact_submission_number_only,2026-07-31,https://www.fda.gov/medical-devices/software-medical-device-samd/artificial-intelligence-enabled-medical-devices
K003301,510(k),2001-03-15,2001,Q1,DIFFMASTER OCTAVIA AUTOMATIC HEMATOLOGY ANALYZER,CELLAVISION AB,Hematology,JOY,1,DIFFMASTER OCTAVIA AUTOMATIC HEMATOLOGY ANALYZER,CellaVision AB,2000-10-20,146,SESE,Substantially Equivalent,Traditional,N,,,,1,"Device, Automated Cell-Locating",2,864.5260,HE,Hematology,HE,N,N,N,Y,Eligible,0,0,0,0,,,,0,exact_submission_number_only,2026-07-31,https://www.fda.gov/medical-devices/software-medical-device-samd/artificial-intelligence-enabled-medical-devices
P980025,PMA,1998-09-02,1998,Q3,LOGICON CARIES DETECTOR,CARESTREAM DENTAL LLC,Radiology,MYN,1,LOGICON CARIES DETECTOR,"Carestream Dental, LLC",1998-06-18,76,APRL,APRL,,,N,,,1,"Analyzer, Medical Image",2,892.2070,RA,Radiology,RA,N,N,N,N,Eligible,1,1,0,1,2015-04-06,2015-04-06,6060.0,1,exact_submission_number_only,2026-07-31,https://www.fda.gov/medical-devices/software-medical-device-samd/artificial-intelligence-enabled-medical-devices
P970058,PMA,1998-06-26,1998,Q2,M1000 IMAGECHECKER,"Hologic, Inc.",Radiology,MYN,1,M1000 IMAGECHECKER,"Hologic, Inc.",1997-12-16,192,APRL,APRL,,,N,,,1,"Analyzer, Medical Image",2,892.2070,RA,Radiology,RA,N,N,N,N,Eligible,0,0,0,0,,,,0,exact_submission_number_only,2026-07-31,https://www.fda.gov/medical-devices/software-medical-device-samd/artificial-intelligence-enabled-medical-devices
K955841,510(k),1997-03-11,1997,Q1,SLEEP SYSTEM FOR CLINICS & RESEARCH,COMPUMEDICS PTD LTD.,Anesthesiology,MNR,1,SLEEP SYSTEM FOR CLINICS & RESEARCH,"Compumedics Ptd , Ltd.",1995-12-22,445,SESK,Unknown,Traditional,N,,,,1,Ventilatory Effort Recorder,2,868.2375,AN,Anesthesiology,AN,N,N,N,Y,Eligible,0,0,0,0,,,,0,exact_submission_number_only,2026-07-31,https://www.fda.gov/medical-devices/software-medical-device-samd/artificial-intelligence-enabled-medical-devices
P940029,PMA,1995-11-08,1995,Q4,PAPNET Testing System,"Neuromedical Systems, Inc.",Pathology,MNM,1,PAPNET (R) TESTING SYSTEM,Bd Diagnostics,1994-09-21,413,APWD,APWD,,,N,,,1,"Reader, Cervical Cytology Slide, Automated",3,,,Unknown,PA,N,N,N,N,Ineligible,0,0,0,0,,,,0,exact_submission_number_only,2026-07-31,https://www.fda.gov/medical-devices/software-medical-device-samd/artificial-intelligence-enabled-medical-devices
P950009,PMA,1995-09-29,1995,Q3,AUTOPAP(R) 300 QC AUTOMATIC PAP SCREENER/QC SYSTEM,BD DIAGNOSTICS,Pathology,NMN,1,AUTOPAP(R) 300 QC AUTOMATIC PAP SCREENER/QC SYSTEM,Bd Diagnostics,1995-02-24,217,APPR,Approved,,,N,,,1,"Instrument, Clip, Forming/Cutting, Reprocessed",1,882.4190,NE,Neurology,NE,N,N,N,Y,Ineligible,1,1,0,1,2018-09-21,2018-09-21,8393.0,1,exact_submission_number_only,2026-07-31,https://www.fda.gov/medical-devices/software-medical-device-samd/artificial-intelligence-enabled-medical-devices
